hotel,is_canceled,lead_time,arrival_date_week_number,arrival_date_day_of_month,stays_in_weekend_nights,stays_in_week_nights,adults,children,babies,meal,market_segment,distribution_channel,is_repeated_guest,previous_cancellations,previous_bookings_not_canceled,booking_changes,days_in_waiting_list,customer_type,adr,required_car_parking_spaces,total_of_special_requests,arrival_date_month_num,arrival_date,room_assignment_changed,total_stay_nights,total_people,is_adr_0,Agent_check,foreigner,arrival_weekday,customer_name,status
Resort Hotel,1,122,31,1,0,1,2,0.0,0,BB,Online TA,TA/TO,0,0,0,0,0,Transient,209.0,0,0,08,2017-08-01,0,1,2.0,0,1,1,1,Guest_0001,Expected
Resort Hotel,1,78,31,1,0,3,2,0.0,0,BB,Online TA,TA/TO,0,0,0,0,0,Transient,230.0,0,1,08,2017-08-01,0,3,2.0,0,1,1,1,Guest_0002,Expected
Resort Hotel,1,67,31,1,0,4,1,0.0,0,BB,Online TA,TA/TO,0,0,0,0,0,Transient,188.6,0,1,08,2017-08-01,0,4,1.0,0,1,0,1,Guest_0003,Expected
Resort Hotel,1,69,31,1,0,4,2,0.0,0,BB,Online TA,TA/TO,0,0,0,0,0,Transient,230.0,0,1,08,2017-08-01,0,4,2.0,0,1,0,1,Guest_0004,Expected
Resort Hotel,1,198,31,1,0,4,2,0.0,0,BB,Online TA,TA/TO,0,0,0,0,0,Transient,157.31,0,0,08,2017-08-01,0,4,2.0,0,1,1,1,Guest_0005,Expected
Resort Hotel,1,98,31,1,0,4,2,0.0,0,BB,Online TA,TA/TO,0,0,0,0,0,Transient,230.0,0,1,08,2017-08-01,0,4,2.0,0,1,1,1,Guest_0006,Expected
Resort Hotel,1,159,31,1,0,4,2,0.0,0,BB,Online TA,TA/TO,0,0,0,0,0,Transient,218.0,0,1,08,2017-08-01,0,4,2.0,0,1,1,1,Guest_0007,Expected
Resort Hotel,1,298,31,1,0,5,2,0.0,0,HB,Online TA,TA/TO,0,0,0,0,0,Transient,167.18,0,2,08,2017-08-01,0,5,2.0,0,1,1,1,Guest_0008,Expected
Resort Hotel,1,298,31,1,0,5,3,0.0,0,HB,Online TA,TA/TO,0,0,0,1,0,Transient,218.18,0,3,08,2017-08-01,0,5,3.0,0,1,1,1,Guest_0009,Expected
Resort Hotel,1,334,31,1,0,5,2,0.0,0,BB,Online TA,TA/TO,0,0,0,0,0,Transient,156.6,0,0,08,2017-08-01,0,5,2.0,0,1,0,1,Guest_0010,Expected
Resort Hotel,1,334,31,1,1,5,2,0.0,0,BB,Online TA,TA/TO,0,0,0,0,0,Transient,156.6,0,0,08,2017-08-01,0,6,2.0,0,1,0,1,Guest_0011,Expected
Resort Hotel,1,195,31,1,1,5,2,0.0,0,HB,Online TA,TA/TO,0,0,0,0,0,Transient,231.0,0,0,08,2017-08-01,0,6,2.0,0,1,1,1,Guest_0012,Expected
Resort Hotel,1,181,31,1,1,5,2,0.0,0,BB,Online TA,TA/TO,0,0,0,0,0,Transient,166.67,0,1,08,2017-08-01,0,6,2.0,0,1,1,1,Guest_0013,Expected
Resort Hotel,1,176,31,1,2,5,2,2.0,0,BB,Online TA,TA/TO,0,0,0,0,0,Transient,150.17,0,0,08,2017-08-01,0,7,4.0,0,1,0,1,Guest_0014,Expected
Resort Hotel,1,136,31,1,2,5,3,1.0,0,BB,Online TA,TA/TO,0,0,0,0,0,Transient,301.43,0,0,08,2017-08-01,0,7,4.0,0,1,1,1,Guest_0015,Expected
Resort Hotel,1,28,31,1,2,5,3,0.0,0,HB,Online TA,TA/TO,0,0,0,0,0,Transient,258.27,0,1,08,2017-08-01,0,7,3.0,0,1,0,1,Guest_0016,Expected
Resort Hotel,1,242,31,1,2,5,2,0.0,0,BB,Online TA,TA/TO,0,0,0,0,0,Transient,153.75,0,0,08,2017-08-01,0,7,2.0,0,1,1,1,Guest_0017,Expected
Resort Hotel,1,27,31,1,2,5,2,0.0,0,BB,Online TA,TA/TO,0,0,0,0,0,Transient,215.71,0,1,08,2017-08-01,0,7,2.0,0,1,1,1,Guest_0018,Expected
Resort Hotel,1,215,31,1,2,5,2,2.0,0,BB,Online TA,TA/TO,0,0,0,0,0,Transient,145.44,0,0,08,2017-08-01,0,7,4.0,0,1,0,1,Guest_0019,Expected
Resort Hotel,1,176,31,1,2,5,2,0.0,0,BB,Offline TA/TO,TA/TO,0,0,0,0,0,Transient,134.86,0,0,08,2017-08-01,0,7,2.0,0,1,0,1,Guest_0020,Expected
Resort Hotel,1,162,31,1,2,5,2,1.0,0,FB,Offline TA/TO,TA/TO,0,0,0,1,0,Transient,242.25,0,0,08,2017-08-01,0,7,3.0,0,1,0,1,Guest_0021,Expected
Resort Hotel,1,28,31,1,2,5,2,2.0,0,BB,Online TA,TA/TO,0,0,0,0,0,Transient,315.71,0,0,08,2017-08-01,0,7,4.0,0,1,1,1,Guest_0022,Expected
Resort Hotel,1,81,31,1,2,7,3,0.0,0,HB,Online TA,TA/TO,0,0,0,0,0,Transient,244.72,0,1,08,2017-08-01,0,9,3.0,0,1,0,1,Guest_0023,Expected
Resort Hotel,1,328,31,1,2,9,2,0.0,0,BB,Online TA,TA/TO,0,0,0,0,0,Transient,156.6,0,0,08,2017-08-01,0,11,2.0,0,1,1,1,Guest_0024,Expected
Resort Hotel,1,203,31,1,4,10,2,0.0,0,BB,Offline TA/TO,TA/TO,0,0,0,0,0,Transient,126.9,0,0,08,2017-08-01,0,14,2.0,0,1,0,1,Guest_0025,Expected
Resort Hotel,1,358,31,1,4,10,2,0.0,0,HB,Online TA,TA/TO,0,0,0,0,0,Transient,190.96,0,2,08,2017-08-01,0,14,2.0,0,1,0,1,Guest_0026,Expected
Resort Hotel,1,352,31,1,4,10,2,0.0,0,HB,Online TA,TA/TO,0,0,0,0,0,Transient,190.96,0,1,08,2017-08-01,0,14,2.0,0,1,0,1,Guest_0027,Expected
Resort Hotel,1,378,31,1,4,10,2,0.0,0,BB,Online TA,TA/TO,0,0,0,0,0,Transient,450.0,0,0,08,2017-08-01,0,14,2.0,0,1,0,1,Guest_0028,Expected
Resort Hotel,1,300,31,2,0,3,2,2.0,0,BB,Online TA,TA/TO,0,0,0,0,0,Transient,202.92,0,0,08,2017-08-02,0,3,4.0,0,1,0,2,Guest_0029,Expected
Resort Hotel,1,15,31,2,0,4,2,2.0,0,BB,Online TA,TA/TO,0,0,0,0,0,Transient,264.0,0,1,08,2017-08-02,0,4,4.0,0,1,0,2,Guest_0030,Expected
Resort Hotel,1,205,31,2,1,4,2,2.0,0,HB,Online TA,TA/TO,0,0,0,0,0,Transient,300.4,0,2,08,2017-08-02,0,5,4.0,0,1,0,2,Guest_0031,Expected
Resort Hotel,1,205,31,2,1,4,2,2.0,0,HB,Online TA,TA/TO,0,0,0,0,0,Transient,300.4,0,2,08,2017-08-02,0,5,4.0,0,1,0,2,Guest_0032,Expected
Resort Hotel,1,231,31,2,2,4,2,1.0,0,BB,Online TA,TA/TO,0,0,0,0,0,Transient,183.33,0,1,08,2017-08-02,0,6,3.0,0,1,1,2,Guest_0033,Expected
Resort Hotel,1,231,31,2,2,4,2,1.0,0,BB,Online TA,TA/TO,0,0,0,0,0,Transient,183.33,0,2,08,2017-08-02,0,6,3.0,0,1,1,2,Guest_0034,Expected
Resort Hotel,1,231,31,2,2,4,2,0.0,0,BB,Online TA,TA/TO,0,0,0,0,0,Transient,253.33,0,1,08,2017-08-02,0,6,2.0,0,1,1,2,Guest_0035,Expected
Resort Hotel,1,248,31,2,2,5,2,0.0,0,FB,Direct,Direct,0,0,0,1,0,Transient,179.77,0,0,08,2017-08-02,0,7,2.0,0,1,0,2,Guest_0036,Expected
Resort Hotel,1,310,31,2,2,6,2,1.0,0,HB,Online TA,TA/TO,0,0,0,0,0,Transient,148.74,0,0,08,2017-08-02,0,8,3.0,0,1,0,2,Guest_0037,Expected
Resort Hotel,1,78,31,2,2,8,2,1.0,0,HB,Online TA,TA/TO,0,0,0,0,0,Transient,241.6,0,2,08,2017-08-02,0,10,3.0,0,1,0,2,Guest_0038,Expected
Resort Hotel,1,187,31,2,2,8,2,0.0,0,FB,Offline TA/TO,TA/TO,0,0,0,0,0,Transient,193.1,0,0,08,2017-08-02,0,10,2.0,0,1,0,2,Guest_0039,Expected
Resort Hotel,1,188,31,2,2,8,2,0.0,0,BB,Online TA,TA/TO,0,0,0,0,0,Transient,188.0,0,1,08,2017-08-02,0,10,2.0,0,1,0,2,Guest_0040,Expected
Resort Hotel,1,76,31,2,2,8,3,0.0,0,HB,Offline TA/TO,TA/TO,0,0,0,0,0,Transient,257.34,0,0,08,2017-08-02,0,10,3.0,0,1,0,2,Guest_0041,Expected
Resort Hotel,1,213,31,2,2,8,2,0.0,0,BB,Online TA,TA/TO,0,0,0,0,0,Transient,165.15,0,2,08,2017-08-02,0,10,2.0,0,1,1,2,Guest_0042,Expected
Resort Hotel,1,187,31,2,4,10,2,0.0,0,BB,Online TA,TA/TO,0,0,0,0,0,Transient,168.57,0,0,08,2017-08-02,0,14,2.0,0,1,1,2,Guest_0043,Expected
Resort Hotel,1,101,31,3,0,2,2,0.0,0,BB,Direct,Direct,0,0,0,0,0,Transient,213.75,0,0,08,2017-08-03,0,2,2.0,0,1,0,3,Guest_0044,Expected
Resort Hotel,1,15,31,3,0,2,2,0.0,0,BB,Online TA,TA/TO,0,0,0,0,0,Transient,229.0,0,1,08,2017-08-03,0,2,2.0,0,1,1,3,Guest_0045,Expected
Resort Hotel,1,28,31,3,0,2,2,0.0,0,BB,Online TA,TA/TO,0,0,0,3,0,Transient,205.0,0,1,08,2017-08-03,0,2,2.0,0,1,1,3,Guest_0046,Expected
Resort Hotel,1,28,31,3,0,2,2,0.0,0,BB,Online TA,TA/TO,0,0,0,3,0,Transient,205.0,0,1,08,2017-08-03,0,2,2.0,0,1,1,3,Guest_0047,Expected
Resort Hotel,1,28,31,3,0,2,2,0.0,0,BB,Online TA,TA/TO,0,0,0,0,0,Transient,225.0,0,0,08,2017-08-03,0,2,2.0,0,1,1,3,Guest_0048,Expected
Resort Hotel,1,28,31,3,0,2,2,0.0,0,BB,Online TA,TA/TO,0,0,0,3,0,Transient,205.0,0,1,08,2017-08-03,0,2,2.0,0,1,1,3,Guest_0049,Expected
Resort Hotel,1,28,31,3,0,2,2,0.0,0,BB,Online TA,TA/TO,0,0,0,3,0,Transient,205.0,0,1,08,2017-08-03,0,2,2.0,0,1,1,3,Guest_0050,Expected
Resort Hotel,1,28,31,3,0,2,2,0.0,0,BB,Online TA,TA/TO,0,0,0,3,0,Transient,205.0,0,1,08,2017-08-03,0,2,2.0,0,1,1,3,Guest_0051,Expected
Resort Hotel,1,101,31,3,0,2,2,0.0,0,BB,Direct,Direct,0,0,0,0,0,Transient,213.75,0,0,08,2017-08-03,0,2,2.0,0,1,0,3,Guest_0052,Expected
Resort Hotel,1,28,31,3,0,2,2,0.0,0,BB,Online TA,TA/TO,0,0,0,3,0,Transient,205.0,0,1,08,2017-08-03,0,2,2.0,0,1,1,3,Guest_0053,Expected
Resort Hotel,1,195,31,3,0,3,2,0.0,0,BB,Online TA,TA/TO,0,0,0,0,0,Transient,183.33,0,1,08,2017-08-03,0,3,2.0,0,1,1,3,Guest_0054,Expected
Resort Hotel,1,17,31,3,0,3,2,0.0,0,BB,Online TA,TA/TO,0,0,0,0,0,Transient,215.67,0,3,08,2017-08-03,0,3,2.0,0,1,1,3,Guest_0055,Expected
Resort Hotel,1,43,31,3,0,3,2,0.0,0,BB,Online TA,TA/TO,0,0,0,0,0,Transient,213.33,0,1,08,2017-08-03,0,3,2.0,0,1,1,3,Guest_0056,Expected
Resort Hotel,1,22,31,3,1,3,2,1.0,0,BB,Direct,Direct,0,0,0,0,0,Transient,266.0,0,2,08,2017-08-03,0,4,3.0,0,0,0,3,Guest_0057,Expected
Resort Hotel,1,246,31,3,2,4,2,0.0,0,BB,Online TA,TA/TO,0,0,0,0,0,Transient,153.75,0,0,08,2017-08-03,0,6,2.0,0,1,1,3,Guest_0058,Expected
Resort Hotel,1,246,31,3,2,4,2,0.0,0,BB,Online TA,TA/TO,0,0,0,0,0,Transient,153.75,0,0,08,2017-08-03,0,6,2.0,0,1,1,3,Guest_0059,Expected
Resort Hotel,1,246,31,3,2,4,2,0.0,0,BB,Online TA,TA/TO,0,0,0,0,0,Transient,153.75,0,0,08,2017-08-03,0,6,2.0,0,1,1,3,Guest_0060,Expected
Resort Hotel,1,153,31,3,2,5,2,2.0,0,HB,Online TA,TA/TO,0,0,0,0,0,Transient,282.29,0,0,08,2017-08-03,0,7,4.0,0,1,0,3,Guest_0061,Expected
Resort Hotel,1,273,31,3,2,5,2,0.0,0,BB,Online TA,TA/TO,0,0,0,0,0,Transient,172.8,0,0,08,2017-08-03,0,7,2.0,0,1,1,3,Guest_0062,Expected
Resort Hotel,1,296,31,3,2,5,2,0.0,0,HB,Online TA,TA/TO,0,0,0,0,0,Transient,167.18,0,2,08,2017-08-03,0,7,2.0,0,1,1,3,Guest_0063,Expected
Resort Hotel,1,104,31,3,2,6,2,0.0,0,BB,Online TA,TA/TO,0,0,0,0,0,Transient,230.0,0,2,08,2017-08-03,0,8,2.0,0,1,1,3,Guest_0064,Expected
Resort Hotel,1,178,31,3,2,8,2,0.0,0,Undefined,Offline TA/TO,TA/TO,0,0,0,0,0,Transient,175.5,0,0,08,2017-08-03,0,10,2.0,0,1,0,3,Guest_0065,Expected
Resort Hotel,1,83,31,3,3,8,2,0.0,0,BB,Online TA,TA/TO,0,0,0,0,0,Transient,250.0,0,1,08,2017-08-03,0,11,2.0,0,1,0,3,Guest_0066,Expected
Resort Hotel,1,83,31,3,3,8,2,0.0,0,BB,Online TA,TA/TO,0,0,0,0,0,Transient,270.0,0,1,08,2017-08-03,0,11,2.0,0,1,0,3,Guest_0067,Expected
Resort Hotel,1,29,31,4,0,1,2,0.0,0,BB,Online TA,TA/TO,0,0,0,0,0,Transient,205.0,0,2,08,2017-08-04,1,1,2.0,0,1,1,4,Guest_0068,Expected
Resort Hotel,1,304,31,4,0,2,2,0.0,0,HB,Online TA,TA/TO,0,0,0,0,0,Transient,167.18,0,1,08,2017-08-04,0,2,2.0,0,1,1,4,Guest_0069,Expected
Resort Hotel,1,304,31,4,0,2,2,0.0,0,HB,Online TA,TA/TO,0,0,0,0,0,Transient,167.18,0,2,08,2017-08-04,0,2,2.0,0,1,1,4,Guest_0070,Expected
Resort Hotel,1,28,31,4,0,2,2,0.0,0,HB,Online TA,TA/TO,0,0,0,0,0,Transient,269.5,0,1,08,2017-08-04,0,2,2.0,0,1,1,4,Guest_0071,Expected
Resort Hotel,1,42,31,4,0,2,2,0.0,0,BB,Direct,Direct,0,0,0,1,0,Transient,212.5,0,0,08,2017-08-04,0,2,2.0,0,1,0,4,Guest_0072,Expected
Resort Hotel,1,42,31,4,0,2,2,0.0,0,BB,Direct,Direct,0,0,0,0,0,Transient,212.5,0,0,08,2017-08-04,0,2,2.0,0,1,0,4,Guest_0073,Expected
Resort Hotel,1,113,31,4,0,2,2,0.0,0,BB,Online TA,TA/TO,0,0,0,0,0,Transient,230.0,0,1,08,2017-08-04,0,2,2.0,0,1,1,4,Guest_0074,Expected
Resort Hotel,1,304,31,4,0,2,1,0.0,0,BB,Online TA,TA/TO,0,0,0,0,0,Transient,167.18,0,2,08,2017-08-04,0,2,1.0,0,1,1,4,Guest_0075,Expected
Resort Hotel,1,304,31,4,0,2,2,0.0,0,HB,Online TA,TA/TO,0,0,0,0,0,Transient,185.4,0,2,08,2017-08-04,0,2,2.0,0,1,1,4,Guest_0076,Expected
Resort Hotel,1,353,31,4,1,2,2,0.0,0,BB,Online TA,TA/TO,0,0,0,0,0,Transient,138.38,0,1,08,2017-08-04,0,3,2.0,0,1,1,4,Guest_0077,Expected
Resort Hotel,1,24,31,4,1,2,2,0.0,0,BB,Online TA,TA/TO,0,0,0,0,0,Transient,193.33,0,1,08,2017-08-04,0,3,2.0,0,1,0,4,Guest_0078,Expected
Resort Hotel,1,34,31,4,1,2,3,0.0,0,HB,Online TA,TA/TO,0,0,0,0,0,Transient,283.6,0,1,08,2017-08-04,0,3,3.0,0,1,0,4,Guest_0079,Expected
Resort Hotel,1,40,31,4,2,2,2,0.0,0,BB,Online TA,TA/TO,0,0,0,0,0,Transient,223.75,0,1,08,2017-08-04,0,4,2.0,0,1,1,4,Guest_0080,Expected
Resort Hotel,1,93,31,4,2,2,2,2.0,0,HB,Online TA,TA/TO,0,0,0,0,0,Transient,378.0,0,0,08,2017-08-04,0,4,4.0,0,1,1,4,Guest_0081,Expected
Resort Hotel,1,304,31,4,2,2,2,0.0,0,HB,Online TA,TA/TO,0,0,0,2,0,Transient,185.4,0,2,08,2017-08-04,0,4,2.0,0,1,1,4,Guest_0082,Expected
Resort Hotel,1,312,31,4,2,2,2,1.0,0,BB,Online TA,TA/TO,0,0,0,2,0,Transient,244.0,0,2,08,2017-08-04,0,4,3.0,0,1,1,4,Guest_0083,Expected
Resort Hotel,1,214,31,4,2,2,1,0.0,0,BB,Online TA,TA/TO,0,0,0,0,0,Transient,206.0,0,1,08,2017-08-04,0,4,1.0,0,1,1,4,Guest_0084,Expected
Resort Hotel,1,51,31,4,2,2,2,2.0,0,FB,Direct,Direct,0,0,0,1,0,Transient,358.75,0,0,08,2017-08-04,0,4,4.0,0,1,0,4,Guest_0085,Expected
Resort Hotel,1,312,31,4,2,2,2,1.0,0,BB,Online TA,TA/TO,0,0,0,2,0,Transient,172.8,0,2,08,2017-08-04,0,4,3.0,0,1,1,4,Guest_0086,Expected
Resort Hotel,1,165,31,4,2,4,3,0.0,0,HB,Online TA,TA/TO,0,0,0,0,0,Transient,201.6,0,1,08,2017-08-04,0,6,3.0,0,1,0,4,Guest_0087,Expected
Resort Hotel,1,166,31,4,2,4,2,2.0,0,BB,Online TA,TA/TO,0,0,0,0,0,Transient,220.0,0,2,08,2017-08-04,0,6,4.0,0,1,1,4,Guest_0088,Expected
Resort Hotel,1,178,31,4,2,5,2,0.0,0,BB,Direct,Direct,0,0,0,0,0,Transient,203.13,0,2,08,2017-08-04,0,7,2.0,0,1,1,4,Guest_0089,Expected
Resort Hotel,1,91,31,4,2,5,2,2.0,0,HB,Online TA,TA/TO,0,0,0,0,0,Transient,328.0,0,1,08,2017-08-04,0,7,4.0,0,1,1,4,Guest_0090,Expected
Resort Hotel,1,91,31,4,2,3,2,0.0,0,BB,Online TA,TA/TO,0,0,0,0,0,Transient,184.0,0,0,08,2017-08-04,0,5,2.0,0,1,0,4,Guest_0091,Expected
Resort Hotel,1,319,31,4,2,5,2,0.0,0,BB,Online TA,TA/TO,0,0,0,0,0,Transient,144.97,0,1,08,2017-08-04,0,7,2.0,0,1,1,4,Guest_0092,Expected
Resort Hotel,1,95,31,4,2,5,2,0.0,0,BB,Online TA,TA/TO,0,0,0,0,0,Transient,230.0,0,1,08,2017-08-04,0,7,2.0,0,1,1,4,Guest_0093,Expected
Resort Hotel,1,302,31,4,2,7,2,0.0,0,BB,Online TA,TA/TO,0,0,0,0,0,Transient,172.8,0,2,08,2017-08-04,0,9,2.0,0,1,1,4,Guest_0094,Expected
Resort Hotel,1,302,31,4,2,7,2,0.0,0,BB,Online TA,TA/TO,0,0,0,0,0,Transient,172.8,0,2,08,2017-08-04,0,9,2.0,0,1,1,4,Guest_0095,Expected
Resort Hotel,1,144,31,4,3,7,2,0.0,0,HB,Online TA,TA/TO,0,0,0,0,0,Transient,252.0,0,1,08,2017-08-04,0,10,2.0,0,1,1,4,Guest_0096,Expected
Resort Hotel,1,163,31,5,0,1,2,0.0,0,BB,Online TA,TA/TO,0,0,0,0,0,Transient,200.0,0,1,08,2017-08-05,0,1,2.0,0,1,0,5,Guest_0097,Expected
Resort Hotel,1,8,31,5,0,1,2,2.0,0,BB,Online TA,TA/TO,0,0,0,0,0,Transient,330.0,0,0,08,2017-08-05,0,1,4.0,0,1,0,5,Guest_0098,Expected
Resort Hotel,1,10,31,5,0,1,1,0.0,0,BB,Online TA,TA/TO,0,0,0,0,0,Transient,204.18,0,0,08,2017-08-05,0,1,1.0,0,1,0,5,Guest_0099,Expected
Resort Hotel,1,167,31,5,0,1,2,2.0,0,BB,Online TA,TA/TO,0,0,0,0,0,Transient,220.0,0,0,08,2017-08-05,0,1,4.0,0,1,1,5,Guest_0100,Expected
Resort Hotel,1,16,31,5,1,1,2,0.0,0,BB,Online TA,TA/TO,0,0,0,0,0,Transient,214.0,0,1,08,2017-08-05,0,2,2.0,0,1,1,5,Guest_0101,Expected
Resort Hotel,1,180,31,5,1,1,2,0.0,0,BB,Online TA,TA/TO,0,0,0,2,0,Transient,200.0,0,1,08,2017-08-05,0,2,2.0,0,1,1,5,Guest_0102,Expected
Resort Hotel,1,11,31,5,1,1,2,0.0,0,BB,Online TA,TA/TO,0,0,0,0,0,Transient,214.0,0,1,08,2017-08-05,0,2,2.0,0,1,0,5,Guest_0103,Expected
Resort Hotel,1,20,31,5,1,1,2,0.0,0,BB,Online TA,TA/TO,0,0,0,0,0,Transient,160.2,0,1,08,2017-08-05,0,2,2.0,0,1,0,5,Guest_0104,Expected
Resort Hotel,1,341,31,5,2,1,2,2.0,0,BB,Online TA,TA/TO,0,0,0,0,0,Transient,259.33,0,0,08,2017-08-05,0,3,4.0,0,1,0,5,Guest_0105,Expected
Resort Hotel,1,20,31,5,1,1,1,1.0,0,BB,Online TA,TA/TO,0,0,0,0,0,Transient,160.2,0,1,08,2017-08-05,0,2,2.0,0,1,0,5,Guest_0106,Expected
Resort Hotel,1,16,31,5,1,1,2,0.0,0,BB,Online TA,TA/TO,0,0,0,0,0,Transient,214.0,0,1,08,2017-08-05,0,2,2.0,0,1,1,5,Guest_0107,Expected
Resort Hotel,1,3,31,5,2,1,2,0.0,0,BB,Online TA,TA/TO,0,0,0,0,0,Transient,230.0,0,1,08,2017-08-05,0,3,2.0,0,1,1,5,Guest_0108,Expected
Resort Hotel,1,333,31,5,2,3,2,1.0,0,HB,Online TA,TA/TO,0,0,0,0,0,Transient,292.0,0,1,08,2017-08-05,0,5,3.0,0,1,1,5,Guest_0109,Expected
Resort Hotel,1,25,31,5,2,3,2,0.0,0,BB,Online TA,TA/TO,0,0,0,0,0,Transient,250.0,0,0,08,2017-08-05,0,5,2.0,0,1,0,5,Guest_0110,Expected
Resort Hotel,1,119,31,5,2,2,2,2.0,0,BB,Online TA,TA/TO,0,0,0,0,0,Transient,269.0,0,2,08,2017-08-05,0,4,4.0,0,1,1,5,Guest_0111,Expected
Resort Hotel,1,333,31,5,2,3,2,1.0,0,HB,Online TA,TA/TO,0,0,0,0,0,Transient,167.18,0,1,08,2017-08-05,0,5,3.0,0,1,1,5,Guest_0112,Expected
Resort Hotel,1,142,31,5,2,4,2,2.0,0,HB,Online TA,TA/TO,0,0,0,0,0,Transient,298.0,0,1,08,2017-08-05,0,6,4.0,0,1,1,5,Guest_0113,Expected
Resort Hotel,1,238,31,5,2,4,2,0.0,0,BB,Online TA,TA/TO,0,0,0,1,0,Transient,168.0,0,1,08,2017-08-05,0,6,2.0,0,1,1,5,Guest_0114,Expected
Resort Hotel,1,328,31,5,2,4,2,1.0,0,BB,Direct,Direct,0,0,0,2,0,Transient,139.54,0,0,08,2017-08-05,0,6,3.0,0,1,0,5,Guest_0115,Expected
Resort Hotel,1,45,31,5,2,4,2,2.0,0,HB,Online TA,TA/TO,0,0,0,0,0,Transient,378.0,0,0,08,2017-08-05,0,6,4.0,0,1,1,5,Guest_0116,Expected
Resort Hotel,1,328,31,5,2,4,2,0.0,0,BB,Online TA,TA/TO,0,0,0,0,0,Transient,153.75,0,0,08,2017-08-05,0,6,2.0,0,1,0,5,Guest_0117,Expected
Resort Hotel,1,38,31,5,2,5,2,0.0,0,BB,Online TA,TA/TO,0,0,0,0,0,Transient,230.0,0,2,08,2017-08-05,0,7,2.0,0,1,1,5,Guest_0118,Expected
Resort Hotel,1,210,31,5,2,5,2,0.0,0,HB,Online TA,TA/TO,0,0,0,0,0,Transient,198.0,0,2,08,2017-08-05,0,7,2.0,0,1,1,5,Guest_0119,Expected
Resort Hotel,1,141,31,5,2,5,3,1.0,0,BB,Online TA,TA/TO,0,0,0,0,0,Transient,310.0,0,0,08,2017-08-05,0,7,4.0,0,1,1,5,Guest_0120,Expected
Resort Hotel,1,98,31,5,2,5,2,0.0,0,HB,Online TA,TA/TO,0,0,0,0,0,Transient,262.0,0,0,08,2017-08-05,0,7,2.0,0,1,1,5,Guest_0121,Expected
Resort Hotel,1,31,31,5,2,6,2,0.0,0,BB,Online TA,TA/TO,0,0,0,0,0,Transient,230.0,0,1,08,2017-08-05,0,8,2.0,0,1,1,5,Guest_0122,Expected
Resort Hotel,1,45,31,5,4,6,2,0.0,0,BB,Online TA,TA/TO,0,0,0,0,0,Transient,230.0,0,0,08,2017-08-05,0,10,2.0,0,1,1,5,Guest_0123,Expected
Resort Hotel,1,208,31,5,4,7,2,1.0,0,BB,Online TA,TA/TO,0,0,0,1,0,Transient,231.0,0,2,08,2017-08-05,0,11,3.0,0,1,1,5,Guest_0124,Expected
Resort Hotel,1,208,31,5,4,7,2,0.0,0,BB,Online TA,TA/TO,0,0,0,0,0,Transient,206.0,0,2,08,2017-08-05,0,11,2.0,0,1,1,5,Guest_0125,Expected
Resort Hotel,1,208,31,5,4,7,2,0.0,0,BB,Online TA,TA/TO,0,0,0,0,0,Transient,206.0,0,2,08,2017-08-05,0,11,2.0,0,1,1,5,Guest_0126,Expected
Resort Hotel,1,143,32,6,2,1,2,0.0,0,BB,Online TA,TA/TO,0,0,0,1,0,Transient,220.0,0,0,08,2017-08-06,0,3,2.0,0,1,1,6,Guest_0127,Expected
Resort Hotel,1,209,32,6,2,2,2,0.0,0,BB,Online TA,TA/TO,0,0,0,0,0,Transient,188.0,0,0,08,2017-08-06,0,4,2.0,0,1,1,6,Guest_0128,Expected
Resort Hotel,1,128,32,6,2,3,2,0.0,0,BB,Online TA,TA/TO,0,0,0,0,0,Transient,239.0,0,1,08,2017-08-06,0,5,2.0,0,1,1,6,Guest_0129,Expected
Resort Hotel,1,33,32,6,2,3,2,1.0,0,HB,Direct,Direct,0,0,0,1,0,Transient,323.0,0,0,08,2017-08-06,0,5,3.0,0,0,0,6,Guest_0130,Expected
Resort Hotel,1,145,32,6,2,3,2,0.0,0,HB,Online TA,TA/TO,0,0,0,0,0,Transient,252.0,0,2,08,2017-08-06,0,5,2.0,0,1,1,6,Guest_0131,Expected
Resort Hotel,1,33,32,6,2,3,2,0.0,0,HB,Direct,Direct,0,0,0,1,0,Transient,297.0,0,0,08,2017-08-06,0,5,2.0,0,0,0,6,Guest_0132,Expected
Resort Hotel,1,128,32,6,2,3,2,2.0,0,BB,Online TA,TA/TO,0,0,0,0,0,Transient,269.0,0,1,08,2017-08-06,0,5,4.0,0,1,1,6,Guest_0133,Expected
Resort Hotel,1,123,32,6,2,3,2,0.0,0,BB,Online TA,TA/TO,0,0,0,0,0,Transient,239.0,0,0,08,2017-08-06,0,5,2.0,0,1,1,6,Guest_0134,Expected
Resort Hotel,1,126,32,6,2,3,2,0.0,0,BB,Online TA,TA/TO,0,0,0,0,0,Transient,239.0,0,0,08,2017-08-06,0,5,2.0,0,1,1,6,Guest_0135,Expected
Resort Hotel,1,128,32,6,2,3,2,0.0,0,BB,Online TA,TA/TO,0,0,0,0,0,Transient,239.0,0,1,08,2017-08-06,0,5,2.0,0,1,1,6,Guest_0136,Expected
Resort Hotel,1,142,32,6,2,3,2,0.0,0,BB,Online TA,TA/TO,0,0,0,0,0,Transient,220.0,0,0,08,2017-08-06,0,5,2.0,0,1,1,6,Guest_0137,Expected
Resort Hotel,1,126,32,6,2,3,2,0.0,0,BB,Online TA,TA/TO,0,0,0,0,0,Transient,239.0,0,1,08,2017-08-06,0,5,2.0,0,1,0,6,Guest_0138,Expected
Resort Hotel,1,172,32,6,2,2,2,0.0,0,BB,Offline TA/TO,TA/TO,0,0,0,0,0,Transient,116.5,0,0,08,2017-08-06,0,4,2.0,0,1,0,6,Guest_0139,Expected
Resort Hotel,1,31,32,6,2,3,2,0.0,0,HB,Online TA,TA/TO,0,0,0,0,0,Transient,225.6,0,1,08,2017-08-06,0,5,2.0,0,1,0,6,Guest_0140,Expected
Resort Hotel,1,126,32,6,2,3,2,0.0,0,BB,Online TA,TA/TO,0,0,0,1,0,Transient,259.0,0,0,08,2017-08-06,0,5,2.0,0,1,1,6,Guest_0141,Expected
Resort Hotel,1,177,32,6,2,2,2,0.0,0,BB,Offline TA/TO,TA/TO,0,0,0,0,0,Transient,116.5,0,0,08,2017-08-06,0,4,2.0,0,1,0,6,Guest_0142,Expected
Resort Hotel,1,343,32,6,2,4,2,0.0,0,BB,Online TA,TA/TO,0,0,0,0,0,Transient,207.3,0,2,08,2017-08-06,0,6,2.0,0,1,1,6,Guest_0143,Expected
Resort Hotel,1,190,32,6,2,4,2,0.0,0,HB,Online TA,TA/TO,0,0,0,0,0,Transient,202.0,0,0,08,2017-08-06,0,6,2.0,0,1,1,6,Guest_0144,Expected
Resort Hotel,1,117,32,6,2,4,2,1.0,0,HB,Online TA,TA/TO,0,0,0,0,0,Transient,303.7,0,1,08,2017-08-06,0,6,3.0,0,1,0,6,Guest_0145,Expected
Resort Hotel,1,178,32,6,2,5,2,0.0,0,BB,Online TA,TA/TO,0,0,0,0,0,Transient,200.0,0,2,08,2017-08-06,0,7,2.0,0,1,0,6,Guest_0146,Expected
Resort Hotel,1,178,32,6,2,5,2,0.0,0,BB,Online TA,TA/TO,0,0,0,0,0,Transient,218.0,0,2,08,2017-08-06,0,7,2.0,0,1,0,6,Guest_0147,Expected
Resort Hotel,1,177,32,6,2,5,2,0.0,0,BB,Online TA,TA/TO,0,0,0,0,0,Transient,156.96,0,0,08,2017-08-06,0,7,2.0,0,1,0,6,Guest_0148,Expected
Resort Hotel,1,314,32,6,2,5,3,0.0,0,HB,Online TA,TA/TO,0,0,0,0,0,Transient,133.74,0,0,08,2017-08-06,0,7,3.0,0,1,0,6,Guest_0149,Expected
Resort Hotel,1,185,32,6,2,5,2,0.0,0,Undefined,Offline TA/TO,TA/TO,0,0,0,0,0,Transient,194.0,0,0,08,2017-08-06,0,7,2.0,0,1,0,6,Guest_0150,Expected
Resort Hotel,1,177,32,6,2,5,2,0.0,0,BB,Online TA,TA/TO,0,0,0,0,0,Transient,156.96,0,0,08,2017-08-06,0,7,2.0,0,1,0,6,Guest_0151,Expected
Resort Hotel,1,194,32,6,3,5,2,0.0,0,FB,Online TA,TA/TO,0,0,0,0,0,Transient,178.56,0,0,08,2017-08-06,0,8,2.0,0,1,0,6,Guest_0152,Expected
Resort Hotel,1,96,32,6,4,5,2,0.0,0,BB,Online TA,TA/TO,0,0,0,0,0,Transient,230.0,0,0,08,2017-08-06,0,9,2.0,0,1,1,6,Guest_0153,Expected
Resort Hotel,1,157,32,6,4,5,3,0.0,0,HB,Online TA,TA/TO,0,0,0,1,0,Transient,250.0,0,0,08,2017-08-06,0,9,3.0,0,1,0,6,Guest_0154,Expected
Resort Hotel,1,310,32,6,4,5,2,0.0,0,HB,Online TA,TA/TO,0,0,0,0,0,Transient,206.0,0,0,08,2017-08-06,0,9,2.0,0,1,0,6,Guest_0155,Expected
Resort Hotel,1,113,32,6,4,6,2,1.0,0,FB,Offline TA/TO,TA/TO,0,0,0,1,0,Transient,294.5,0,0,08,2017-08-06,0,10,3.0,0,1,0,6,Guest_0156,Expected
Resort Hotel,1,45,32,6,4,10,3,0.0,0,BB,Online TA,TA/TO,0,0,0,0,0,Transient,216.0,0,0,08,2017-08-06,0,14,3.0,0,1,0,6,Guest_0157,Expected
Resort Hotel,1,174,32,7,1,1,3,1.0,0,BB,Online TA,TA/TO,0,0,0,0,0,Transient,275.0,0,0,08,2017-08-07,0,2,4.0,0,1,0,0,Guest_0158,Expected
Resort Hotel,1,153,32,7,1,2,2,0.0,0,BB,Online TA,TA/TO,0,0,0,0,0,Transient,240.0,0,0,08,2017-08-07,0,3,2.0,0,1,1,0,Guest_0159,Expected
Resort Hotel,1,41,32,7,1,2,2,2.0,0,HB,Online TA,TA/TO,0,0,0,0,0,Transient,378.0,0,0,08,2017-08-07,0,3,4.0,0,1,1,0,Guest_0160,Expected
Resort Hotel,1,139,32,7,1,2,2,0.0,0,BB,Online TA,TA/TO,0,0,0,0,0,Transient,240.0,0,1,08,2017-08-07,0,3,2.0,0,1,1,0,Guest_0161,Expected
Resort Hotel,1,184,32,7,1,2,2,0.0,0,BB,Online TA,TA/TO,0,0,0,0,0,Transient,200.0,0,0,08,2017-08-07,0,3,2.0,0,1,0,0,Guest_0162,Expected
Resort Hotel,1,153,32,7,1,2,2,0.0,0,BB,Online TA,TA/TO,0,0,0,0,0,Transient,220.0,0,1,08,2017-08-07,0,3,2.0,0,1,1,0,Guest_0163,Expected
Resort Hotel,1,152,32,7,1,2,2,0.0,0,BB,Online TA,TA/TO,0,0,0,0,0,Transient,220.0,0,1,08,2017-08-07,0,3,2.0,0,1,1,0,Guest_0164,Expected
Resort Hotel,1,128,32,7,1,3,2,2.0,0,HB,Online TA,TA/TO,0,0,0,0,0,Transient,317.0,0,0,08,2017-08-07,0,4,4.0,0,1,1,0,Guest_0165,Expected
Resort Hotel,1,88,32,7,1,3,2,0.0,0,HB,Online TA,TA/TO,0,0,0,0,0,Transient,262.0,0,0,08,2017-08-07,0,4,2.0,0,1,1,0,Guest_0166,Expected
Resort Hotel,1,138,32,7,1,3,2,1.0,0,HB,Online TA,TA/TO,0,0,0,1,0,Transient,298.0,0,0,08,2017-08-07,0,4,3.0,0,1,1,0,Guest_0167,Expected
Resort Hotel,1,152,32,7,1,2,2,0.0,0,BB,Direct,Direct,0,0,0,0,0,Transient,248.33,0,0,08,2017-08-07,0,3,2.0,0,1,1,0,Guest_0168,Expected
Resort Hotel,1,216,32,7,1,4,2,0.0,0,HB,Online TA,TA/TO,0,0,0,0,0,Transient,198.0,0,0,08,2017-08-07,0,5,2.0,0,1,1,0,Guest_0169,Expected
Resort Hotel,1,265,32,7,1,4,2,2.0,0,Undefined,Online TA,TA/TO,0,0,0,1,0,Transient,207.18,0,0,08,2017-08-07,0,5,4.0,0,1,0,0,Guest_0170,Expected
Resort Hotel,1,216,32,7,1,4,2,0.0,0,HB,Direct,Direct,0,0,0,1,0,Transient,181.2,0,0,08,2017-08-07,0,5,2.0,0,1,1,0,Guest_0171,Expected
Resort Hotel,1,311,32,7,1,3,2,0.0,0,HB,Online TA,TA/TO,0,0,0,0,0,Transient,201.6,0,0,08,2017-08-07,0,4,2.0,0,1,1,0,Guest_0172,Expected
Resort Hotel,1,187,32,7,1,5,2,0.0,0,HB,Online TA,TA/TO,0,0,0,0,0,Transient,212.0,0,1,08,2017-08-07,0,6,2.0,0,1,1,0,Guest_0173,Expected
Resort Hotel,1,213,32,7,1,5,2,0.0,0,BB,Direct,Direct,0,0,0,2,0,Transient,197.4,0,1,08,2017-08-07,0,6,2.0,0,1,1,0,Guest_0174,Expected
Resort Hotel,1,228,32,7,1,5,2,0.0,0,BB,Online TA,TA/TO,0,0,0,0,0,Transient,206.0,0,0,08,2017-08-07,0,6,2.0,0,1,1,0,Guest_0175,Expected
Resort Hotel,1,141,32,7,1,5,2,0.0,0,BB,Online TA,TA/TO,0,0,0,0,0,Transient,220.0,0,1,08,2017-08-07,0,6,2.0,0,1,1,0,Guest_0176,Expected
Resort Hotel,1,141,32,7,1,5,2,0.0,0,HB,Online TA,TA/TO,0,0,0,0,0,Transient,252.0,0,1,08,2017-08-07,0,6,2.0,0,1,1,0,Guest_0177,Expected
Resort Hotel,1,103,32,7,2,5,2,0.0,0,BB,Online TA,TA/TO,0,0,0,0,0,Transient,230.0,0,1,08,2017-08-07,0,7,2.0,0,1,1,0,Guest_0178,Expected
Resort Hotel,1,143,32,7,2,5,2,1.0,0,BB,Online TA,TA/TO,0,0,0,0,0,Transient,178.1,0,1,08,2017-08-07,0,7,3.0,0,1,0,0,Guest_0179,Expected
Resort Hotel,1,196,32,7,2,5,2,0.0,0,BB,Online TA,TA/TO,0,0,0,0,0,Transient,168.0,0,1,08,2017-08-07,0,7,2.0,0,1,1,0,Guest_0180,Expected
Resort Hotel,1,204,32,7,2,5,2,0.0,0,HB,Online TA,TA/TO,0,0,0,0,0,Transient,198.0,0,1,08,2017-08-07,0,7,2.0,0,1,1,0,Guest_0181,Expected
Resort Hotel,1,257,32,7,2,5,2,0.0,0,BB,Online TA,TA/TO,0,0,0,0,0,Transient-Party,153.75,0,3,08,2017-08-07,0,7,2.0,0,1,0,0,Guest_0182,Expected
Resort Hotel,1,316,32,7,2,5,3,0.0,0,BB,Online TA,TA/TO,0,0,0,1,0,Transient,188.38,0,2,08,2017-08-07,0,7,3.0,0,1,1,0,Guest_0183,Expected
Resort Hotel,1,193,32,7,2,5,2,0.0,0,HB,Online TA,TA/TO,0,0,0,0,0,Transient,202.0,0,1,08,2017-08-07,0,7,2.0,0,1,1,0,Guest_0184,Expected
Resort Hotel,1,200,32,7,2,5,2,0.0,0,HB,Online TA,TA/TO,0,0,0,0,0,Transient,200.0,0,0,08,2017-08-07,0,7,2.0,0,1,1,0,Guest_0185,Expected
Resort Hotel,1,192,32,7,2,5,2,0.0,0,HB,Online TA,TA/TO,0,0,0,1,0,Transient,164.0,0,0,08,2017-08-07,0,7,2.0,0,1,0,0,Guest_0186,Expected
Resort Hotel,1,200,32,7,2,5,2,0.0,0,HB,Online TA,TA/TO,0,0,0,0,0,Transient,200.0,0,0,08,2017-08-07,0,7,2.0,0,1,1,0,Guest_0187,Expected
Resort Hotel,1,105,32,7,3,5,2,0.0,0,HB,Online TA,TA/TO,0,0,0,0,0,Transient,262.0,0,1,08,2017-08-07,0,8,2.0,0,1,1,0,Guest_0188,Expected
Resort Hotel,1,188,32,7,2,5,2,0.0,0,HB,Online TA,TA/TO,0,0,0,1,0,Transient,172.0,0,0,08,2017-08-07,0,7,2.0,0,1,0,0,Guest_0189,Expected
Resort Hotel,1,298,32,7,3,6,2,1.0,0,HB,Direct,Direct,0,0,0,1,0,Transient,195.95,0,1,08,2017-08-07,0,9,3.0,0,0,0,0,Guest_0190,Expected
Resort Hotel,1,260,32,7,3,7,2,2.0,0,HB,Online TA,TA/TO,0,0,0,0,0,Transient,292.0,0,0,08,2017-08-07,0,10,4.0,0,1,1,0,Guest_0191,Expected
Resort Hotel,1,165,32,7,3,7,2,0.0,0,HB,Offline TA/TO,TA/TO,0,0,0,0,0,Contract,151.5,0,0,08,2017-08-07,0,10,2.0,0,1,0,0,Guest_0192,Expected
Resort Hotel,1,328,32,7,4,10,2,2.0,0,HB,Online TA,TA/TO,0,0,0,0,0,Transient,292.0,0,0,08,2017-08-07,0,14,4.0,0,1,1,0,Guest_0193,Expected
Resort Hotel,1,153,32,8,0,1,2,0.0,0,BB,Online TA,TA/TO,0,0,0,0,0,Transient,220.0,0,1,08,2017-08-08,0,1,2.0,0,1,1,1,Guest_0194,Expected
Resort Hotel,1,166,32,8,0,3,2,2.0,0,BB,Direct,Direct,0,0,0,0,0,Transient,215.0,0,0,08,2017-08-08,0,3,4.0,0,1,0,1,Guest_0195,Expected
Resort Hotel,1,196,32,8,0,3,2,0.0,0,BB,Online TA,TA/TO,0,0,0,0,0,Transient,168.0,0,1,08,2017-08-08,0,3,2.0,0,1,1,1,Guest_0196,Expected
Resort Hotel,1,225,32,8,0,4,2,0.0,0,BB,Online TA,TA/TO,0,0,0,0,0,Transient,206.0,0,2,08,2017-08-08,0,4,2.0,0,1,1,1,Guest_0197,Expected
Resort Hotel,1,193,32,8,0,4,2,0.0,0,BB,Online TA,TA/TO,0,0,0,0,0,Transient,190.0,0,1,08,2017-08-08,0,4,2.0,0,1,0,1,Guest_0198,Expected
Resort Hotel,1,34,32,8,0,4,2,1.0,0,BB,Online TA,TA/TO,0,0,0,0,0,Transient,216.0,0,0,08,2017-08-08,0,4,3.0,0,1,0,1,Guest_0199,Expected
Resort Hotel,1,34,32,8,1,5,2,0.0,0,HB,Online TA,TA/TO,0,0,0,0,0,Transient,231.84,0,2,08,2017-08-08,0,6,2.0,0,1,0,1,Guest_0200,Expected
Resort Hotel,1,199,32,8,1,5,2,0.0,0,BB,Online TA,TA/TO,0,0,0,0,0,Transient,168.0,0,1,08,2017-08-08,0,6,2.0,0,1,1,1,Guest_0201,Expected
Resort Hotel,1,314,32,8,1,5,3,1.0,0,HB,Online TA,TA/TO,0,0,0,0,0,Transient,297.0,0,0,08,2017-08-08,0,6,4.0,0,1,1,1,Guest_0202,Expected
Resort Hotel,1,339,32,8,2,6,2,0.0,0,HB,Online TA,TA/TO,0,0,0,0,0,Transient,185.4,0,1,08,2017-08-08,0,8,2.0,0,1,1,1,Guest_0203,Expected
Resort Hotel,1,32,32,9,0,2,2,0.0,0,BB,Online TA,TA/TO,0,0,0,0,0,Transient,230.0,0,0,08,2017-08-09,0,2,2.0,0,1,0,2,Guest_0204,Expected
Resort Hotel,1,129,32,9,0,3,2,0.0,0,BB,Online TA,TA/TO,0,0,0,0,0,Transient,259.0,0,1,08,2017-08-09,0,3,2.0,0,1,0,2,Guest_0205,Expected
Resort Hotel,1,184,32,9,1,4,2,0.0,0,HB,Offline TA/TO,TA/TO,0,0,0,0,0,Contract,134.85,0,0,08,2017-08-09,0,5,2.0,0,1,1,2,Guest_0206,Expected
Resort Hotel,1,239,32,9,1,4,2,0.0,0,BB,Direct,Direct,0,0,0,0,0,Transient,196.2,0,0,08,2017-08-09,0,5,2.0,0,1,1,2,Guest_0207,Expected
Resort Hotel,1,198,32,9,2,4,2,0.0,0,BB,Online TA,TA/TO,0,0,0,1,0,Transient,258.0,0,0,08,2017-08-09,0,6,2.0,0,1,1,2,Guest_0208,Expected
Resort Hotel,1,116,32,9,2,8,2,1.0,0,HB,Direct,Direct,0,0,0,3,0,Transient,392.0,0,0,08,2017-08-09,0,10,3.0,0,1,0,2,Guest_0209,Expected
Resort Hotel,1,28,32,9,2,8,2,0.0,0,HB,Offline TA/TO,TA/TO,0,0,0,0,0,Contract,149.5,0,1,08,2017-08-09,0,10,2.0,0,1,0,2,Guest_0210,Expected
Resort Hotel,1,116,32,9,2,8,2,1.0,0,FB,Online TA,TA/TO,0,0,0,1,0,Transient,294.5,0,2,08,2017-08-09,0,10,3.0,0,1,0,2,Guest_0211,Expected
Resort Hotel,1,0,32,10,0,1,2,0.0,0,BB,Direct,Direct,0,0,0,0,0,Transient,8.0,0,0,08,2017-08-10,0,1,2.0,0,0,0,3,Guest_0212,Expected
Resort Hotel,1,50,32,10,0,1,2,2.0,0,BB,Online TA,TA/TO,0,0,0,0,0,Transient,280.0,0,1,08,2017-08-10,0,1,4.0,0,1,1,3,Guest_0213,Expected
Resort Hotel,1,91,32,10,2,3,2,1.0,0,HB,Online TA,TA/TO,0,0,0,0,0,Transient,273.25,0,0,08,2017-08-10,0,5,3.0,0,1,0,3,Guest_0214,Expected
Resort Hotel,1,95,32,10,2,4,2,0.0,0,BB,Online TA,TA/TO,0,0,0,0,0,Transient,230.0,0,0,08,2017-08-10,0,6,2.0,0,1,1,3,Guest_0215,Expected
Resort Hotel,1,95,32,10,2,4,1,0.0,0,BB,Online TA,TA/TO,0,0,0,0,0,Transient,222.0,0,1,08,2017-08-10,0,6,1.0,0,1,0,3,Guest_0216,Expected
Resort Hotel,1,29,32,10,2,4,2,0.0,0,BB,Offline TA/TO,TA/TO,0,0,0,0,0,Group,146.0,0,1,08,2017-08-10,0,6,2.0,0,1,0,3,Guest_0217,Expected
Resort Hotel,1,94,32,10,2,4,2,0.0,0,BB,Online TA,TA/TO,0,0,0,0,0,Transient,230.0,0,1,08,2017-08-10,0,6,2.0,0,1,1,3,Guest_0218,Expected
Resort Hotel,1,95,32,10,2,4,2,0.0,0,BB,Online TA,TA/TO,0,0,0,0,0,Transient,230.0,0,1,08,2017-08-10,0,6,2.0,0,1,0,3,Guest_0219,Expected
Resort Hotel,1,45,32,10,1,3,2,0.0,0,BB,Online TA,TA/TO,0,0,0,0,0,Transient,270.0,0,1,08,2017-08-10,0,4,2.0,0,1,1,3,Guest_0220,Expected
Resort Hotel,1,184,32,10,2,5,2,2.0,0,BB,Online TA,TA/TO,0,0,0,0,0,Transient,264.29,0,0,08,2017-08-10,0,7,4.0,0,1,1,3,Guest_0221,Expected
Resort Hotel,1,172,32,10,2,5,2,0.0,0,HB,Online TA,TA/TO,0,0,0,0,0,Transient,250.0,0,2,08,2017-08-10,0,7,2.0,0,1,1,3,Guest_0222,Expected
Resort Hotel,1,289,32,10,2,8,1,0.0,0,BB,Offline TA/TO,TA/TO,0,0,0,0,0,Contract,104.85,0,1,08,2017-08-10,0,10,1.0,0,1,0,3,Guest_0223,Expected
Resort Hotel,1,338,32,10,2,8,2,2.0,0,HB,Direct,Direct,0,0,0,0,0,Transient,231.6,0,2,08,2017-08-10,0,10,4.0,0,1,0,3,Guest_0224,Expected
Resort Hotel,1,289,32,10,2,8,1,0.0,0,BB,Offline TA/TO,TA/TO,0,0,0,0,0,Contract,104.85,0,1,08,2017-08-10,0,10,1.0,0,1,0,3,Guest_0225,Expected
Resort Hotel,1,199,32,10,3,8,2,1.0,0,BB,Direct,Direct,0,0,0,0,0,Transient,163.33,0,0,08,2017-08-10,0,11,3.0,0,1,1,3,Guest_0226,Expected
Resort Hotel,1,47,32,11,2,2,2,0.0,0,BB,Online TA,TA/TO,0,0,0,0,0,Transient,230.0,0,1,08,2017-08-11,0,4,2.0,0,1,1,4,Guest_0227,Expected
Resort Hotel,1,11,32,11,2,2,2,0.0,0,HB,Online TA,TA/TO,0,0,0,0,0,Transient,252.0,0,1,08,2017-08-11,0,4,2.0,0,1,0,4,Guest_0228,Expected
Resort Hotel,1,106,32,11,2,2,2,0.0,0,BB,Online TA,TA/TO,0,0,0,0,0,Transient,250.0,0,1,08,2017-08-11,0,4,2.0,0,1,1,4,Guest_0229,Expected
Resort Hotel,1,311,32,11,2,2,1,0.0,0,HB,Online TA,TA/TO,0,0,0,2,0,Transient,201.6,0,1,08,2017-08-11,0,4,1.0,0,1,1,4,Guest_0230,Expected
Resort Hotel,1,262,32,11,2,2,2,0.0,0,BB,Online TA,TA/TO,0,0,0,0,0,Transient,153.75,0,0,08,2017-08-11,0,4,2.0,0,1,0,4,Guest_0231,Expected
Resort Hotel,1,184,32,11,2,5,2,1.0,0,HB,Online TA,TA/TO,0,0,0,1,0,Transient,259.43,0,2,08,2017-08-11,0,7,3.0,0,1,1,4,Guest_0232,Expected
Resort Hotel,1,98,32,11,2,5,2,0.0,0,HB,Online TA,TA/TO,0,0,0,0,0,Transient,262.0,0,2,08,2017-08-11,0,7,2.0,0,1,0,4,Guest_0233,Expected
Resort Hotel,1,87,32,11,2,5,2,1.0,0,HB,Online TA,TA/TO,0,0,0,0,0,Transient,229.52,0,2,08,2017-08-11,0,7,3.0,0,1,0,4,Guest_0234,Expected
Resort Hotel,1,210,32,11,3,7,2,0.0,0,BB,Online TA,TA/TO,0,0,0,2,0,Transient,199.0,0,1,08,2017-08-11,0,10,2.0,0,1,1,4,Guest_0235,Expected
Resort Hotel,1,238,32,11,4,9,2,2.0,0,HB,Online TA,TA/TO,0,0,0,0,0,Transient,297.38,0,0,08,2017-08-11,0,13,4.0,0,1,1,4,Guest_0236,Expected
Resort Hotel,1,88,32,11,0,2,2,0.0,0,BB,Online TA,TA/TO,0,0,0,0,0,Transient,230.0,0,1,08,2017-08-11,0,2,2.0,0,1,0,4,Guest_0237,Expected
Resort Hotel,1,311,32,11,0,2,2,0.0,0,HB,Online TA,TA/TO,0,0,0,2,0,Transient,167.18,0,1,08,2017-08-11,0,2,2.0,0,1,1,4,Guest_0238,Expected
Resort Hotel,1,11,32,11,0,2,2,0.0,0,BB,Online TA,TA/TO,0,0,0,0,0,Transient,210.0,0,1,08,2017-08-11,0,2,2.0,0,1,1,4,Guest_0239,Expected
Resort Hotel,1,306,32,11,0,2,1,0.0,0,HB,Online TA,TA/TO,0,0,0,0,0,Transient,185.4,0,1,08,2017-08-11,0,2,1.0,0,1,1,4,Guest_0240,Expected
Resort Hotel,1,306,32,11,0,2,1,0.0,0,BB,Online TA,TA/TO,0,0,0,0,0,Transient,167.18,0,2,08,2017-08-11,0,2,1.0,0,1,1,4,Guest_0241,Expected
Resort Hotel,1,311,32,11,1,2,1,0.0,0,BB,Online TA,TA/TO,0,0,0,3,0,Transient,156.6,0,2,08,2017-08-11,0,3,1.0,0,1,1,4,Guest_0242,Expected
Resort Hotel,1,305,32,11,1,2,1,0.0,0,BB,Online TA,TA/TO,0,0,0,0,0,Transient,167.18,0,2,08,2017-08-11,0,3,1.0,0,1,1,4,Guest_0243,Expected
Resort Hotel,1,161,32,11,1,2,2,2.0,0,BB,Online TA,TA/TO,0,0,0,1,0,Transient,300.0,0,1,08,2017-08-11,0,3,4.0,0,1,1,4,Guest_0244,Expected
Resort Hotel,1,301,32,11,1,2,1,0.0,0,HB,Online TA,TA/TO,0,0,0,0,0,Transient,185.4,0,2,08,2017-08-11,0,3,1.0,0,1,1,4,Guest_0245,Expected
Resort Hotel,1,306,32,11,1,2,2,0.0,0,HB,Online TA,TA/TO,0,0,0,1,0,Transient,185.4,0,1,08,2017-08-11,0,3,2.0,0,1,1,4,Guest_0246,Expected
Resort Hotel,1,327,32,12,2,1,2,0.0,0,BB,Online TA,TA/TO,0,0,0,0,0,Transient,153.75,0,1,08,2017-08-12,0,3,2.0,0,1,1,5,Guest_0247,Expected
Resort Hotel,1,201,32,12,2,1,2,0.0,0,FB,Offline TA/TO,TA/TO,0,0,0,0,0,Transient,155.7,0,0,08,2017-08-12,0,3,2.0,0,1,0,5,Guest_0248,Expected
Resort Hotel,1,307,32,12,2,1,2,0.0,0,BB,Online TA,TA/TO,0,0,0,0,0,Transient,138.38,0,1,08,2017-08-12,0,3,2.0,0,1,1,5,Guest_0249,Expected
Resort Hotel,1,132,32,12,2,1,2,0.0,0,BB,Online TA,TA/TO,0,0,0,0,0,Transient,232.33,0,1,08,2017-08-12,0,3,2.0,0,1,0,5,Guest_0250,Expected
Resort Hotel,1,224,32,12,2,3,2,2.0,0,HB,Online TA,TA/TO,0,0,0,0,0,Transient,303.2,0,2,08,2017-08-12,0,5,4.0,0,1,0,5,Guest_0251,Expected
Resort Hotel,1,47,32,12,2,3,3,1.0,0,BB,Online TA,TA/TO,0,0,0,0,0,Transient,340.0,0,0,08,2017-08-12,0,5,4.0,0,1,0,5,Guest_0252,Expected
Resort Hotel,1,36,32,12,2,4,2,0.0,0,BB,Online TA,TA/TO,0,0,0,0,0,Transient,230.0,0,1,08,2017-08-12,0,6,2.0,0,1,1,5,Guest_0253,Expected
Resort Hotel,1,187,32,12,2,5,2,2.0,0,HB,Online TA,TA/TO,0,0,0,0,0,Transient,256.57,0,0,08,2017-08-12,0,7,4.0,0,1,1,5,Guest_0254,Expected
Resort Hotel,1,46,32,12,2,5,2,0.0,0,HB,Online TA,TA/TO,0,0,0,0,0,Transient,262.0,0,0,08,2017-08-12,0,7,2.0,0,1,0,5,Guest_0255,Expected
Resort Hotel,1,46,32,12,2,5,2,0.0,0,BB,Offline TA/TO,TA/TO,0,0,0,0,0,Transient,212.0,0,0,08,2017-08-12,0,7,2.0,0,1,0,5,Guest_0256,Expected
Resort Hotel,1,186,32,12,2,5,2,2.0,0,BB,Online TA,TA/TO,0,0,0,0,0,Transient,208.57,0,0,08,2017-08-12,0,7,4.0,0,1,0,5,Guest_0257,Expected
Resort Hotel,1,144,32,12,2,5,2,0.0,0,HB,Direct,Direct,0,0,0,1,0,Transient,225.5,0,1,08,2017-08-12,0,7,2.0,0,1,0,5,Guest_0258,Expected
Resort Hotel,1,269,32,12,2,5,2,1.0,0,HB,Online TA,TA/TO,0,0,0,0,0,Transient,162.0,0,0,08,2017-08-12,0,7,3.0,0,1,0,5,Guest_0259,Expected
Resort Hotel,1,341,32,12,4,6,2,0.0,0,BB,Online TA,TA/TO,0,0,0,0,0,Transient,138.38,0,2,08,2017-08-12,0,10,2.0,0,1,1,5,Guest_0260,Expected
Resort Hotel,1,341,32,12,4,6,2,0.0,0,BB,Online TA,TA/TO,0,0,0,0,0,Transient,138.38,0,2,08,2017-08-12,0,10,2.0,0,1,1,5,Guest_0261,Expected
Resort Hotel,1,187,32,12,4,7,2,0.0,0,HB,Offline TA/TO,TA/TO,0,0,0,0,0,Transient,151.0,0,0,08,2017-08-12,0,11,2.0,0,1,0,5,Guest_0262,Expected
Resort Hotel,1,187,32,12,4,7,2,0.0,0,HB,Offline TA/TO,TA/TO,0,0,0,0,0,Transient,151.0,0,0,08,2017-08-12,0,11,2.0,0,1,0,5,Guest_0263,Expected
Resort Hotel,1,273,32,12,4,10,2,0.0,0,BB,Online TA,TA/TO,0,0,0,0,0,Transient,179.66,0,2,08,2017-08-12,0,14,2.0,0,1,1,5,Guest_0264,Expected
Resort Hotel,1,193,32,12,4,10,2,0.0,0,BB,Offline TA/TO,TA/TO,0,0,0,0,0,Transient,110.7,0,0,08,2017-08-12,0,14,2.0,0,1,0,5,Guest_0265,Expected
Resort Hotel,1,213,32,12,4,10,2,1.0,0,HB,Online TA,TA/TO,0,0,0,0,0,Transient,228.0,0,1,08,2017-08-12,0,14,3.0,0,1,0,5,Guest_0266,Expected
Resort Hotel,1,0,33,13,1,0,2,0.0,0,BB,Online TA,TA/TO,0,0,0,0,0,Transient,207.0,0,0,08,2017-08-13,0,1,2.0,0,1,0,6,Guest_0267,Expected
Resort Hotel,1,176,33,13,2,0,2,0.0,0,HB,Online TA,TA/TO,0,0,0,0,0,Transient,232.0,0,1,08,2017-08-13,0,2,2.0,0,1,0,6,Guest_0268,Expected
Resort Hotel,1,176,33,13,2,0,2,0.0,0,HB,Online TA,TA/TO,0,0,0,0,0,Transient,232.0,0,1,08,2017-08-13,0,2,2.0,0,1,0,6,Guest_0269,Expected
Resort Hotel,1,183,33,13,2,1,2,0.0,0,BB,Online TA,TA/TO,0,0,0,0,0,Transient,193.33,0,0,08,2017-08-13,0,3,2.0,0,1,1,6,Guest_0270,Expected
Resort Hotel,1,95,33,13,2,1,2,0.0,0,BB,Online TA,TA/TO,0,0,0,0,0,Transient,230.0,0,1,08,2017-08-13,0,3,2.0,0,1,1,6,Guest_0271,Expected
Resort Hotel,1,183,33,13,2,1,2,0.0,0,HB,Online TA,TA/TO,0,0,0,0,0,Transient,225.33,0,0,08,2017-08-13,0,3,2.0,0,1,1,6,Guest_0272,Expected
Resort Hotel,1,227,33,13,2,2,2,0.0,0,BB,Online TA,TA/TO,0,0,0,0,0,Transient,164.44,0,1,08,2017-08-13,0,4,2.0,0,1,1,6,Guest_0273,Expected
Resort Hotel,1,130,33,13,2,3,2,0.0,0,HB,Online TA,TA/TO,0,0,0,0,0,Transient,261.0,0,1,08,2017-08-13,0,5,2.0,0,1,1,6,Guest_0274,Expected
Resort Hotel,1,220,33,13,2,3,2,0.0,0,BB,Online TA,TA/TO,0,0,0,0,0,Transient,162.3,0,1,08,2017-08-13,0,5,2.0,0,1,0,6,Guest_0275,Expected
Resort Hotel,1,52,33,13,2,4,2,0.0,0,BB,Online TA,TA/TO,0,0,0,0,0,Transient,230.0,0,2,08,2017-08-13,0,6,2.0,0,1,1,6,Guest_0276,Expected
Resort Hotel,1,59,33,13,2,4,2,2.0,0,FB,Direct,Direct,0,0,0,1,0,Transient,437.0,0,0,08,2017-08-13,0,6,4.0,0,1,0,6,Guest_0277,Expected
Resort Hotel,1,285,33,13,2,5,2,0.0,0,BB,Online TA,TA/TO,0,0,0,0,0,Transient,138.38,0,1,08,2017-08-13,0,7,2.0,0,1,1,6,Guest_0278,Expected
Resort Hotel,1,166,33,13,2,5,2,0.0,0,HB,Offline TA/TO,TA/TO,0,0,0,0,0,Transient,141.0,0,0,08,2017-08-13,0,7,2.0,0,1,0,6,Guest_0279,Expected
Resort Hotel,1,309,33,13,2,5,3,1.0,0,BB,Online TA,TA/TO,0,0,0,0,0,Transient,249.0,0,0,08,2017-08-13,0,7,4.0,0,1,0,6,Guest_0280,Expected
Resort Hotel,1,300,33,13,2,5,2,0.0,0,BB,Online TA,TA/TO,0,0,0,0,0,Transient,219.6,0,0,08,2017-08-13,0,7,2.0,0,1,0,6,Guest_0281,Expected
Resort Hotel,1,285,33,13,2,5,2,0.0,0,BB,Online TA,TA/TO,0,0,0,0,0,Transient,138.38,0,1,08,2017-08-13,0,7,2.0,0,1,1,6,Guest_0282,Expected
Resort Hotel,1,102,33,13,3,5,2,0.0,0,BB,Online TA,TA/TO,0,0,0,0,0,Transient,230.0,0,0,08,2017-08-13,0,8,2.0,0,1,0,6,Guest_0283,Expected
Resort Hotel,1,216,33,13,4,6,2,1.0,0,HB,Direct,Direct,0,0,0,1,0,Transient,180.5,0,0,08,2017-08-13,0,10,3.0,0,1,1,6,Guest_0284,Expected
Resort Hotel,1,291,33,13,4,6,2,0.0,1,BB,Offline TA/TO,TA/TO,0,0,0,0,0,Contract,117.3,0,1,08,2017-08-13,0,10,3.0,0,1,0,6,Guest_0285,Expected
Resort Hotel,1,291,33,13,4,6,2,0.0,0,BB,Offline TA/TO,TA/TO,0,0,0,0,0,Contract,117.3,0,1,08,2017-08-13,0,10,2.0,0,1,0,6,Guest_0286,Expected
Resort Hotel,1,228,33,13,4,9,2,0.0,0,HB,Online TA,TA/TO,0,0,0,1,0,Transient,207.23,0,2,08,2017-08-13,0,13,2.0,0,1,1,6,Guest_0287,Expected
Resort Hotel,1,0,33,14,1,0,2,0.0,0,BB,Direct,Direct,0,0,0,0,0,Transient,225.0,0,0,08,2017-08-14,0,1,2.0,0,1,0,0,Guest_0288,Expected
Resort Hotel,1,0,33,14,1,0,2,0.0,0,BB,Online TA,TA/TO,0,0,0,0,0,Transient,230.0,0,0,08,2017-08-14,0,1,2.0,0,1,1,0,Guest_0289,Expected
Resort Hotel,1,0,33,14,1,0,2,0.0,0,BB,Online TA,TA/TO,0,0,0,0,0,Transient,264.0,0,0,08,2017-08-14,0,1,2.0,0,1,0,0,Guest_0290,Expected
Resort Hotel,1,89,33,14,1,2,2,0.0,0,BB,Online TA,TA/TO,0,0,0,0,0,Transient,230.0,0,0,08,2017-08-14,0,3,2.0,0,1,0,0,Guest_0291,Expected
Resort Hotel,1,53,33,14,1,2,3,1.0,0,HB,Online TA,TA/TO,0,0,0,0,0,Transient,388.0,0,0,08,2017-08-14,0,3,4.0,0,1,1,0,Guest_0292,Expected
Resort Hotel,1,188,33,14,1,2,2,0.0,0,BB,Online TA,TA/TO,0,0,0,0,0,Transient,204.67,0,1,08,2017-08-14,0,3,2.0,0,1,1,0,Guest_0293,Expected
Resort Hotel,1,206,33,14,1,2,2,1.0,0,BB,Online TA,TA/TO,0,0,0,0,0,Transient,177.41,0,2,08,2017-08-14,1,3,3.0,0,1,0,0,Guest_0294,Expected
Resort Hotel,1,216,33,14,1,3,2,0.0,0,BB,Online TA,TA/TO,0,0,0,0,0,Transient,181.0,0,1,08,2017-08-14,0,4,2.0,0,1,1,0,Guest_0295,Expected
Resort Hotel,1,175,33,14,1,3,2,0.0,0,BB,Online TA,TA/TO,0,0,0,2,0,Transient,200.0,0,1,08,2017-08-14,0,4,2.0,0,1,1,0,Guest_0296,Expected
Resort Hotel,1,14,33,14,1,3,2,0.0,0,BB,Online TA,TA/TO,0,0,0,0,0,Transient,215.0,0,2,08,2017-08-14,0,4,2.0,0,1,1,0,Guest_0297,Expected
Resort Hotel,1,216,33,14,1,3,2,0.0,0,BB,Online TA,TA/TO,0,0,0,0,0,Transient,181.0,0,1,08,2017-08-14,0,4,2.0,0,1,1,0,Guest_0298,Expected
Resort Hotel,1,295,33,14,1,3,3,1.0,0,BB,Online TA,TA/TO,0,0,0,0,0,Transient,249.0,0,0,08,2017-08-14,0,4,4.0,0,1,1,0,Guest_0299,Expected
Resort Hotel,1,175,33,14,1,3,2,0.0,0,BB,Direct,Direct,0,0,0,3,0,Transient,274.5,0,0,08,2017-08-14,0,4,2.0,0,1,0,0,Guest_0300,Expected
Resort Hotel,1,175,33,14,1,3,2,0.0,0,BB,Online TA,TA/TO,0,0,0,2,0,Transient,200.0,0,1,08,2017-08-14,0,4,2.0,0,1,1,0,Guest_0301,Expected
Resort Hotel,1,183,33,14,1,3,2,0.0,0,BB,Online TA,TA/TO,0,0,0,0,0,Transient,185.0,0,0,08,2017-08-14,0,4,2.0,0,1,0,0,Guest_0302,Expected
Resort Hotel,1,99,33,14,1,4,2,0.0,0,HB,Online TA,TA/TO,0,0,0,0,0,Transient,262.0,0,0,08,2017-08-14,0,5,2.0,0,1,1,0,Guest_0303,Expected
Resort Hotel,1,91,33,14,1,4,1,0.0,0,BB,Online TA,TA/TO,0,0,0,0,0,Transient,221.0,0,0,08,2017-08-14,0,5,1.0,0,1,0,0,Guest_0304,Expected
Resort Hotel,1,342,33,14,1,4,2,0.0,0,HB,Online TA,TA/TO,0,0,0,0,0,Transient,185.4,0,2,08,2017-08-14,0,5,2.0,0,1,0,0,Guest_0305,Expected
Resort Hotel,1,133,33,14,2,5,2,1.0,0,BB,Online TA,TA/TO,0,0,0,2,0,Transient,254.0,0,2,08,2017-08-14,0,7,3.0,0,1,0,0,Guest_0306,Expected
Resort Hotel,1,146,33,14,2,5,2,1.0,0,BB,Online TA,TA/TO,0,0,0,0,0,Transient,310.0,0,1,08,2017-08-14,0,7,3.0,0,1,1,0,Guest_0307,Expected
Resort Hotel,1,13,33,14,2,5,2,0.0,0,BB,Corporate,Corporate,0,0,0,0,0,Transient,159.0,0,0,08,2017-08-14,0,7,2.0,0,0,0,0,Guest_0308,Expected
Resort Hotel,1,227,33,14,1,5,2,2.0,0,HB,Online TA,TA/TO,0,0,0,1,0,Transient,208.67,0,1,08,2017-08-14,1,6,4.0,0,1,0,0,Guest_0309,Expected
Resort Hotel,1,195,33,14,2,5,2,1.0,0,HB,Direct,Direct,0,0,0,0,0,Transient,201.6,0,2,08,2017-08-14,0,7,3.0,0,0,0,0,Guest_0310,Expected
Resort Hotel,1,146,33,14,2,5,3,0.0,0,BB,Online TA,TA/TO,0,0,0,0,0,Transient,240.0,0,1,08,2017-08-14,0,7,3.0,0,1,1,0,Guest_0311,Expected
Resort Hotel,1,33,33,14,2,5,2,0.0,0,HB,Online TA,TA/TO,0,0,0,0,0,Transient,262.0,0,1,08,2017-08-14,0,7,2.0,0,1,1,0,Guest_0312,Expected
Resort Hotel,1,182,33,14,2,5,2,0.0,0,BB,Direct,Direct,0,0,0,0,0,Transient,209.86,0,0,08,2017-08-14,0,7,2.0,0,1,1,0,Guest_0313,Expected
Resort Hotel,1,295,33,14,2,5,3,1.0,0,HB,Online TA,TA/TO,0,0,0,0,0,Transient,297.0,0,0,08,2017-08-14,0,7,4.0,0,1,1,0,Guest_0314,Expected
Resort Hotel,1,358,33,14,3,5,2,2.0,0,HB,Online TA,TA/TO,0,0,0,0,0,Transient,308.0,0,0,08,2017-08-14,0,8,4.0,0,1,1,0,Guest_0315,Expected
Resort Hotel,1,269,33,14,2,5,3,0.0,0,HB,Online TA,TA/TO,0,0,0,0,0,Transient,147.0,0,0,08,2017-08-14,0,7,3.0,0,1,0,0,Guest_0316,Expected
Resort Hotel,1,244,33,14,3,7,2,2.0,0,BB,Online TA,TA/TO,0,0,0,0,0,Transient,246.8,0,0,08,2017-08-14,0,10,4.0,0,1,1,0,Guest_0317,Expected
Resort Hotel,1,16,33,15,0,1,2,0.0,0,BB,Online TA,TA/TO,0,0,0,3,0,Transient,209.0,0,1,08,2017-08-15,0,1,2.0,0,1,1,1,Guest_0318,Expected
Resort Hotel,1,16,33,15,0,1,2,2.0,0,BB,Online TA,TA/TO,0,0,0,3,0,Transient,259.0,0,1,08,2017-08-15,0,1,4.0,0,1,1,1,Guest_0319,Expected
Resort Hotel,1,16,33,15,0,1,2,0.0,0,BB,Online TA,TA/TO,0,0,0,3,0,Transient,209.0,0,1,08,2017-08-15,0,1,2.0,0,1,1,1,Guest_0320,Expected
Resort Hotel,1,1,33,15,0,1,2,0.0,0,BB,Online TA,TA/TO,0,0,0,0,0,Transient,149.0,0,0,08,2017-08-15,0,1,2.0,0,1,1,1,Guest_0321,Expected
Resort Hotel,1,7,33,15,0,1,2,0.0,0,BB,Online TA,TA/TO,0,0,0,0,0,Transient,190.0,0,1,08,2017-08-15,0,1,2.0,0,1,1,1,Guest_0322,Expected
Resort Hotel,1,6,33,15,0,1,2,0.0,0,BB,Online TA,TA/TO,0,0,0,0,0,Transient,190.0,0,1,08,2017-08-15,0,1,2.0,0,0,1,1,Guest_0323,Expected
Resort Hotel,1,270,33,15,0,4,2,2.0,0,BB,Online TA,TA/TO,0,0,0,0,0,Transient,244.0,0,0,08,2017-08-15,0,4,4.0,0,1,1,1,Guest_0324,Expected
Resort Hotel,1,194,33,15,0,5,2,0.0,0,BB,Online TA,TA/TO,0,0,0,0,0,Transient,160.0,0,1,08,2017-08-15,0,5,2.0,0,1,1,1,Guest_0325,Expected
Resort Hotel,1,126,33,15,1,5,2,0.0,0,BB,Online TA,TA/TO,0,0,0,0,0,Transient,230.0,0,1,08,2017-08-15,0,6,2.0,0,1,1,1,Guest_0326,Expected
Resort Hotel,1,221,33,15,1,5,1,0.0,0,HB,Online TA,TA/TO,0,0,0,0,0,Transient,224.33,0,2,08,2017-08-15,0,6,1.0,0,1,1,1,Guest_0327,Expected
Resort Hotel,1,39,33,15,1,5,2,0.0,0,BB,Online TA,TA/TO,0,0,0,0,0,Transient,230.0,0,1,08,2017-08-15,0,6,2.0,0,1,0,1,Guest_0328,Expected
Resort Hotel,1,126,33,15,1,5,2,0.0,0,BB,Online TA,TA/TO,0,0,0,0,0,Transient,230.0,0,1,08,2017-08-15,0,6,2.0,0,1,1,1,Guest_0329,Expected
Resort Hotel,1,15,33,15,1,5,2,2.0,0,BB,Online TA,TA/TO,0,0,0,0,0,Transient,273.0,0,1,08,2017-08-15,0,6,4.0,0,1,0,1,Guest_0330,Expected
Resort Hotel,1,284,33,15,0,5,3,0.0,0,BB,Online TA,TA/TO,0,0,0,0,0,Transient,174.6,0,2,08,2017-08-15,0,5,3.0,0,1,0,1,Guest_0331,Expected
Resort Hotel,1,141,33,15,2,5,2,1.0,0,BB,Online TA,TA/TO,0,0,0,1,0,Transient,245.0,0,0,08,2017-08-15,0,7,3.0,0,1,1,1,Guest_0332,Expected
Resort Hotel,1,24,33,15,2,5,2,0.0,0,BB,Online TA,TA/TO,0,0,0,0,0,Transient,224.0,0,1,08,2017-08-15,0,7,2.0,0,1,0,1,Guest_0333,Expected
Resort Hotel,1,198,33,15,2,5,2,0.0,0,HB,Online TA,TA/TO,0,0,0,0,0,Transient,231.43,0,2,08,2017-08-15,0,7,2.0,0,1,1,1,Guest_0334,Expected
Resort Hotel,1,97,33,15,2,6,2,0.0,0,BB,Online TA,TA/TO,0,0,0,0,0,Transient,270.0,0,0,08,2017-08-15,0,8,2.0,0,1,1,1,Guest_0335,Expected
Resort Hotel,1,203,33,15,3,10,2,0.0,0,BB,Online TA,TA/TO,0,0,0,0,0,Transient,154.85,0,1,08,2017-08-15,0,13,2.0,0,1,1,1,Guest_0336,Expected
Resort Hotel,1,371,33,15,2,8,2,0.0,0,BB,Offline TA/TO,TA/TO,0,0,0,0,0,Contract,104.85,0,0,08,2017-08-15,0,10,2.0,0,1,0,1,Guest_0337,Expected
Resort Hotel,1,49,33,16,0,1,2,0.0,0,BB,Online TA,TA/TO,0,0,0,0,0,Transient-Party,230.0,0,2,08,2017-08-16,0,1,2.0,0,1,1,2,Guest_0338,Expected
Resort Hotel,1,15,33,16,0,1,2,2.0,0,BB,Online TA,TA/TO,0,0,0,0,0,Transient,310.0,0,0,08,2017-08-16,0,1,4.0,0,1,1,2,Guest_0339,Expected
Resort Hotel,1,49,33,16,0,1,2,0.0,0,BB,Online TA,TA/TO,0,0,0,0,0,Transient-Party,230.0,0,2,08,2017-08-16,0,1,2.0,0,1,1,2,Guest_0340,Expected
Resort Hotel,1,36,33,16,0,2,2,0.0,0,BB,Online TA,TA/TO,0,0,0,0,0,Transient,184.0,0,1,08,2017-08-16,0,2,2.0,0,1,0,2,Guest_0341,Expected
Resort Hotel,1,36,33,16,0,2,2,0.0,0,BB,Online TA,TA/TO,0,0,0,0,0,Transient,208.8,0,1,08,2017-08-16,0,2,2.0,0,1,0,2,Guest_0342,Expected
Resort Hotel,1,227,33,16,0,3,3,1.0,0,BB,Online TA,TA/TO,0,0,0,0,0,Transient,249.0,0,0,08,2017-08-16,0,3,4.0,0,1,0,2,Guest_0343,Expected
Resort Hotel,1,61,33,16,0,4,2,0.0,0,BB,Online TA,TA/TO,0,0,0,0,0,Group,188.6,0,0,08,2017-08-16,0,4,2.0,0,1,0,2,Guest_0344,Expected
Resort Hotel,1,66,33,16,0,4,2,0.0,0,BB,Online TA,TA/TO,0,0,0,0,0,Transient,230.0,0,2,08,2017-08-16,0,4,2.0,0,1,0,2,Guest_0345,Expected
Resort Hotel,1,211,33,16,0,4,2,0.0,1,BB,Online TA,TA/TO,0,0,0,1,0,Transient,153.75,0,0,08,2017-08-16,0,4,3.0,0,1,1,2,Guest_0346,Expected
Resort Hotel,1,142,33,16,1,4,2,0.0,0,BB,Online TA,TA/TO,0,0,0,0,0,Transient,229.0,0,2,08,2017-08-16,0,5,2.0,0,1,0,2,Guest_0347,Expected
Resort Hotel,1,66,33,16,0,4,1,0.0,0,BB,Online TA,TA/TO,0,0,0,0,0,Transient,230.0,0,2,08,2017-08-16,0,4,1.0,0,1,0,2,Guest_0348,Expected
Resort Hotel,1,145,33,16,1,4,1,0.0,0,HB,Online TA,TA/TO,0,0,0,0,0,Transient,252.0,0,1,08,2017-08-16,0,5,1.0,0,1,0,2,Guest_0349,Expected
Resort Hotel,1,36,33,16,2,4,2,0.0,0,BB,Online TA,TA/TO,0,0,0,0,0,Transient,230.0,0,0,08,2017-08-16,0,6,2.0,0,1,1,2,Guest_0350,Expected
Resort Hotel,1,37,33,16,2,4,2,0.0,0,BB,Online TA,TA/TO,0,0,0,0,0,Transient,230.0,0,1,08,2017-08-16,0,6,2.0,0,1,1,2,Guest_0351,Expected
Resort Hotel,1,217,33,16,2,8,2,1.0,0,BB,Online TA,TA/TO,0,0,0,0,0,Transient,144.88,0,0,08,2017-08-16,0,10,3.0,0,1,0,2,Guest_0352,Expected
Resort Hotel,1,133,33,16,2,5,2,0.0,0,BB,Direct,Direct,0,0,0,0,0,Transient,264.0,0,2,08,2017-08-16,0,7,2.0,0,1,1,2,Guest_0353,Expected
Resort Hotel,1,0,33,17,0,1,2,0.0,0,BB,Direct,Direct,0,0,0,0,0,Transient,200.0,0,0,08,2017-08-17,0,1,2.0,0,0,0,3,Guest_0354,Expected
Resort Hotel,1,16,33,17,0,1,2,2.0,0,HB,Online TA,TA/TO,0,0,0,0,0,Transient,308.0,0,1,08,2017-08-17,0,1,4.0,0,1,1,3,Guest_0355,Expected
Resort Hotel,1,2,33,17,0,1,1,0.0,0,HB,Online TA,TA/TO,0,0,0,0,0,Transient,215.0,0,2,08,2017-08-17,0,1,1.0,0,1,1,3,Guest_0356,Expected
Resort Hotel,1,82,33,17,0,1,2,0.0,0,BB,Online TA,TA/TO,0,0,0,0,0,Transient,184.0,0,0,08,2017-08-17,0,1,2.0,0,1,0,3,Guest_0357,Expected
Resort Hotel,1,2,33,17,0,1,1,0.0,0,HB,Online TA,TA/TO,0,0,0,0,0,Transient,215.0,0,2,08,2017-08-17,0,1,1.0,0,1,1,3,Guest_0358,Expected
Resort Hotel,1,0,33,17,0,1,2,0.0,0,BB,Direct,Direct,0,0,0,0,0,Transient,200.0,0,0,08,2017-08-17,0,1,2.0,0,0,0,3,Guest_0359,Expected
Resort Hotel,0,3,33,17,0,1,1,0.0,0,BB,Corporate,Corporate,0,0,0,0,0,Transient,135.0,0,0,08,2017-08-17,0,1,1.0,0,0,0,3,Guest_0360,Expected
Resort Hotel,1,129,33,17,0,2,2,0.0,0,HB,Online TA,TA/TO,0,0,0,0,0,Transient,262.0,0,1,08,2017-08-17,0,2,2.0,0,1,0,3,Guest_0361,Expected
Resort Hotel,1,13,33,17,0,2,3,0.0,0,BB,Direct,Direct,0,0,0,0,0,Transient,241.0,0,0,08,2017-08-17,0,2,3.0,0,1,0,3,Guest_0362,Expected
Resort Hotel,1,184,33,17,0,2,2,2.0,0,BB,Online TA,TA/TO,0,0,0,0,0,Transient,200.0,0,2,08,2017-08-17,0,2,4.0,0,1,0,3,Guest_0363,Expected
Resort Hotel,1,77,33,17,0,2,2,0.0,0,BB,Online TA,TA/TO,0,0,0,0,0,Transient,184.0,0,1,08,2017-08-17,0,2,2.0,0,1,0,3,Guest_0364,Expected
Resort Hotel,1,40,33,17,1,3,2,0.0,0,HB,Online TA,TA/TO,0,0,0,0,0,Transient,289.8,0,1,08,2017-08-17,0,4,2.0,0,1,0,3,Guest_0365,Expected
Resort Hotel,1,69,33,17,1,3,2,2.0,0,HB,Online TA,TA/TO,0,0,0,0,0,Transient,378.0,0,0,08,2017-08-17,0,4,4.0,0,1,0,3,Guest_0366,Expected
Resort Hotel,1,168,33,17,1,3,2,2.0,0,HB,Online TA,TA/TO,0,0,0,0,0,Transient,338.0,0,0,08,2017-08-17,0,4,4.0,0,1,1,3,Guest_0367,Expected
Resort Hotel,1,40,33,17,1,3,1,2.0,0,HB,Online TA,TA/TO,0,0,0,0,0,Transient,311.5,0,1,08,2017-08-17,0,4,3.0,0,1,0,3,Guest_0368,Expected
Resort Hotel,1,187,33,17,1,3,2,0.0,0,HB,Online TA,TA/TO,0,0,0,0,0,Transient,212.0,0,0,08,2017-08-17,0,4,2.0,0,1,1,3,Guest_0369,Expected
Resort Hotel,1,177,33,17,1,3,2,2.0,0,HB,Online TA,TA/TO,0,0,0,0,0,Transient,318.0,0,0,08,2017-08-17,0,4,4.0,0,1,1,3,Guest_0370,Expected
Resort Hotel,1,149,33,17,1,3,2,0.0,0,BB,Online TA,TA/TO,0,0,0,0,0,Transient,240.0,0,2,08,2017-08-17,0,4,2.0,0,1,1,3,Guest_0371,Expected
Resort Hotel,1,40,33,17,1,3,2,0.0,0,HB,Online TA,TA/TO,0,0,0,0,0,Transient,289.8,0,1,08,2017-08-17,0,4,2.0,0,1,0,3,Guest_0372,Expected
Resort Hotel,1,212,33,17,1,3,2,0.0,0,BB,Online TA,TA/TO,0,0,0,0,0,Transient-Party,153.75,0,0,08,2017-08-17,0,4,2.0,0,1,1,3,Guest_0373,Expected
Resort Hotel,1,247,33,17,1,3,2,0.0,0,HB,Offline TA/TO,TA/TO,0,0,0,0,0,Contract,130.05,0,0,08,2017-08-17,0,4,2.0,0,1,0,3,Guest_0374,Expected
Resort Hotel,1,12,33,17,1,3,2,0.0,0,HB,Online TA,TA/TO,0,0,0,0,0,Transient,247.0,0,1,08,2017-08-17,0,4,2.0,0,1,0,3,Guest_0375,Expected
Resort Hotel,1,212,33,17,1,3,2,0.0,0,BB,Online TA,TA/TO,0,0,0,0,0,Transient-Party,153.75,0,0,08,2017-08-17,0,4,2.0,0,1,1,3,Guest_0376,Expected
Resort Hotel,1,209,33,17,2,4,2,0.0,0,HB,Online TA,TA/TO,0,0,0,0,0,Transient,185.75,0,0,08,2017-08-17,0,6,2.0,0,1,1,3,Guest_0377,Expected
Resort Hotel,1,168,33,17,2,4,2,0.0,0,BB,Online TA,TA/TO,0,0,0,0,0,Transient,176.0,0,1,08,2017-08-17,0,6,2.0,0,1,0,3,Guest_0378,Expected
Resort Hotel,1,168,33,17,2,4,2,0.0,0,BB,Online TA,TA/TO,0,0,0,0,0,Transient,176.0,0,1,08,2017-08-17,0,6,2.0,0,1,0,3,Guest_0379,Expected
Resort Hotel,1,161,33,17,2,4,2,0.0,0,HB,Online TA,TA/TO,0,0,0,0,0,Transient,217.6,0,0,08,2017-08-17,0,6,2.0,0,1,0,3,Guest_0380,Expected
Resort Hotel,1,245,33,17,2,4,2,0.0,0,HB,Online TA,TA/TO,0,0,0,2,0,Transient,222.0,0,2,08,2017-08-17,0,6,2.0,0,1,1,3,Guest_0381,Expected
Resort Hotel,1,161,33,17,2,4,2,0.0,0,HB,Online TA,TA/TO,0,0,0,0,0,Transient,217.6,0,0,08,2017-08-17,0,6,2.0,0,1,0,3,Guest_0382,Expected
Resort Hotel,1,245,33,17,2,4,2,0.0,0,HB,Online TA,TA/TO,0,0,0,2,0,Transient,222.0,0,2,08,2017-08-17,0,6,2.0,0,1,1,3,Guest_0383,Expected
Resort Hotel,1,179,33,17,2,4,3,1.0,0,BB,Online TA,TA/TO,0,0,0,2,0,Transient,290.0,0,0,08,2017-08-17,0,6,4.0,0,1,1,3,Guest_0384,Expected
Resort Hotel,1,213,33,17,2,5,2,1.0,0,HB,Online TA,TA/TO,0,0,0,0,0,Transient,154.08,0,0,08,2017-08-17,0,7,3.0,0,1,0,3,Guest_0385,Expected
Resort Hotel,1,213,33,17,2,5,2,1.0,0,HB,Online TA,TA/TO,0,0,0,0,0,Transient,154.08,0,0,08,2017-08-17,0,7,3.0,0,1,0,3,Guest_0386,Expected
Resort Hotel,1,212,33,17,2,5,2,1.0,0,HB,Online TA,TA/TO,0,0,0,0,0,Transient,147.0,0,0,08,2017-08-17,0,7,3.0,0,1,0,3,Guest_0387,Expected
Resort Hotel,1,358,33,17,2,5,2,2.0,0,BB,Online TA,TA/TO,0,0,0,0,0,Transient,260.0,0,0,08,2017-08-17,0,7,4.0,0,1,1,3,Guest_0388,Expected
Resort Hotel,1,154,33,17,2,5,2,0.0,0,BB,Online TA,TA/TO,0,0,0,0,0,Transient,238.57,0,2,08,2017-08-17,0,7,2.0,0,1,0,3,Guest_0389,Expected
Resort Hotel,1,212,33,17,2,5,2,1.0,0,HB,Online TA,TA/TO,0,0,0,0,0,Transient,147.0,0,0,08,2017-08-17,0,7,3.0,0,1,0,3,Guest_0390,Expected
Resort Hotel,1,84,33,17,2,5,2,0.0,0,BB,Online TA,TA/TO,0,0,0,0,0,Transient,270.0,0,2,08,2017-08-17,0,7,2.0,0,1,1,3,Guest_0391,Expected
Resort Hotel,1,172,33,17,2,5,2,0.0,0,BB,Online TA,TA/TO,0,0,0,0,0,Transient,200.0,0,2,08,2017-08-17,0,7,2.0,0,1,1,3,Guest_0392,Expected
Resort Hotel,1,358,33,17,2,5,2,2.0,0,BB,Online TA,TA/TO,0,0,0,0,0,Transient,290.0,0,1,08,2017-08-17,0,7,4.0,0,1,1,3,Guest_0393,Expected
Resort Hotel,1,213,33,17,2,5,2,0.0,0,HB,Online TA,TA/TO,0,0,0,0,0,Transient,132.3,0,0,08,2017-08-17,0,7,2.0,0,1,0,3,Guest_0394,Expected
Resort Hotel,1,151,33,17,2,6,2,0.0,0,BB,Online TA,TA/TO,0,0,0,0,0,Transient,217.5,0,1,08,2017-08-17,0,8,2.0,0,1,1,3,Guest_0395,Expected
Resort Hotel,1,65,33,17,2,6,2,0.0,0,BB,Online TA,TA/TO,0,0,0,1,0,Transient,270.0,0,1,08,2017-08-17,0,8,2.0,0,1,1,3,Guest_0396,Expected
Resort Hotel,1,168,33,17,2,6,2,0.0,0,BB,Online TA,TA/TO,0,0,0,0,0,Transient,217.5,0,1,08,2017-08-17,0,8,2.0,0,1,1,3,Guest_0397,Expected
Resort Hotel,1,168,33,17,2,6,2,0.0,0,BB,Online TA,TA/TO,0,0,0,1,0,Transient,237.5,0,2,08,2017-08-17,0,8,2.0,0,1,1,3,Guest_0398,Expected
Resort Hotel,1,44,33,18,0,1,2,0.0,0,BB,Online TA,TA/TO,0,0,0,0,0,Transient,213.0,0,1,08,2017-08-18,0,1,2.0,0,0,0,4,Guest_0399,Expected
Resort Hotel,1,158,33,18,0,2,2,0.0,0,BB,Online TA,TA/TO,0,0,0,1,0,Transient,230.0,0,1,08,2017-08-18,0,2,2.0,0,1,1,4,Guest_0400,Expected
Resort Hotel,1,49,33,18,0,2,2,0.0,0,BB,Online TA,TA/TO,0,0,0,0,0,Transient,230.0,0,0,08,2017-08-18,0,2,2.0,0,1,0,4,Guest_0401,Expected
Resort Hotel,1,117,33,18,0,2,2,0.0,0,HB,Online TA,TA/TO,0,0,0,0,0,Transient,282.0,0,1,08,2017-08-18,0,2,2.0,0,1,1,4,Guest_0402,Expected
Resort Hotel,1,19,33,18,0,2,2,0.0,0,HB,Online TA,TA/TO,0,0,0,0,0,Transient,262.0,0,0,08,2017-08-18,0,2,2.0,0,1,1,4,Guest_0403,Expected
Resort Hotel,1,124,33,18,0,2,2,0.0,0,BB,Online TA,TA/TO,0,0,0,0,0,Transient,220.0,0,1,08,2017-08-18,0,2,2.0,0,1,1,4,Guest_0404,Expected
Resort Hotel,1,88,33,18,0,2,2,0.0,0,BB,Online TA,TA/TO,0,0,0,0,0,Transient,270.0,0,1,08,2017-08-18,0,2,2.0,0,1,1,4,Guest_0405,Expected
Resort Hotel,1,144,33,18,0,2,2,0.0,0,BB,Online TA,TA/TO,0,0,0,0,0,Transient,249.0,0,2,08,2017-08-18,0,2,2.0,0,1,1,4,Guest_0406,Expected
Resort Hotel,1,33,33,18,1,2,2,2.0,0,BB,Online TA,TA/TO,0,0,0,0,0,Transient,330.0,0,0,08,2017-08-18,0,3,4.0,0,1,1,4,Guest_0407,Expected
Resort Hotel,1,200,33,18,2,2,2,1.0,0,BB,Online TA,TA/TO,0,0,0,0,0,Transient,180.0,0,0,08,2017-08-18,0,4,3.0,0,1,1,4,Guest_0408,Expected
Resort Hotel,1,200,33,18,2,2,2,1.0,0,BB,Online TA,TA/TO,0,0,0,0,0,Transient,250.0,0,0,08,2017-08-18,0,4,3.0,0,1,1,4,Guest_0409,Expected
Resort Hotel,1,76,33,18,2,3,2,0.0,0,BB,Direct,Direct,0,0,0,0,0,Transient,265.0,0,1,08,2017-08-18,0,5,2.0,0,1,1,4,Guest_0410,Expected
Resort Hotel,1,44,33,18,2,3,2,0.0,0,HB,Online TA,TA/TO,0,0,0,0,0,Transient,257.6,0,1,08,2017-08-18,0,5,2.0,0,1,0,4,Guest_0411,Expected
Resort Hotel,1,39,33,18,2,3,2,0.0,0,HB,Online TA,TA/TO,0,0,0,0,0,Transient,257.6,0,1,08,2017-08-18,0,5,2.0,0,1,0,4,Guest_0412,Expected
Resort Hotel,1,64,33,18,2,3,2,0.0,0,BB,Online TA,TA/TO,0,0,0,0,0,Transient,250.0,0,1,08,2017-08-18,0,5,2.0,0,1,1,4,Guest_0413,Expected
Resort Hotel,1,187,33,18,2,4,2,0.0,0,BB,Online TA,TA/TO,0,0,0,0,0,Transient,180.0,0,2,08,2017-08-18,0,6,2.0,0,1,0,4,Guest_0414,Expected
Resort Hotel,1,257,33,18,2,5,3,0.0,0,HB,Direct,Direct,0,0,0,4,0,Transient,231.6,0,0,08,2017-08-18,0,7,3.0,0,1,0,4,Guest_0415,Expected
Resort Hotel,1,185,33,18,2,5,2,2.0,0,BB,Online TA,TA/TO,0,0,0,0,0,Transient,200.0,0,0,08,2017-08-18,0,7,4.0,0,1,1,4,Guest_0416,Expected
Resort Hotel,1,8,33,18,2,5,2,0.0,0,BB,Offline TA/TO,TA/TO,0,0,0,0,0,Transient,146.0,0,0,08,2017-08-18,0,7,2.0,0,1,0,4,Guest_0417,Expected
Resort Hotel,1,173,33,18,2,5,2,0.0,0,BB,Online TA,TA/TO,0,0,0,0,0,Transient,200.0,0,1,08,2017-08-18,0,7,2.0,0,1,1,4,Guest_0418,Expected
Resort Hotel,1,203,33,18,4,8,2,1.0,0,BB,Online TA,TA/TO,0,0,0,0,0,Transient,126.8,0,3,08,2017-08-18,0,12,3.0,0,1,1,4,Guest_0419,Expected
Resort Hotel,1,108,33,18,2,7,2,0.0,0,BB,Online TA,TA/TO,0,0,0,0,0,Transient,227.22,0,1,08,2017-08-18,0,9,2.0,0,1,1,4,Guest_0420,Expected
Resort Hotel,1,177,33,18,2,7,2,0.0,0,BB,Online TA,TA/TO,0,0,0,2,0,Transient,200.0,0,0,08,2017-08-18,0,9,2.0,0,1,1,4,Guest_0421,Expected
Resort Hotel,1,259,33,19,0,1,2,0.0,0,BB,Online TA,TA/TO,0,0,0,0,0,Transient,153.75,0,1,08,2017-08-19,0,1,2.0,0,1,0,5,Guest_0422,Expected
Resort Hotel,1,2,33,19,0,1,2,0.0,0,BB,Direct,Direct,0,0,0,0,0,Transient,234.0,0,0,08,2017-08-19,0,1,2.0,0,0,0,5,Guest_0423,Expected
Resort Hotel,1,234,33,19,1,1,2,0.0,0,BB,Direct,Direct,0,0,0,0,0,Transient,181.8,0,2,08,2017-08-19,0,2,2.0,0,1,0,5,Guest_0424,Expected
Resort Hotel,1,195,33,19,2,2,2,0.0,0,BB,Online TA,TA/TO,0,0,0,0,0,Transient,212.0,0,0,08,2017-08-19,0,4,2.0,0,1,1,5,Guest_0425,Expected
Resort Hotel,1,160,33,19,2,3,2,0.0,0,BB,Online TA,TA/TO,0,0,0,0,0,Transient,238.0,0,0,08,2017-08-19,0,5,2.0,0,1,1,5,Guest_0426,Expected
Resort Hotel,1,173,33,19,2,3,2,0.0,0,HB,Online TA,TA/TO,0,0,0,0,0,Transient,250.0,0,0,08,2017-08-19,0,5,2.0,0,1,1,5,Guest_0427,Expected
Resort Hotel,1,177,33,19,2,4,2,0.0,0,BB,Online TA,TA/TO,0,0,0,0,0,Transient,218.0,0,0,08,2017-08-19,0,6,2.0,0,1,1,5,Guest_0428,Expected
Resort Hotel,1,108,33,19,2,4,3,1.0,0,BB,Online TA,TA/TO,0,0,0,0,0,Transient,340.0,0,1,08,2017-08-19,0,6,4.0,0,1,1,5,Guest_0429,Expected
Resort Hotel,1,113,33,19,2,4,2,0.0,0,HB,Online TA,TA/TO,0,0,0,0,0,Transient,214.84,0,0,08,2017-08-19,0,6,2.0,0,0,0,5,Guest_0430,Expected
Resort Hotel,1,187,33,19,2,4,2,2.0,0,HB,Online TA,TA/TO,0,0,0,0,0,Transient,248.0,0,0,08,2017-08-19,0,6,4.0,0,1,1,5,Guest_0431,Expected
Resort Hotel,1,199,33,19,2,3,2,0.0,0,BB,Online TA,TA/TO,0,0,0,0,0,Transient,123.2,0,0,08,2017-08-19,0,5,2.0,0,1,0,5,Guest_0432,Expected
Resort Hotel,1,160,33,19,2,3,2,0.0,0,BB,Online TA,TA/TO,0,0,0,0,0,Transient,238.0,0,0,08,2017-08-19,0,5,2.0,0,1,1,5,Guest_0433,Expected
Resort Hotel,1,306,33,19,2,4,2,0.0,0,BB,Online TA,TA/TO,0,0,0,0,0,Transient,156.6,0,1,08,2017-08-19,0,6,2.0,0,1,1,5,Guest_0434,Expected
Resort Hotel,1,211,33,19,2,5,2,0.0,0,BB,Online TA,TA/TO,0,0,0,0,0,Transient,203.75,0,1,08,2017-08-19,0,7,2.0,0,1,0,5,Guest_0435,Expected
Resort Hotel,1,125,33,19,2,5,2,0.0,0,BB,Online TA,TA/TO,0,0,0,0,0,Transient,230.0,0,1,08,2017-08-19,0,7,2.0,0,1,0,5,Guest_0436,Expected
Resort Hotel,1,211,33,19,2,5,2,0.0,0,HB,Online TA,TA/TO,0,0,0,0,0,Transient,133.74,0,0,08,2017-08-19,0,7,2.0,0,1,0,5,Guest_0437,Expected
Resort Hotel,1,129,33,19,2,5,2,0.0,0,HB,Offline TA/TO,TA/TO,0,0,0,0,0,Transient-Party,205.6,0,0,08,2017-08-19,0,7,2.0,0,1,0,5,Guest_0438,Expected
Resort Hotel,1,129,33,19,2,5,1,0.0,0,HB,Offline TA/TO,TA/TO,0,0,0,0,0,Transient-Party,192.8,0,0,08,2017-08-19,0,7,1.0,0,1,0,5,Guest_0439,Expected
Resort Hotel,1,146,33,19,2,5,2,0.0,0,BB,Online TA,TA/TO,0,0,0,0,0,Transient-Party,235.71,0,0,08,2017-08-19,0,7,2.0,0,1,1,5,Guest_0440,Expected
Resort Hotel,1,216,33,19,2,5,2,0.0,0,HB,Online TA,TA/TO,0,0,0,0,0,Transient,204.0,0,0,08,2017-08-19,0,7,2.0,0,1,0,5,Guest_0441,Expected
Resort Hotel,1,211,33,19,2,5,3,0.0,0,HB,Online TA,TA/TO,0,0,0,0,0,Transient,174.24,0,0,08,2017-08-19,0,7,3.0,0,1,0,5,Guest_0442,Expected
Resort Hotel,1,122,33,19,2,5,2,0.0,0,FB,Offline TA/TO,TA/TO,0,0,0,0,0,Transient-Party,230.0,0,0,08,2017-08-19,0,7,2.0,0,1,0,5,Guest_0443,Expected
Resort Hotel,1,129,33,19,2,5,3,0.0,0,HB,Offline TA/TO,TA/TO,0,0,0,0,0,Transient-Party,247.2,0,0,08,2017-08-19,0,7,3.0,0,1,0,5,Guest_0444,Expected
Resort Hotel,1,349,33,19,4,6,2,2.0,0,BB,Direct,Direct,0,0,0,0,0,Transient,227.1,0,0,08,2017-08-19,0,10,4.0,0,1,1,5,Guest_0445,Expected
Resort Hotel,1,220,33,19,4,6,2,2.0,0,BB,Online TA,TA/TO,0,0,0,0,0,Transient,244.0,0,0,08,2017-08-19,0,10,4.0,0,1,1,5,Guest_0446,Expected
Resort Hotel,1,353,33,19,4,6,2,2.0,0,BB,Online TA,TA/TO,0,0,0,0,0,Transient,244.0,0,1,08,2017-08-19,0,10,4.0,0,1,1,5,Guest_0447,Expected
Resort Hotel,1,5,34,20,1,0,2,0.0,0,BB,Online TA,Direct,0,0,0,0,0,Transient,194.0,0,1,08,2017-08-20,0,1,2.0,0,0,0,6,Guest_0448,Expected
Resort Hotel,1,118,34,20,2,1,2,0.0,0,BB,Online TA,TA/TO,0,0,0,0,0,Transient,270.0,0,1,08,2017-08-20,0,3,2.0,0,1,1,6,Guest_0449,Expected
Resort Hotel,1,210,34,20,2,1,2,0.0,0,BB,Online TA,TA/TO,0,0,0,0,0,Transient,153.75,0,2,08,2017-08-20,0,3,2.0,0,1,1,6,Guest_0450,Expected
Resort Hotel,1,294,34,20,2,1,2,1.0,0,HB,Online TA,TA/TO,0,0,0,1,0,Transient,190.88,0,2,08,2017-08-20,0,3,3.0,0,1,1,6,Guest_0451,Expected
Resort Hotel,1,337,34,20,2,1,2,0.0,0,HB,Online TA,TA/TO,0,0,0,0,0,Transient,185.75,0,0,08,2017-08-20,0,3,2.0,0,1,1,6,Guest_0452,Expected
Resort Hotel,1,64,34,20,2,2,2,0.0,0,BB,Online TA,TA/TO,0,0,0,0,0,Transient,250.0,0,1,08,2017-08-20,0,4,2.0,0,1,1,6,Guest_0453,Expected
Resort Hotel,1,178,34,20,2,2,2,0.0,0,BB,Offline TA/TO,TA/TO,0,0,0,0,0,Transient,116.5,0,0,08,2017-08-20,0,4,2.0,0,1,0,6,Guest_0454,Expected
Resort Hotel,1,161,34,20,2,3,2,0.0,0,HB,Online TA,TA/TO,0,0,0,0,0,Transient,268.0,0,0,08,2017-08-20,0,5,2.0,0,1,1,6,Guest_0455,Expected
Resort Hotel,1,161,34,20,2,3,2,0.0,0,BB,Online TA,TA/TO,0,0,0,0,0,Transient,236.0,0,1,08,2017-08-20,0,5,2.0,0,1,1,6,Guest_0456,Expected
Resort Hotel,1,315,34,20,2,3,2,0.0,0,BB,Online TA,TA/TO,0,0,0,2,0,Transient,138.38,0,1,08,2017-08-20,0,5,2.0,0,1,1,6,Guest_0457,Expected
Resort Hotel,1,360,34,20,2,4,3,1.0,0,HB,Online TA,TA/TO,0,0,0,0,0,Transient,343.0,0,0,08,2017-08-20,0,6,4.0,0,1,0,6,Guest_0458,Expected
Resort Hotel,1,173,34,20,2,4,2,0.0,0,HB,Online TA,TA/TO,0,0,0,2,0,Transient,254.0,0,1,08,2017-08-20,0,6,2.0,0,1,1,6,Guest_0459,Expected
Resort Hotel,1,190,34,20,2,4,2,0.0,0,HB,Online TA,TA/TO,0,0,0,0,0,Transient,230.0,0,0,08,2017-08-20,0,6,2.0,0,1,0,6,Guest_0460,Expected
Resort Hotel,1,210,34,20,2,4,2,0.0,0,BB,Direct,Direct,0,0,0,0,0,Transient,140.94,0,1,08,2017-08-20,0,6,2.0,0,1,0,6,Guest_0461,Expected
Resort Hotel,1,277,34,20,2,5,2,0.0,0,HB,Online TA,TA/TO,0,0,0,0,0,Transient,165.37,0,1,08,2017-08-20,0,7,2.0,0,1,0,6,Guest_0462,Expected
Resort Hotel,1,143,34,20,2,5,2,0.0,0,BB,Online TA,TA/TO,0,0,0,0,0,Transient,174.04,0,1,08,2017-08-20,0,7,2.0,0,1,0,6,Guest_0463,Expected
Resort Hotel,1,90,34,20,2,5,2,1.0,0,HB,Online TA,TA/TO,0,0,0,0,0,Transient,289.6,0,1,08,2017-08-20,1,7,3.0,0,1,0,6,Guest_0464,Expected
Resort Hotel,1,60,34,20,4,7,2,0.0,0,BB,Online TA,TA/TO,0,0,0,0,0,Transient,255.45,0,3,08,2017-08-20,0,11,2.0,0,1,1,6,Guest_0465,Expected
Resort Hotel,1,60,34,20,4,7,2,0.0,0,BB,Online TA,TA/TO,0,0,0,0,0,Transient,255.45,0,3,08,2017-08-20,0,11,2.0,0,1,1,6,Guest_0466,Expected
Resort Hotel,1,106,34,20,4,9,2,0.0,0,BB,Online TA,TA/TO,0,0,0,0,0,Transient,234.62,0,1,08,2017-08-20,0,13,2.0,0,1,1,6,Guest_0467,Expected
Resort Hotel,1,195,34,20,4,9,2,0.0,0,BB,Online TA,TA/TO,0,0,0,1,0,Transient,180.0,0,0,08,2017-08-20,0,13,2.0,0,1,1,6,Guest_0468,Expected
Resort Hotel,1,83,34,20,6,13,2,0.0,0,BB,Online TA,TA/TO,0,0,0,0,0,Transient,204.74,0,1,08,2017-08-20,0,19,2.0,0,1,0,6,Guest_0469,Expected
Resort Hotel,1,19,34,21,1,0,2,2.0,0,BB,Online TA,TA/TO,0,0,0,1,0,Transient,260.0,0,1,08,2017-08-21,0,1,4.0,0,1,0,0,Guest_0470,Expected
Resort Hotel,1,25,34,21,1,2,2,0.0,0,BB,Online TA,TA/TO,0,0,0,0,0,Transient,270.0,0,1,08,2017-08-21,0,3,2.0,0,1,1,0,Guest_0471,Expected
Resort Hotel,1,193,34,21,1,2,2,0.0,0,HB,Offline TA/TO,TA/TO,0,0,0,0,0,Contract,130.05,0,0,08,2017-08-21,0,3,2.0,0,1,0,0,Guest_0472,Expected
Resort Hotel,1,197,34,21,1,2,2,0.0,0,BB,Online TA,TA/TO,0,0,0,0,0,Transient,160.0,0,0,08,2017-08-21,0,3,2.0,0,1,1,0,Guest_0473,Expected
Resort Hotel,1,21,34,21,1,3,3,1.0,0,BB,Online TA,TA/TO,0,0,0,0,0,Transient,340.0,0,0,08,2017-08-21,0,4,4.0,0,1,0,0,Guest_0474,Expected
Resort Hotel,1,38,34,21,1,3,2,0.0,0,HB,Online TA,TA/TO,0,0,0,0,0,Transient,199.12,0,1,08,2017-08-21,0,4,2.0,0,1,0,0,Guest_0475,Expected
Resort Hotel,1,34,34,21,1,3,2,0.0,0,BB,Online TA,TA/TO,0,0,0,0,0,Transient,270.0,0,3,08,2017-08-21,0,4,2.0,0,1,0,0,Guest_0476,Expected
Resort Hotel,1,247,34,21,1,3,2,2.0,0,BB,Online TA,TA/TO,0,0,0,0,0,Transient,244.0,0,0,08,2017-08-21,0,4,4.0,0,1,1,0,Guest_0477,Expected
Resort Hotel,1,295,34,21,1,3,3,1.0,0,HB,Online TA,TA/TO,0,0,0,0,0,Transient,297.0,0,0,08,2017-08-21,0,4,4.0,0,1,1,0,Guest_0478,Expected
Resort Hotel,1,206,34,21,1,3,2,0.0,0,BB,Online TA,TA/TO,0,0,0,0,0,Transient,160.0,0,0,08,2017-08-21,0,4,2.0,0,1,1,0,Guest_0479,Expected
Resort Hotel,1,119,34,21,1,4,2,2.0,0,HB,Online TA,TA/TO,0,0,0,0,0,Transient,378.0,0,0,08,2017-08-21,0,5,4.0,0,1,1,0,Guest_0480,Expected
Resort Hotel,1,189,34,21,1,4,2,0.0,0,BB,Online TA,TA/TO,0,0,0,0,0,Transient,160.0,0,1,08,2017-08-21,0,5,2.0,0,1,1,0,Guest_0481,Expected
Resort Hotel,1,202,34,21,1,4,2,0.0,1,HB,Online TA,TA/TO,0,0,0,1,0,Transient,192.0,0,2,08,2017-08-21,0,5,3.0,0,1,0,0,Guest_0482,Expected
Resort Hotel,1,122,34,21,1,4,2,1.0,0,HB,Online TA,TA/TO,0,0,0,3,0,Transient,295.5,0,1,08,2017-08-21,0,5,3.0,0,1,0,0,Guest_0483,Expected
Resort Hotel,1,12,34,21,1,4,2,0.0,0,HB,Online TA,TA/TO,0,0,0,0,0,Transient,242.0,0,0,08,2017-08-21,0,5,2.0,0,1,0,0,Guest_0484,Expected
Resort Hotel,1,238,34,21,1,5,2,0.0,0,BB,Online TA,TA/TO,0,0,0,0,0,Transient,153.75,0,1,08,2017-08-21,0,6,2.0,0,1,0,0,Guest_0485,Expected
Resort Hotel,1,189,34,21,1,5,3,0.0,0,FB,Online TA,TA/TO,0,0,0,0,0,Transient,232.0,0,0,08,2017-08-21,0,6,3.0,0,1,0,0,Guest_0486,Expected
Resort Hotel,1,29,34,21,1,5,2,0.0,0,BB,Online TA,TA/TO,0,0,0,0,0,Transient,230.0,0,1,08,2017-08-21,0,6,2.0,0,1,1,0,Guest_0487,Expected
Resort Hotel,1,233,34,21,1,5,2,0.0,0,BB,Online TA,TA/TO,0,0,0,0,0,Transient,153.75,0,2,08,2017-08-21,0,6,2.0,0,1,1,0,Guest_0488,Expected
Resort Hotel,1,136,34,21,2,5,2,1.0,0,FB,Online TA,TA/TO,0,0,0,0,0,Transient,240.91,0,0,08,2017-08-21,0,7,3.0,0,1,0,0,Guest_0489,Expected
Resort Hotel,1,144,34,21,2,5,2,0.0,0,HB,Online TA,TA/TO,0,0,0,0,0,Transient,278.14,0,1,08,2017-08-21,0,7,2.0,0,1,1,0,Guest_0490,Expected
Resort Hotel,1,136,34,21,2,5,3,0.0,0,HB,Online TA,TA/TO,0,0,0,0,0,Transient,206.51,0,3,08,2017-08-21,0,7,3.0,0,1,0,0,Guest_0491,Expected
Resort Hotel,1,217,34,21,2,5,2,1.0,0,Undefined,Offline TA/TO,TA/TO,0,0,0,0,0,Transient,52.5,0,0,08,2017-08-21,0,7,3.0,0,1,0,0,Guest_0492,Expected
Resort Hotel,1,193,34,21,2,5,2,2.0,0,HB,Online TA,TA/TO,0,0,0,1,0,Transient,184.5,0,0,08,2017-08-21,0,7,4.0,0,1,0,0,Guest_0493,Expected
Resort Hotel,1,204,34,21,2,5,2,0.0,0,HB,Online TA,TA/TO,0,0,0,0,0,Transient,191.14,0,0,08,2017-08-21,0,7,2.0,0,1,1,0,Guest_0494,Expected
Resort Hotel,1,202,34,21,3,6,2,2.0,0,HB,Offline TA/TO,TA/TO,0,0,0,0,0,Transient,187.4,0,0,08,2017-08-21,0,9,4.0,0,0,0,0,Guest_0495,Expected
Resort Hotel,1,15,34,22,0,1,2,2.0,0,BB,Online TA,TA/TO,0,0,0,0,0,Transient,260.0,0,0,08,2017-08-22,0,1,4.0,0,1,1,1,Guest_0496,Expected
Resort Hotel,1,3,34,22,0,1,2,0.0,0,BB,Online TA,TA/TO,0,0,0,0,0,Transient,125.46,0,0,08,2017-08-22,1,1,2.0,0,1,0,1,Guest_0497,Expected
Resort Hotel,1,101,34,22,0,2,2,2.0,0,BB,Online TA,TA/TO,0,0,0,0,0,Transient,280.0,0,1,08,2017-08-22,0,2,4.0,0,1,1,1,Guest_0498,Expected
Resort Hotel,1,49,34,22,0,2,2,0.0,0,BB,Online TA,TA/TO,0,0,0,0,0,Transient,230.0,0,2,08,2017-08-22,0,2,2.0,0,1,1,1,Guest_0499,Expected
Resort Hotel,1,157,34,22,0,4,2,0.0,0,BB,Direct,Direct,0,0,0,0,0,Transient,237.5,0,0,08,2017-08-22,0,4,2.0,0,1,1,1,Guest_0500,Expected
Resort Hotel,1,26,34,22,0,4,2,0.0,0,FB,Direct,Direct,0,0,0,0,0,Transient,319.0,0,2,08,2017-08-22,0,4,2.0,0,1,0,1,Guest_0501,Expected
Resort Hotel,1,181,34,22,0,5,2,2.0,0,HB,Online TA,TA/TO,0,0,0,0,0,Transient,268.0,0,0,08,2017-08-22,0,5,4.0,0,1,1,1,Guest_0502,Expected
Resort Hotel,1,58,34,23,0,4,2,0.0,0,HB,Online TA,TA/TO,0,0,0,0,0,Transient,225.6,0,0,08,2017-08-23,0,4,2.0,0,1,0,2,Guest_0503,Expected
Resort Hotel,1,43,34,23,0,4,2,0.0,0,BB,Online TA,TA/TO,0,0,0,0,0,Transient,270.0,0,1,08,2017-08-23,0,4,2.0,0,1,1,2,Guest_0504,Expected
Resort Hotel,1,212,34,23,0,4,2,0.0,0,BB,Online TA,TA/TO,0,0,0,0,0,Transient,192.0,0,0,08,2017-08-23,0,4,2.0,0,1,1,2,Guest_0505,Expected
Resort Hotel,1,24,34,23,2,4,2,0.0,0,BB,Online TA,TA/TO,0,0,0,0,0,Transient,216.67,0,1,08,2017-08-23,0,6,2.0,0,1,1,2,Guest_0506,Expected
Resort Hotel,1,209,34,23,2,4,2,0.0,0,BB,Online TA,TA/TO,0,0,0,1,0,Transient,158.0,0,1,08,2017-08-23,0,6,2.0,0,1,0,2,Guest_0507,Expected
Resort Hotel,1,223,34,23,2,5,2,0.0,0,HB,Online TA,TA/TO,0,0,0,0,0,Transient,222.0,0,2,08,2017-08-23,0,7,2.0,0,1,1,2,Guest_0508,Expected
Resort Hotel,1,156,34,23,2,5,2,0.0,0,BB,Online TA,TA/TO,0,0,0,0,0,Transient,225.71,0,1,08,2017-08-23,0,7,2.0,0,1,1,2,Guest_0509,Expected
Resort Hotel,1,63,34,23,2,5,1,1.0,0,BB,Online TA,TA/TO,0,0,0,0,0,Transient,174.54,0,0,08,2017-08-23,0,7,2.0,0,1,0,2,Guest_0510,Expected
Resort Hotel,1,156,34,23,2,5,2,0.0,0,BB,Online TA,TA/TO,0,0,0,0,0,Transient,205.71,0,1,08,2017-08-23,0,7,2.0,0,1,1,2,Guest_0511,Expected
Resort Hotel,1,223,34,23,2,5,2,0.0,0,HB,Online TA,TA/TO,0,0,0,2,0,Transient,204.0,0,2,08,2017-08-23,0,7,2.0,0,1,1,2,Guest_0512,Expected
Resort Hotel,1,95,34,23,2,5,2,0.0,0,BB,Online TA,TA/TO,0,0,0,0,0,Transient,238.57,0,1,08,2017-08-23,0,7,2.0,0,1,1,2,Guest_0513,Expected
Resort Hotel,1,195,34,23,2,8,3,0.0,0,HB,Offline TA/TO,TA/TO,0,0,0,0,0,Transient,39.0,0,0,08,2017-08-23,0,10,3.0,0,1,0,2,Guest_0514,Expected
Resort Hotel,1,77,34,24,0,3,2,0.0,0,BB,Offline TA/TO,TA/TO,0,0,0,0,0,Transient,198.0,0,0,08,2017-08-24,0,3,2.0,0,0,0,3,Guest_0515,Expected
Resort Hotel,1,77,34,24,0,3,2,0.0,0,BB,Offline TA/TO,TA/TO,0,0,0,0,0,Transient,198.0,0,0,08,2017-08-24,0,3,2.0,0,0,0,3,Guest_0516,Expected
Resort Hotel,1,77,34,24,0,3,2,0.0,0,BB,Offline TA/TO,TA/TO,0,0,0,0,0,Transient,198.0,0,0,08,2017-08-24,0,3,2.0,0,0,0,3,Guest_0517,Expected
Resort Hotel,1,77,34,24,0,3,2,0.0,0,BB,Offline TA/TO,TA/TO,0,0,0,0,0,Transient,198.0,0,0,08,2017-08-24,0,3,2.0,0,0,0,3,Guest_0518,Expected
Resort Hotel,1,77,34,24,0,3,2,0.0,0,BB,Offline TA/TO,TA/TO,0,0,0,0,0,Transient,198.0,0,0,08,2017-08-24,0,3,2.0,0,0,0,3,Guest_0519,Expected
Resort Hotel,1,111,34,24,0,3,2,0.0,0,BB,Online TA,TA/TO,0,0,0,0,0,Transient,230.0,0,1,08,2017-08-24,0,3,2.0,0,1,1,3,Guest_0520,Expected
Resort Hotel,1,77,34,24,0,3,2,0.0,0,BB,Offline TA/TO,TA/TO,0,0,0,0,0,Transient,198.0,0,0,08,2017-08-24,0,3,2.0,0,0,0,3,Guest_0521,Expected
Resort Hotel,1,77,34,24,0,3,2,0.0,0,BB,Offline TA/TO,TA/TO,0,0,0,0,0,Transient,198.0,0,0,08,2017-08-24,0,3,2.0,0,0,0,3,Guest_0522,Expected
Resort Hotel,1,77,34,24,0,3,2,0.0,0,BB,Offline TA/TO,TA/TO,0,0,0,0,0,Transient,198.0,0,0,08,2017-08-24,0,3,2.0,0,0,0,3,Guest_0523,Expected
Resort Hotel,1,60,34,24,1,3,2,0.0,0,HB,Online TA,TA/TO,0,0,0,0,0,Transient,252.0,0,0,08,2017-08-24,0,4,2.0,0,1,1,3,Guest_0524,Expected
Resort Hotel,1,44,34,24,1,3,2,0.0,0,BB,Online TA,TA/TO,0,0,0,0,0,Transient,240.0,0,1,08,2017-08-24,0,4,2.0,0,1,1,3,Guest_0525,Expected
Resort Hotel,1,338,34,24,1,3,2,0.0,0,HB,Online TA,TA/TO,0,0,0,0,0,Transient,181.11,0,1,08,2017-08-24,0,4,2.0,0,1,1,3,Guest_0526,Expected
Resort Hotel,1,197,34,24,1,3,2,0.0,0,BB,Online TA,TA/TO,0,0,0,0,0,Transient,198.0,0,1,08,2017-08-24,0,4,2.0,0,1,1,3,Guest_0527,Expected
Resort Hotel,1,77,34,24,0,3,2,0.0,0,BB,Offline TA/TO,TA/TO,0,0,0,0,0,Transient,198.0,0,0,08,2017-08-24,0,3,2.0,0,0,0,3,Guest_0528,Expected
Resort Hotel,1,77,34,24,0,3,2,0.0,0,BB,Offline TA/TO,TA/TO,0,0,0,0,0,Transient,198.0,0,0,08,2017-08-24,0,3,2.0,0,0,0,3,Guest_0529,Expected
Resort Hotel,1,20,34,24,1,3,2,0.0,0,BB,Online TA,TA/TO,0,0,0,0,0,Transient,255.0,0,1,08,2017-08-24,0,4,2.0,0,1,1,3,Guest_0530,Expected
Resort Hotel,1,71,34,24,1,3,2,0.0,0,BB,Online TA,TA/TO,0,0,0,0,0,Transient,220.0,0,0,08,2017-08-24,0,4,2.0,0,1,1,3,Guest_0531,Expected
Resort Hotel,1,198,34,24,1,3,2,2.0,0,BB,Online TA,TA/TO,0,0,0,0,0,Transient,200.0,0,0,08,2017-08-24,0,4,4.0,0,1,1,3,Guest_0532,Expected
Resort Hotel,1,338,34,24,1,3,2,0.0,0,HB,Online TA,TA/TO,0,0,0,0,0,Transient,201.6,0,1,08,2017-08-24,0,4,2.0,0,1,1,3,Guest_0533,Expected
Resort Hotel,1,144,34,24,2,4,2,0.0,0,BB,Online TA,TA/TO,0,0,0,0,0,Transient,199.0,0,0,08,2017-08-24,0,6,2.0,0,1,1,3,Guest_0534,Expected
Resort Hotel,1,237,34,24,2,4,2,0.0,0,BB,Online TA,TA/TO,0,0,0,0,0,Transient,153.75,0,1,08,2017-08-24,0,6,2.0,0,1,1,3,Guest_0535,Expected
Resort Hotel,1,162,34,24,2,5,3,0.0,0,HB,Offline TA/TO,TA/TO,0,0,0,0,0,Transient,208.05,0,0,08,2017-08-24,0,7,3.0,0,1,0,3,Guest_0536,Expected
Resort Hotel,1,58,34,24,2,5,2,0.0,0,HB,Online TA,TA/TO,0,0,0,0,0,Transient,239.14,0,0,08,2017-08-24,0,7,2.0,0,1,0,3,Guest_0537,Expected
Resort Hotel,1,163,34,24,2,5,2,1.0,0,HB,Online TA,TA/TO,0,0,0,0,0,Transient,188.03,0,0,08,2017-08-24,0,7,3.0,0,1,0,3,Guest_0538,Expected
Resort Hotel,1,165,34,24,2,5,3,0.0,0,HB,Online TA,TA/TO,0,0,0,1,0,Transient,229.43,0,0,08,2017-08-24,0,7,3.0,0,1,0,3,Guest_0539,Expected
Resort Hotel,1,162,34,24,2,5,3,0.0,0,HB,Offline TA/TO,TA/TO,0,0,0,0,0,Transient,208.05,0,0,08,2017-08-24,0,7,3.0,0,1,0,3,Guest_0540,Expected
Resort Hotel,1,198,34,24,2,5,2,1.0,0,Undefined,Online TA,TA/TO,0,0,0,1,0,Transient,204.75,0,0,08,2017-08-24,0,7,3.0,0,1,0,3,Guest_0541,Expected
Resort Hotel,1,60,34,25,0,1,2,0.0,0,BB,Online TA,TA/TO,0,0,0,0,0,Transient,207.0,0,1,08,2017-08-25,0,1,2.0,0,1,1,4,Guest_0542,Expected
Resort Hotel,1,198,34,25,1,2,1,0.0,0,BB,Online TA,TA/TO,0,0,0,0,0,Transient,151.0,0,1,08,2017-08-25,0,3,1.0,0,1,1,4,Guest_0543,Expected
Resort Hotel,1,26,34,25,1,2,2,0.0,0,BB,Online TA,TA/TO,0,0,0,0,0,Transient,216.67,0,1,08,2017-08-25,0,3,2.0,0,1,1,4,Guest_0544,Expected
Resort Hotel,1,31,34,25,2,2,2,0.0,0,BB,Online TA,TA/TO,0,0,0,1,0,Transient,250.0,0,2,08,2017-08-25,0,4,2.0,0,1,1,4,Guest_0545,Expected
Resort Hotel,1,72,34,25,2,2,2,2.0,0,BB,Online TA,TA/TO,0,0,0,0,0,Transient,260.0,0,2,08,2017-08-25,0,4,4.0,0,1,1,4,Guest_0546,Expected
Resort Hotel,1,90,34,25,2,2,2,2.0,0,BB,Online TA,TA/TO,0,0,0,0,0,Transient,270.0,0,1,08,2017-08-25,0,4,4.0,0,1,1,4,Guest_0547,Expected
Resort Hotel,1,149,34,25,2,2,2,2.0,0,BB,Online TA,TA/TO,0,0,0,1,0,Transient,249.0,0,1,08,2017-08-25,0,4,4.0,0,1,1,4,Guest_0548,Expected
Resort Hotel,1,150,34,25,2,3,2,0.0,0,HB,Online TA,TA/TO,0,0,0,0,0,Transient,229.0,0,1,08,2017-08-25,0,5,2.0,0,1,1,4,Guest_0549,Expected
Resort Hotel,1,253,34,25,2,4,1,0.0,0,BB,Online TA,TA/TO,0,0,0,0,0,Transient,153.75,0,1,08,2017-08-25,0,6,1.0,0,1,1,4,Guest_0550,Expected
Resort Hotel,1,167,34,25,2,4,2,2.0,0,HB,Online TA,TA/TO,0,0,0,0,0,Transient,331.33,0,0,08,2017-08-25,0,6,4.0,0,1,1,4,Guest_0551,Expected
Resort Hotel,1,253,34,25,2,4,2,0.0,0,BB,Online TA,TA/TO,0,0,0,0,0,Transient,153.75,0,1,08,2017-08-25,0,6,2.0,0,1,1,4,Guest_0552,Expected
Resort Hotel,1,253,34,25,2,4,2,0.0,0,BB,Online TA,TA/TO,0,0,0,0,0,Transient,153.75,0,2,08,2017-08-25,0,6,2.0,0,1,1,4,Guest_0553,Expected
Resort Hotel,1,110,34,25,2,3,2,0.0,0,BB,Online TA,TA/TO,0,0,0,0,0,Transient,214.0,0,0,08,2017-08-25,0,5,2.0,0,1,1,4,Guest_0554,Expected
Resort Hotel,1,253,34,25,2,4,2,0.0,0,BB,Online TA,TA/TO,0,0,0,0,0,Transient,153.75,0,1,08,2017-08-25,0,6,2.0,0,1,1,4,Guest_0555,Expected
Resort Hotel,1,38,34,25,2,5,2,2.0,0,BB,Online TA,TA/TO,0,0,0,0,0,Transient,251.43,0,1,08,2017-08-25,0,7,4.0,0,1,1,4,Guest_0556,Expected
Resort Hotel,1,172,34,25,2,5,3,0.0,0,HB,Online TA,TA/TO,0,0,0,1,0,Transient,259.0,0,0,08,2017-08-25,0,7,3.0,0,1,0,4,Guest_0557,Expected
Resort Hotel,1,353,34,25,2,6,3,1.0,0,BB,Online TA,TA/TO,0,0,0,0,0,Transient,249.0,0,2,08,2017-08-25,0,8,4.0,0,1,0,4,Guest_0558,Expected
Resort Hotel,1,0,34,26,0,1,2,0.0,0,BB,Direct,Direct,0,0,0,0,0,Transient,235.0,0,0,08,2017-08-26,0,1,2.0,0,0,0,5,Guest_0559,Expected
Resort Hotel,1,172,34,26,0,1,3,0.0,0,BB,Direct,Direct,0,0,0,0,0,Transient,207.0,0,0,08,2017-08-26,0,1,3.0,0,1,0,5,Guest_0560,Expected
Resort Hotel,1,17,34,26,1,1,2,0.0,0,BB,Online TA,TA/TO,0,0,0,0,0,Transient,240.0,0,2,08,2017-08-26,0,2,2.0,0,1,1,5,Guest_0561,Expected
Resort Hotel,1,45,34,26,2,1,2,0.0,0,BB,Online TA,TA/TO,0,0,0,0,0,Transient,243.33,0,1,08,2017-08-26,0,3,2.0,0,1,1,5,Guest_0562,Expected
Resort Hotel,1,74,34,26,2,1,2,2.0,0,BB,Online TA,TA/TO,0,0,0,0,0,Transient,303.33,0,1,08,2017-08-26,0,3,4.0,0,1,0,5,Guest_0563,Expected
Resort Hotel,1,143,34,26,2,1,2,2.0,0,BB,Online TA,TA/TO,0,0,0,2,0,Transient-Party,295.67,0,1,08,2017-08-26,0,3,4.0,0,1,1,5,Guest_0564,Expected
Resort Hotel,1,204,34,26,2,1,2,0.0,0,HB,Online TA,TA/TO,0,0,0,1,0,Transient,140.4,0,0,08,2017-08-26,0,3,2.0,0,1,0,5,Guest_0565,Expected
Resort Hotel,1,143,34,26,2,1,2,2.0,0,BB,Online TA,TA/TO,0,0,0,3,0,Transient-Party,295.67,0,1,08,2017-08-26,0,3,4.0,0,1,1,5,Guest_0566,Expected
Resort Hotel,1,191,34,26,2,2,2,0.0,0,FB,Offline TA/TO,TA/TO,0,0,0,0,0,Transient,173.0,0,0,08,2017-08-26,0,4,2.0,0,1,0,5,Guest_0567,Expected
Resort Hotel,1,80,34,26,2,2,2,0.0,0,BB,Offline TA/TO,TA/TO,0,0,0,0,0,Contract,135.0,0,1,08,2017-08-26,0,4,2.0,0,1,0,5,Guest_0568,Expected
Resort Hotel,1,181,34,26,2,2,2,2.0,0,BB,Online TA,TA/TO,0,0,0,0,0,Transient,220.0,0,1,08,2017-08-26,0,4,4.0,0,1,1,5,Guest_0569,Expected
Resort Hotel,1,80,34,26,2,2,2,0.0,0,BB,Offline TA/TO,TA/TO,0,0,0,0,0,Contract,135.0,0,1,08,2017-08-26,0,4,2.0,0,1,0,5,Guest_0570,Expected
Resort Hotel,1,25,34,26,2,3,2,0.0,0,BB,Online TA,TA/TO,0,0,0,0,0,Transient,242.0,0,2,08,2017-08-26,0,5,2.0,0,1,0,5,Guest_0571,Expected
Resort Hotel,1,29,34,26,2,4,2,2.0,0,HB,Online TA,TA/TO,0,0,0,0,0,Transient,342.17,0,0,08,2017-08-26,0,6,4.0,0,1,0,5,Guest_0572,Expected
Resort Hotel,1,17,34,26,2,4,2,0.0,0,HB,Direct,Direct,0,0,0,1,0,Transient,262.38,0,0,08,2017-08-26,0,6,2.0,0,1,0,5,Guest_0573,Expected
Resort Hotel,1,66,34,26,2,5,2,1.0,0,HB,Online TA,TA/TO,0,0,0,0,0,Transient,284.86,0,1,08,2017-08-26,0,7,3.0,0,1,0,5,Guest_0574,Expected
Resort Hotel,1,103,34,26,2,5,2,2.0,0,BB,Online TA,TA/TO,0,0,0,0,0,Transient,251.43,0,1,08,2017-08-26,0,7,4.0,0,1,1,5,Guest_0575,Expected
Resort Hotel,1,184,34,26,2,5,2,0.0,0,FB,Offline TA/TO,TA/TO,0,0,0,0,0,Transient,173.0,0,0,08,2017-08-26,0,7,2.0,0,1,0,5,Guest_0576,Expected
Resort Hotel,1,142,34,26,2,5,1,0.0,0,HB,Offline TA/TO,TA/TO,0,0,0,0,0,Transient,155.0,0,0,08,2017-08-26,0,7,1.0,0,1,0,5,Guest_0577,Expected
Resort Hotel,1,47,34,26,2,5,2,2.0,0,HB,Online TA,TA/TO,0,0,0,0,0,Transient,340.86,0,0,08,2017-08-26,0,7,4.0,0,1,1,5,Guest_0578,Expected
Resort Hotel,1,185,34,26,2,5,3,0.0,0,FB,Online TA,TA/TO,0,0,0,1,0,Transient,251.0,0,0,08,2017-08-26,0,7,3.0,0,1,0,5,Guest_0579,Expected
Resort Hotel,1,90,34,26,2,5,2,0.0,0,BB,Online TA,TA/TO,0,0,0,1,0,Transient,201.43,0,1,08,2017-08-26,0,7,2.0,0,1,1,5,Guest_0580,Expected
Resort Hotel,1,87,34,26,2,5,2,2.0,0,HB,Online TA,TA/TO,0,0,0,0,0,Transient,299.43,0,1,08,2017-08-26,0,7,4.0,0,1,1,5,Guest_0581,Expected
Resort Hotel,1,17,34,26,2,5,2,2.0,0,BB,Online TA,TA/TO,0,0,0,1,0,Transient,294.29,0,1,08,2017-08-26,0,7,4.0,0,1,1,5,Guest_0582,Expected
Resort Hotel,1,3,34,26,2,5,1,0.0,0,BB,Offline TA/TO,TA/TO,0,0,0,0,0,Transient,183.13,0,0,08,2017-08-26,0,7,1.0,0,1,0,5,Guest_0583,Expected
Resort Hotel,1,17,34,26,2,5,2,0.0,0,BB,Online TA,TA/TO,0,0,0,1,0,Transient,194.29,0,1,08,2017-08-26,0,7,2.0,0,1,1,5,Guest_0584,Expected
Resort Hotel,1,212,34,26,2,5,2,1.0,0,HB,Online TA,TA/TO,0,0,0,0,0,Transient,179.89,0,0,08,2017-08-26,0,7,3.0,0,1,0,5,Guest_0585,Expected
Resort Hotel,1,40,34,26,2,5,2,0.0,0,HB,Direct,Direct,0,0,0,0,0,Transient,293.86,0,0,08,2017-08-26,0,7,2.0,0,1,1,5,Guest_0586,Expected
Resort Hotel,1,191,34,26,2,6,2,0.0,0,HB,Online TA,TA/TO,0,0,0,0,0,Transient,202.0,0,1,08,2017-08-26,0,8,2.0,0,1,0,5,Guest_0587,Expected
Resort Hotel,1,19,34,26,4,6,2,1.0,0,FB,Online TA,TA/TO,0,0,0,1,0,Transient,245.3,0,0,08,2017-08-26,0,10,3.0,0,1,0,5,Guest_0588,Expected
Resort Hotel,1,181,34,26,4,10,2,0.0,0,BB,Online TA,TA/TO,0,0,0,0,0,Transient,205.14,0,0,08,2017-08-26,0,14,2.0,0,1,1,5,Guest_0589,Expected
Resort Hotel,1,73,35,27,1,0,2,0.0,0,BB,Online TA,TA/TO,0,0,0,0,0,Transient,190.0,0,0,08,2017-08-27,0,1,2.0,0,1,0,6,Guest_0590,Expected
Resort Hotel,1,220,35,27,1,0,2,0.0,0,BB,Offline TA/TO,TA/TO,0,0,0,1,0,Transient-Party,128.7,0,0,08,2017-08-27,0,1,2.0,0,1,0,6,Guest_0591,Expected
Resort Hotel,1,51,35,27,2,0,2,2.0,0,BB,Online TA,TA/TO,0,0,0,0,0,Transient,290.0,0,1,08,2017-08-27,0,2,4.0,0,1,1,6,Guest_0592,Expected
Resort Hotel,1,51,35,27,2,0,2,2.0,0,BB,Online TA,TA/TO,0,0,0,0,0,Transient,290.0,0,1,08,2017-08-27,0,2,4.0,0,1,1,6,Guest_0593,Expected
Resort Hotel,1,50,35,27,2,0,2,0.0,0,HB,Online TA,TA/TO,0,0,0,0,0,Transient,242.0,0,0,08,2017-08-27,0,2,2.0,0,1,0,6,Guest_0594,Expected
Resort Hotel,1,301,35,27,2,1,2,1.0,0,HB,Online TA,TA/TO,0,0,0,1,0,Transient,190.88,0,1,08,2017-08-27,0,3,3.0,0,1,1,6,Guest_0595,Expected
Resort Hotel,1,344,35,27,2,1,2,0.0,0,HB,Online TA,TA/TO,0,0,0,0,0,Transient,185.75,0,0,08,2017-08-27,0,3,2.0,0,1,1,6,Guest_0596,Expected
Resort Hotel,1,140,35,27,2,1,2,0.0,0,BB,Online TA,TA/TO,0,0,0,0,0,Transient,229.0,0,1,08,2017-08-27,0,3,2.0,0,1,1,6,Guest_0597,Expected
Resort Hotel,1,36,35,27,2,1,2,1.0,0,BB,Online TA,TA/TO,0,0,0,0,0,Transient,244.16,0,1,08,2017-08-27,0,3,3.0,0,1,0,6,Guest_0598,Expected
Resort Hotel,1,61,35,27,2,2,2,0.0,0,HB,Online TA,TA/TO,0,0,0,0,0,Transient,222.0,0,2,08,2017-08-27,0,4,2.0,0,1,1,6,Guest_0599,Expected
Resort Hotel,1,22,35,27,2,2,2,2.0,0,BB,Online TA,TA/TO,0,0,0,0,0,Transient,295.0,0,0,08,2017-08-27,0,4,4.0,0,1,1,6,Guest_0600,Expected
Resort Hotel,1,47,35,27,2,3,1,2.0,0,HB,Online TA,TA/TO,0,0,0,0,0,Transient,289.8,0,1,08,2017-08-27,0,5,3.0,0,1,0,6,Guest_0601,Expected
Resort Hotel,1,47,35,27,2,3,1,1.0,0,HB,Online TA,TA/TO,0,0,0,0,0,Transient,253.8,0,1,08,2017-08-27,0,5,2.0,0,1,0,6,Guest_0602,Expected
Resort Hotel,1,46,35,27,2,2,1,0.0,0,BB,Online TA,TA/TO,0,0,0,0,0,Transient,230.0,0,0,08,2017-08-27,0,4,1.0,0,1,1,6,Guest_0603,Expected
Resort Hotel,1,99,35,27,2,4,2,0.0,0,BB,Online TA,TA/TO,0,0,0,0,0,Transient,236.67,0,1,08,2017-08-27,0,6,2.0,0,1,1,6,Guest_0604,Expected
Resort Hotel,1,20,35,27,2,5,2,0.0,0,HB,Offline TA/TO,TA/TO,0,0,0,0,0,Transient,182.0,0,1,08,2017-08-27,0,7,2.0,0,1,0,6,Guest_0605,Expected
Resort Hotel,1,216,35,27,2,5,2,0.0,0,BB,Online TA,TA/TO,0,0,0,0,0,Transient,110.7,0,0,08,2017-08-27,0,7,2.0,0,1,0,6,Guest_0606,Expected
Resort Hotel,1,20,35,27,2,5,2,0.0,0,HB,Offline TA/TO,TA/TO,0,0,0,0,0,Transient,182.0,0,1,08,2017-08-27,0,7,2.0,0,1,0,6,Guest_0607,Expected
Resort Hotel,1,216,35,27,2,5,3,0.0,0,BB,Online TA,TA/TO,0,0,0,0,0,Transient,139.68,0,0,08,2017-08-27,0,7,3.0,0,1,0,6,Guest_0608,Expected
Resort Hotel,1,327,35,27,2,5,2,0.0,0,HB,Online TA,TA/TO,0,0,0,0,0,Transient,167.18,0,1,08,2017-08-27,0,7,2.0,0,1,1,6,Guest_0609,Expected
Resort Hotel,1,305,35,27,4,6,2,0.0,0,BB,Offline TA/TO,TA/TO,0,0,0,0,0,Transient,131.4,0,2,08,2017-08-27,0,10,2.0,0,1,0,6,Guest_0610,Expected
Resort Hotel,1,56,35,28,1,1,2,0.0,0,BB,Online TA,TA/TO,0,0,0,0,0,Transient,152.0,0,0,08,2017-08-28,0,2,2.0,0,1,0,0,Guest_0611,Expected
Resort Hotel,1,98,35,28,1,1,2,0.0,0,BB,Online TA,TA/TO,0,0,0,2,0,Transient,190.0,0,1,08,2017-08-28,0,2,2.0,0,1,1,0,Guest_0612,Expected
Resort Hotel,1,48,35,28,1,1,2,0.0,0,BB,Online TA,TA/TO,0,0,0,0,0,Transient,230.0,0,0,08,2017-08-28,0,2,2.0,0,1,1,0,Guest_0613,Expected
Resort Hotel,1,56,35,28,1,1,2,0.0,0,BB,Online TA,TA/TO,0,0,0,0,0,Transient,152.0,0,0,08,2017-08-28,0,2,2.0,0,1,0,0,Guest_0614,Expected
Resort Hotel,1,98,35,28,1,1,2,0.0,0,BB,Online TA,TA/TO,0,0,0,2,0,Transient,190.0,0,1,08,2017-08-28,0,2,2.0,0,1,1,0,Guest_0615,Expected
Resort Hotel,1,98,35,28,1,1,2,0.0,0,BB,Online TA,TA/TO,0,0,0,2,0,Transient,190.0,0,1,08,2017-08-28,0,2,2.0,0,1,1,0,Guest_0616,Expected
Resort Hotel,1,56,35,28,1,1,2,0.0,0,BB,Online TA,TA/TO,0,0,0,0,0,Transient,152.0,0,0,08,2017-08-28,0,2,2.0,0,1,0,0,Guest_0617,Expected
Resort Hotel,1,53,35,28,1,2,2,0.0,0,BB,Online TA,TA/TO,0,0,0,0,0,Transient,190.0,0,2,08,2017-08-28,0,3,2.0,0,1,1,0,Guest_0618,Expected
Resort Hotel,1,40,35,28,1,2,1,0.0,0,BB,Online TA,TA/TO,0,0,0,0,0,Transient,230.0,0,1,08,2017-08-28,0,3,1.0,0,1,1,0,Guest_0619,Expected
Resort Hotel,1,172,35,28,1,2,3,0.0,0,HB,Offline TA/TO,TA/TO,0,0,0,1,0,Contract,198.05,0,0,08,2017-08-28,0,3,3.0,0,1,0,0,Guest_0620,Expected
Resort Hotel,1,63,35,28,1,2,2,0.0,0,HB,Online TA,TA/TO,0,0,0,0,0,Transient,236.0,0,2,08,2017-08-28,0,3,2.0,0,1,1,0,Guest_0621,Expected
Resort Hotel,1,152,35,28,1,3,2,0.0,0,BB,Offline TA/TO,TA/TO,0,0,0,0,0,Transient,141.0,0,0,08,2017-08-28,0,4,2.0,0,1,0,0,Guest_0622,Expected
Resort Hotel,1,61,35,28,1,3,2,0.0,0,BB,Online TA,TA/TO,0,0,0,0,0,Transient,190.0,0,0,08,2017-08-28,0,4,2.0,0,1,1,0,Guest_0623,Expected
Resort Hotel,1,35,35,28,1,3,2,0.0,0,BB,Online TA,TA/TO,0,0,0,0,0,Transient,230.0,0,1,08,2017-08-28,0,4,2.0,0,1,1,0,Guest_0624,Expected
Resort Hotel,1,14,35,28,1,3,2,0.0,0,HB,Online TA,TA/TO,0,0,0,0,0,Transient,218.25,0,1,08,2017-08-28,0,4,2.0,0,1,1,0,Guest_0625,Expected
Resort Hotel,1,26,35,28,1,3,2,2.0,0,BB,Online TA,TA/TO,0,0,0,0,0,Transient,286.25,0,0,08,2017-08-28,0,4,4.0,0,1,1,0,Guest_0626,Expected
Resort Hotel,1,73,35,28,1,4,2,0.0,0,BB,Online TA,TA/TO,0,0,0,0,0,Transient,206.0,0,2,08,2017-08-28,0,5,2.0,0,1,1,0,Guest_0627,Expected
Resort Hotel,1,175,35,28,1,4,2,0.0,0,BB,Online TA,TA/TO,0,0,0,0,0,Transient,230.0,0,2,08,2017-08-28,0,5,2.0,0,1,1,0,Guest_0628,Expected
Resort Hotel,1,73,35,28,1,4,2,0.0,0,BB,Online TA,TA/TO,0,0,0,0,0,Transient,206.0,0,2,08,2017-08-28,0,5,2.0,0,1,1,0,Guest_0629,Expected
Resort Hotel,1,65,35,28,1,4,2,0.0,0,BB,Online TA,TA/TO,0,0,0,0,0,Transient,186.0,0,0,08,2017-08-28,0,5,2.0,0,1,0,0,Guest_0630,Expected
Resort Hotel,1,27,35,28,1,4,2,2.0,0,HB,Direct,Direct,0,0,0,0,0,Transient,341.0,0,0,08,2017-08-28,0,5,4.0,0,1,1,0,Guest_0631,Expected
Resort Hotel,1,222,35,28,1,4,2,0.0,0,HB,Online TA,TA/TO,0,0,0,0,0,Transient,206.0,0,1,08,2017-08-28,0,5,2.0,0,1,1,0,Guest_0632,Expected
Resort Hotel,1,175,35,28,1,4,2,0.0,0,BB,Online TA,TA/TO,0,0,0,0,0,Transient,230.0,0,2,08,2017-08-28,0,5,2.0,0,1,1,0,Guest_0633,Expected
Resort Hotel,1,112,35,28,1,5,3,0.0,0,HB,Direct,Direct,0,0,0,1,0,Transient,312.0,0,3,08,2017-08-28,0,6,3.0,0,1,1,0,Guest_0634,Expected
Resort Hotel,1,80,35,28,1,5,2,0.0,0,HB,Online TA,TA/TO,0,0,0,0,0,Transient,215.33,0,1,08,2017-08-28,0,6,2.0,0,1,0,0,Guest_0635,Expected
Resort Hotel,1,13,35,28,1,5,2,2.0,0,BB,Online TA,TA/TO,0,0,0,0,0,Transient,232.5,0,1,08,2017-08-28,0,6,4.0,0,1,1,0,Guest_0636,Expected
Resort Hotel,1,112,35,28,1,5,3,0.0,0,HB,Direct,Direct,0,0,0,0,0,Transient,250.0,0,2,08,2017-08-28,0,6,3.0,0,1,0,0,Guest_0637,Expected
Resort Hotel,1,54,35,28,1,5,2,0.0,0,HB,Online TA,TA/TO,0,0,0,0,0,Transient,215.33,0,1,08,2017-08-28,0,6,2.0,0,1,1,0,Guest_0638,Expected
Resort Hotel,1,120,35,28,1,5,3,0.0,0,HB,Online TA,TA/TO,0,0,0,0,0,Transient,297.0,0,2,08,2017-08-28,0,6,3.0,0,1,0,0,Guest_0639,Expected
Resort Hotel,1,80,35,28,1,5,2,0.0,0,HB,Online TA,TA/TO,0,0,0,0,0,Transient,215.33,0,1,08,2017-08-28,0,6,2.0,0,1,0,0,Guest_0640,Expected
Resort Hotel,1,120,35,28,1,5,3,0.0,0,BB,Online TA,TA/TO,0,0,0,2,0,Transient,265.0,0,0,08,2017-08-28,0,6,3.0,0,1,0,0,Guest_0641,Expected
Resort Hotel,1,59,35,28,2,5,2,0.0,0,BB,Online TA,TA/TO,0,0,0,0,0,Transient,201.43,0,2,08,2017-08-28,0,7,2.0,0,1,1,0,Guest_0642,Expected
Resort Hotel,1,77,35,28,2,5,2,0.0,0,HB,Offline TA/TO,TA/TO,0,0,0,0,0,Transient,163.0,0,0,08,2017-08-28,0,7,2.0,0,1,0,0,Guest_0643,Expected
Resort Hotel,1,59,35,28,3,5,2,0.0,0,BB,Online TA,TA/TO,0,0,0,0,0,Transient,180.0,0,0,08,2017-08-28,0,8,2.0,0,1,1,0,Guest_0644,Expected
Resort Hotel,1,237,35,28,3,7,2,0.0,0,HB,Online TA,TA/TO,0,0,0,0,0,Transient,180.38,0,0,08,2017-08-28,0,10,2.0,0,1,0,0,Guest_0645,Expected
Resort Hotel,1,237,35,28,3,7,3,1.0,0,HB,Online TA,TA/TO,0,0,0,0,0,Transient,293.6,0,0,08,2017-08-28,0,10,4.0,0,1,0,0,Guest_0646,Expected
Resort Hotel,1,18,35,28,3,8,2,0.0,0,BB,Offline TA/TO,TA/TO,0,0,0,0,0,Group,140.0,0,0,08,2017-08-28,0,11,2.0,0,1,0,0,Guest_0647,Expected
Resort Hotel,1,205,35,29,0,2,2,0.0,0,BB,Online TA,TA/TO,0,0,0,3,0,Transient,210.0,0,3,08,2017-08-29,0,2,2.0,0,1,1,1,Guest_0648,Expected
Resort Hotel,1,29,35,29,0,3,2,0.0,0,BB,Direct,Direct,0,0,0,0,0,Transient,194.0,0,0,08,2017-08-29,0,3,2.0,0,1,0,1,Guest_0649,Expected
Resort Hotel,1,32,35,29,0,3,2,0.0,0,BB,Online TA,TA/TO,0,0,0,0,0,Transient,225.0,0,1,08,2017-08-29,0,3,2.0,0,1,1,1,Guest_0650,Expected
Resort Hotel,1,35,35,29,0,3,2,0.0,0,BB,Direct,Direct,0,0,0,1,0,Transient,185.0,0,1,08,2017-08-29,1,3,2.0,0,1,0,1,Guest_0651,Expected
Resort Hotel,1,29,35,29,0,3,2,0.0,0,BB,Direct,Direct,0,0,0,0,0,Transient,180.0,0,0,08,2017-08-29,0,3,2.0,0,1,0,1,Guest_0652,Expected
Resort Hotel,1,75,35,29,0,3,2,0.0,0,BB,Online TA,TA/TO,0,0,0,0,0,Transient,210.0,0,1,08,2017-08-29,0,3,2.0,0,1,1,1,Guest_0653,Expected
Resort Hotel,1,114,35,29,0,4,2,0.0,0,BB,Online TA,TA/TO,0,0,0,0,0,Transient,190.0,0,1,08,2017-08-29,0,4,2.0,0,1,1,1,Guest_0654,Expected
Resort Hotel,1,8,35,29,0,4,3,0.0,0,BB,Direct,Direct,0,0,0,0,0,Transient,213.5,0,0,08,2017-08-29,0,4,3.0,0,1,0,1,Guest_0655,Expected
Resort Hotel,1,72,35,29,1,5,2,2.0,0,HB,Online TA,TA/TO,0,0,0,0,0,Transient,328.0,0,0,08,2017-08-29,0,6,4.0,0,1,1,1,Guest_0656,Expected
Resort Hotel,1,246,35,29,2,5,2,1.0,0,BB,Online TA,TA/TO,0,0,0,1,0,Transient,171.25,0,0,08,2017-08-29,0,7,3.0,0,1,1,1,Guest_0657,Expected
Resort Hotel,1,19,35,29,2,5,2,0.0,0,HB,Offline TA/TO,TA/TO,0,0,0,0,0,Group,163.0,0,0,08,2017-08-29,0,7,2.0,0,1,0,1,Guest_0658,Expected
Resort Hotel,1,42,35,29,2,5,2,2.0,0,BB,Online TA,TA/TO,0,0,0,0,0,Transient,228.57,0,1,08,2017-08-29,0,7,4.0,0,1,1,1,Guest_0659,Expected
Resort Hotel,1,160,35,29,2,6,2,0.0,0,BB,Online TA,TA/TO,0,0,0,0,0,Transient,212.5,0,0,08,2017-08-29,0,8,2.0,0,1,1,1,Guest_0660,Expected
Resort Hotel,1,148,35,29,2,5,2,0.0,0,BB,Offline TA/TO,TA/TO,0,0,0,0,0,Contract,135.0,0,0,08,2017-08-29,0,7,2.0,0,1,0,1,Guest_0661,Expected
Resort Hotel,1,73,35,30,0,2,2,0.0,0,BB,Online TA,TA/TO,0,0,0,4,0,Transient,190.0,0,1,08,2017-08-30,0,2,2.0,0,1,1,2,Guest_0662,Expected
Resort Hotel,1,98,35,30,0,3,2,0.0,0,BB,Online TA,TA/TO,0,0,0,0,0,Transient,210.0,0,1,08,2017-08-30,0,3,2.0,0,1,1,2,Guest_0663,Expected
Resort Hotel,1,54,35,30,0,3,2,0.0,0,BB,Offline TA/TO,TA/TO,0,0,0,0,0,Group,141.0,0,1,08,2017-08-30,0,3,2.0,0,1,0,2,Guest_0664,Expected
Resort Hotel,1,50,35,30,0,3,2,0.0,0,BB,Offline TA/TO,TA/TO,0,0,0,0,0,Group,141.0,0,0,08,2017-08-30,0,3,2.0,0,1,0,2,Guest_0665,Expected
Resort Hotel,1,98,35,30,0,3,2,0.0,0,BB,Online TA,TA/TO,0,0,0,0,0,Transient,210.0,0,1,08,2017-08-30,0,3,2.0,0,1,1,2,Guest_0666,Expected
Resort Hotel,1,74,35,30,0,3,2,2.0,0,BB,Online TA,TA/TO,0,0,0,0,0,Transient,233.33,0,1,08,2017-08-30,0,3,4.0,0,1,1,2,Guest_0667,Expected
Resort Hotel,1,51,35,30,0,4,2,0.0,0,BB,Online TA,TA/TO,0,0,0,0,0,Transient,180.0,0,1,08,2017-08-30,0,4,2.0,0,1,1,2,Guest_0668,Expected
Resort Hotel,1,36,35,30,0,4,2,2.0,0,BB,Online TA,TA/TO,0,0,0,0,0,Transient,230.0,0,1,08,2017-08-30,0,4,4.0,0,1,1,2,Guest_0669,Expected
Resort Hotel,1,60,35,30,1,4,2,0.0,0,BB,Online TA,TA/TO,0,0,0,0,0,Transient,178.0,0,0,08,2017-08-30,0,5,2.0,0,1,1,2,Guest_0670,Expected
Resort Hotel,1,92,35,30,1,4,2,2.0,0,HB,Online TA,TA/TO,0,0,0,0,0,Transient,284.0,0,1,08,2017-08-30,0,5,4.0,0,1,1,2,Guest_0671,Expected
Resort Hotel,1,207,35,30,2,4,2,0.0,0,BB,Online TA,TA/TO,0,0,0,0,0,Transient,152.33,0,1,08,2017-08-30,0,6,2.0,0,1,1,2,Guest_0672,Expected
Resort Hotel,1,62,35,30,2,5,2,0.0,0,BB,Online TA,TA/TO,0,0,0,0,0,Transient,175.71,0,0,08,2017-08-30,0,7,2.0,0,1,1,2,Guest_0673,Expected
Resort Hotel,1,262,35,30,2,8,3,0.0,0,BB,Direct,Direct,0,0,0,0,0,Transient,189.42,0,0,08,2017-08-30,0,10,3.0,0,1,0,2,Guest_0674,Expected
Resort Hotel,1,24,35,31,0,1,1,0.0,0,HB,Direct,Direct,0,0,0,0,0,Transient-Party,177.5,0,1,08,2017-08-31,0,1,1.0,0,0,0,3,Guest_0675,Expected
Resort Hotel,1,95,35,31,0,2,2,1.0,0,BB,Online TA,TA/TO,0,0,0,0,0,Transient,290.0,0,2,08,2017-08-31,0,2,3.0,0,1,0,3,Guest_0676,Expected
Resort Hotel,1,45,35,31,0,1,2,0.0,0,BB,Direct,Direct,0,0,0,0,0,Transient,185.0,0,0,08,2017-08-31,0,1,2.0,0,1,0,3,Guest_0677,Expected
Resort Hotel,1,24,35,31,0,1,2,0.0,0,HB,Direct,Direct,0,0,0,0,0,Transient-Party,202.0,0,4,08,2017-08-31,0,1,2.0,0,0,0,3,Guest_0678,Expected
Resort Hotel,1,17,35,31,0,3,2,0.0,0,HB,Online TA,TA/TO,0,0,0,0,0,Transient,207.0,0,2,08,2017-08-31,0,3,2.0,0,1,1,3,Guest_0679,Expected
Resort Hotel,1,17,35,31,0,3,2,0.0,0,HB,Online TA,TA/TO,0,0,0,0,0,Transient,207.0,0,2,08,2017-08-31,0,3,2.0,0,1,1,3,Guest_0680,Expected
Resort Hotel,1,70,35,31,0,3,2,0.0,0,BB,Online TA,TA/TO,0,0,0,0,0,Transient,196.67,0,1,08,2017-08-31,0,3,2.0,0,1,1,3,Guest_0681,Expected
Resort Hotel,1,112,35,31,0,3,2,0.0,0,BB,Online TA,TA/TO,0,0,0,0,0,Transient,230.0,0,0,08,2017-08-31,0,3,2.0,0,1,1,3,Guest_0682,Expected
Resort Hotel,1,13,35,31,1,3,2,2.0,0,BB,Online TA,TA/TO,0,0,0,0,0,Transient,222.5,0,1,08,2017-08-31,0,4,4.0,0,1,1,3,Guest_0683,Expected
Resort Hotel,1,6,35,31,1,3,2,1.0,0,BB,Direct,Direct,0,0,0,0,0,Transient,207.5,0,0,08,2017-08-31,0,4,3.0,0,0,0,3,Guest_0684,Expected
Resort Hotel,1,45,35,31,2,3,2,0.0,0,BB,Online TA,TA/TO,0,0,0,0,0,Transient,174.0,0,1,08,2017-08-31,0,5,2.0,0,1,1,3,Guest_0685,Expected
Resort Hotel,1,184,35,31,2,5,2,0.0,0,BB,Online TA,TA/TO,0,0,0,0,0,Transient,200.86,0,1,08,2017-08-31,0,7,2.0,0,1,1,3,Guest_0686,Expected
Resort Hotel,1,29,35,31,2,5,2,0.0,0,BB,Online TA,TA/TO,0,0,0,0,0,Transient,175.0,0,0,08,2017-08-31,0,7,2.0,0,1,1,3,Guest_0687,Expected
Resort Hotel,1,350,35,31,3,8,2,2.0,0,BB,Online TA,TA/TO,0,0,0,0,0,Transient,219.45,0,0,08,2017-08-31,0,11,4.0,0,1,1,3,Guest_0688,Expected
Resort Hotel,0,4,31,1,0,1,1,0.0,0,BB,Corporate,Corporate,0,0,2,0,0,Transient,135.0,0,0,08,2017-08-01,1,1,1.0,0,0,0,1,Guest_0689,Expected
Resort Hotel,0,134,31,1,2,10,2,0.0,0,BB,Direct,Direct,0,0,2,0,0,Transient,223.5,1,4,08,2017-08-01,0,12,2.0,0,1,0,1,Guest_0690,Expected
Resort Hotel,0,0,35,29,0,3,2,0.0,0,BB,Direct,Direct,0,0,0,3,0,Transient,184.67,0,0,08,2017-08-29,0,3,2.0,0,0,0,1,Guest_0691,Expected
Resort Hotel,0,163,32,12,2,5,2,0.0,0,BB,Offline TA/TO,TA/TO,0,0,1,0,0,Transient,172.0,1,2,08,2017-08-12,0,7,2.0,0,1,0,5,Guest_0692,Expected
Resort Hotel,0,122,31,4,0,2,2,0.0,0,BB,Online TA,TA/TO,0,0,5,0,0,Transient-Party,253.0,1,4,08,2017-08-04,0,2,2.0,0,1,0,4,Guest_0693,Expected
Resort Hotel,0,152,33,18,0,2,2,0.0,0,BB,Online TA,TA/TO,0,0,6,0,0,Transient,254.0,1,4,08,2017-08-18,1,2,2.0,0,1,0,4,Guest_0694,Expected
Resort Hotel,0,172,32,10,4,9,2,0.0,0,BB,Online TA,TA/TO,0,0,2,0,0,Transient,212.31,0,4,08,2017-08-10,0,13,2.0,0,1,0,3,Guest_0695,Expected
Resort Hotel,1,45,31,3,0,3,3,0.0,0,BB,Direct,Direct,0,1,0,0,0,Transient,233.92,0,0,08,2017-08-03,0,3,3.0,0,0,0,3,Guest_0696,Expected
Resort Hotel,0,297,32,6,4,5,2,0.0,0,HB,Direct,Direct,0,0,0,1,0,Transient,170.95,0,0,08,2017-08-06,0,9,2.0,0,0,0,6,Guest_0697,Expected
Resort Hotel,0,106,34,21,2,5,3,0.0,0,HB,Online TA,TA/TO,0,0,0,0,0,Transient,225.6,0,0,08,2017-08-21,0,7,3.0,0,1,0,0,Guest_0698,Expected
Resort Hotel,0,25,34,22,0,3,3,0.0,0,BB,Direct,Direct,0,0,0,1,0,Transient,335.0,0,2,08,2017-08-22,0,3,3.0,0,0,0,1,Guest_0699,Expected
Resort Hotel,0,181,31,4,2,5,3,0.0,0,HB,Online TA,Direct,0,0,1,1,0,Transient,230.84,0,2,08,2017-08-04,0,7,3.0,0,1,0,4,Guest_0700,Expected
Resort Hotel,0,37,32,12,0,1,2,0.0,0,BB,Direct,Direct,0,0,0,0,0,Transient,275.25,1,1,08,2017-08-12,0,1,2.0,0,1,0,5,Guest_0701,Expected
Resort Hotel,0,38,33,13,2,0,2,0.0,0,Undefined,Direct,Direct,0,0,0,0,0,Transient,367.0,1,0,08,2017-08-13,1,2,2.0,0,1,0,6,Guest_0702,Expected
Resort Hotel,0,105,32,11,2,5,2,0.0,0,BB,Direct,Direct,0,0,0,0,0,Transient,239.0,1,1,08,2017-08-11,0,7,2.0,0,0,0,4,Guest_0703,Expected
Resort Hotel,0,0,31,2,0,1,2,1.0,0,BB,Direct,Direct,0,0,0,1,0,Transient,180.0,0,0,08,2017-08-02,1,1,3.0,0,0,0,2,Guest_0704,Expected
Resort Hotel,0,155,32,11,2,2,2,1.0,0,HB,Direct,Direct,0,0,0,1,0,Transient-Party,251.0,0,1,08,2017-08-11,0,4,3.0,0,1,0,4,Guest_0705,Expected
Resort Hotel,0,155,32,11,2,2,2,0.0,0,HB,Direct,Direct,0,0,0,1,0,Transient-Party,225.5,0,1,08,2017-08-11,0,4,2.0,0,1,0,4,Guest_0706,Expected
Resort Hotel,0,250,32,6,4,10,2,0.0,0,BB,Direct,Direct,0,0,2,0,0,Transient,201.43,1,4,08,2017-08-06,0,14,2.0,0,0,0,6,Guest_0707,Expected
Resort Hotel,0,192,33,17,2,8,3,0.0,0,HB,Direct,Direct,1,1,3,2,0,Transient,211.2,1,3,08,2017-08-17,0,10,3.0,0,0,0,3,Guest_0708,Expected
Resort Hotel,1,249,33,19,2,6,3,0.0,0,HB,Direct,Direct,1,1,3,0,0,Transient,210.5,0,3,08,2017-08-19,0,8,3.0,0,0,0,5,Guest_0709,Expected
Resort Hotel,0,22,34,25,2,2,2,0.0,0,BB,Direct,Direct,1,0,5,1,0,Transient,200.0,1,3,08,2017-08-25,0,4,2.0,0,0,0,4,Guest_0710,Expected
Resort Hotel,0,142,32,12,4,6,2,0.0,0,HB,Direct,Direct,1,1,13,0,0,Transient,184.0,1,4,08,2017-08-12,0,10,2.0,0,0,0,5,Guest_0711,Expected
Resort Hotel,0,2,31,3,0,2,2,0.0,0,BB,Corporate,Corporate,1,1,7,0,0,Transient,0.0,1,2,08,2017-08-03,0,2,2.0,1,0,0,3,Guest_0712,Expected
Resort Hotel,0,264,32,7,1,5,2,0.0,0,BB,Online TA,TA/TO,1,0,1,1,0,Transient,204.0,1,2,08,2017-08-07,0,6,2.0,0,1,1,0,Guest_0713,Expected
Resort Hotel,0,151,32,6,2,5,2,0.0,0,HB,Direct,TA/TO,1,0,1,1,0,Transient,236.93,0,2,08,2017-08-06,0,7,2.0,0,1,0,6,Guest_0714,Expected
Resort Hotel,0,305,34,26,4,7,2,0.0,0,BB,Online TA,TA/TO,1,0,0,0,0,Transient,158.6,0,3,08,2017-08-26,0,11,2.0,0,1,1,5,Guest_0715,Expected
Resort Hotel,0,4,31,1,0,1,1,0.0,0,BB,Corporate,Corporate,1,0,3,0,0,Transient,142.0,1,0,08,2017-08-01,0,1,1.0,0,0,0,1,Guest_0716,Expected
Resort Hotel,0,4,31,1,0,1,1,0.0,0,BB,Corporate,Corporate,1,0,6,0,0,Transient,135.0,0,0,08,2017-08-01,1,1,1.0,0,0,0,1,Guest_0717,Expected
Resort Hotel,0,33,34,23,0,2,2,0.0,0,BB,Corporate,Corporate,1,0,9,0,0,Transient,145.0,0,0,08,2017-08-23,0,2,2.0,0,0,0,2,Guest_0718,Expected
Resort Hotel,1,31,33,17,0,1,1,0.0,0,BB,Corporate,Corporate,1,1,13,0,0,Transient,135.0,0,0,08,2017-08-17,0,1,1.0,0,0,0,3,Guest_0719,Expected
Resort Hotel,0,47,32,12,0,1,2,0.0,0,BB,Online TA,Direct,1,0,2,0,0,Transient,230.0,0,1,08,2017-08-12,0,1,2.0,0,0,0,5,Guest_0720,Expected
Resort Hotel,0,19,33,13,2,0,2,1.0,0,BB,Direct,TA/TO,1,0,1,0,0,Transient,248.0,1,1,08,2017-08-13,1,2,3.0,0,1,0,6,Guest_0721,Expected
Resort Hotel,0,0,33,15,0,1,2,1.0,0,BB,Direct,TA/TO,1,0,1,0,0,Group,176.0,1,1,08,2017-08-15,0,1,3.0,0,0,0,1,Guest_0722,Expected
Resort Hotel,0,214,32,10,2,5,2,0.0,0,BB,Direct,Direct,1,0,1,0,0,Group,179.4,1,1,08,2017-08-10,0,7,2.0,0,1,1,3,Guest_0723,Expected
Resort Hotel,0,187,31,1,2,5,2,0.0,0,BB,Direct,Direct,1,0,1,0,0,Transient,175.23,1,1,08,2017-08-01,0,7,2.0,0,0,0,1,Guest_0724,Expected
Resort Hotel,1,4,31,5,2,1,1,0.0,0,BB,Direct,Direct,1,1,1,0,0,Transient,239.08,0,0,08,2017-08-05,0,3,1.0,0,0,0,5,Guest_0725,Expected
Resort Hotel,0,182,33,13,2,1,2,0.0,0,BB,Online TA,TA/TO,1,0,2,0,0,Transient,207.33,0,1,08,2017-08-13,0,3,2.0,0,1,0,6,Guest_0726,Expected
Resort Hotel,0,83,32,7,1,5,2,0.0,0,BB,Online TA,TA/TO,1,0,0,0,0,Transient,230.0,0,2,08,2017-08-07,0,6,2.0,0,1,1,0,Guest_0727,Expected
Resort Hotel,0,175,32,10,2,6,2,0.0,0,BB,Direct,Direct,1,0,1,0,0,Transient,189.5,1,3,08,2017-08-10,0,8,2.0,0,1,0,3,Guest_0728,Expected
Resort Hotel,0,250,32,6,4,10,3,0.0,0,HB,Direct,Direct,1,0,1,0,0,Transient,251.43,1,3,08,2017-08-06,0,14,3.0,0,0,0,6,Guest_0729,Expected
Resort Hotel,0,36,33,16,2,8,2,0.0,0,BB,Direct,TA/TO,1,0,1,0,0,Transient,285.0,0,2,08,2017-08-16,0,10,2.0,0,0,0,2,Guest_0730,Expected
Resort Hotel,0,205,33,19,2,6,2,0.0,0,HB,Offline TA/TO,TA/TO,1,0,1,0,0,Group,152.1,1,0,08,2017-08-19,0,8,2.0,0,1,0,5,Guest_0731,Expected
Resort Hotel,0,200,33,14,1,4,2,0.0,0,HB,Online TA,TA/TO,1,0,0,1,0,Transient,184.64,0,0,08,2017-08-14,0,5,2.0,0,1,0,0,Guest_0732,Expected
Resort Hotel,0,9,32,9,2,4,2,2.0,0,BB,Direct,Direct,1,0,1,0,0,Transient,271.0,1,2,08,2017-08-09,0,6,4.0,0,0,0,2,Guest_0733,Expected
Resort Hotel,0,82,33,15,4,10,2,2.0,0,BB,Direct,Direct,1,0,1,2,0,Transient,318.0,1,3,08,2017-08-15,0,14,4.0,0,1,0,1,Guest_0734,Expected
Resort Hotel,0,127,33,18,2,5,2,0.0,0,HB,Direct,TA/TO,1,0,1,4,0,Transient,297.0,0,4,08,2017-08-18,0,7,2.0,0,1,0,4,Guest_0735,Expected
Resort Hotel,0,333,34,24,1,3,2,0.0,0,HB,Online TA,Direct,1,0,1,2,0,Transient,201.6,0,3,08,2017-08-24,0,4,2.0,0,1,0,3,Guest_0736,Expected
Resort Hotel,0,342,34,20,2,3,2,0.0,0,HB,Online TA,TA/TO,1,0,1,0,0,Transient,185.4,0,2,08,2017-08-20,0,5,2.0,0,1,0,6,Guest_0737,Expected
Resort Hotel,0,184,34,21,1,5,3,0.0,0,FB,Offline TA/TO,TA/TO,1,0,1,0,0,Transient,157.28,0,0,08,2017-08-21,0,6,3.0,0,1,0,0,Guest_0738,Expected
Resort Hotel,0,97,32,8,2,5,2,0.0,0,HB,Direct,TA/TO,1,0,1,2,0,Transient,349.0,0,2,08,2017-08-08,0,7,2.0,0,1,0,1,Guest_0739,Expected
Resort Hotel,1,357,35,30,0,4,2,0.0,0,BB,Online TA,TA/TO,1,1,1,6,0,Transient,142.22,0,2,08,2017-08-30,0,4,2.0,0,1,1,2,Guest_0740,Expected
Resort Hotel,0,173,35,27,4,9,2,1.0,0,HB,Offline TA/TO,TA/TO,1,0,1,0,0,Group,200.73,0,1,08,2017-08-27,0,13,3.0,0,1,0,6,Guest_0741,Expected
Resort Hotel,0,4,35,29,0,4,2,0.0,0,BB,Online TA,Direct,1,0,2,0,0,Transient,196.5,1,2,08,2017-08-29,0,4,2.0,0,1,0,1,Guest_0742,Expected
Resort Hotel,0,33,35,27,2,4,2,1.0,0,BB,Direct,Direct,1,0,1,1,0,Transient,253.25,0,1,08,2017-08-27,0,6,3.0,0,1,0,6,Guest_0743,Expected
Resort Hotel,0,41,33,18,1,2,2,0.0,0,HB,Direct,TA/TO,1,0,4,0,0,Transient,331.0,1,2,08,2017-08-18,0,3,2.0,0,1,0,4,Guest_0744,Expected
Resort Hotel,0,5,33,19,0,1,2,0.0,0,HB,Online TA,TA/TO,1,0,1,0,0,Transient,231.0,0,2,08,2017-08-19,0,1,2.0,0,1,0,5,Guest_0745,Expected
Resort Hotel,0,0,34,20,1,0,2,0.0,0,BB,Online TA,TA/TO,1,0,1,0,0,Transient,174.0,0,2,08,2017-08-20,0,1,2.0,0,1,0,6,Guest_0746,Expected
Resort Hotel,0,4,31,1,0,1,1,0.0,0,BB,Corporate,Corporate,1,0,2,0,0,Transient,135.0,0,0,08,2017-08-01,1,1,1.0,0,0,0,1,Guest_0747,Expected
Resort Hotel,0,49,32,8,0,3,1,0.0,0,BB,Corporate,Direct,1,0,2,0,0,Transient,147.33,1,1,08,2017-08-08,1,3,1.0,0,0,0,1,Guest_0748,Expected
Resort Hotel,0,1,35,31,0,1,2,0.0,0,BB,Complementary,Direct,1,0,1,0,0,Transient,0.0,0,1,08,2017-08-31,0,1,2.0,1,1,0,3,Guest_0749,Expected
Resort Hotel,1,0,34,24,0,1,1,0.0,0,BB,Direct,Direct,1,0,2,0,0,Transient,190.0,0,0,08,2017-08-24,0,1,1.0,0,0,1,3,Guest_0750,Expected
Resort Hotel,0,33,33,18,1,2,2,0.0,0,FB,Online TA,Direct,1,0,1,10,0,Transient-Party,270.0,1,4,08,2017-08-18,1,3,2.0,0,1,0,4,Guest_0751,Expected
Resort Hotel,0,273,34,23,0,4,2,0.0,0,BB,Direct,TA/TO,0,0,1,4,0,Transient,152.38,1,1,08,2017-08-23,0,4,2.0,0,1,0,2,Guest_0752,Expected
Resort Hotel,0,2,35,28,1,0,1,0.0,0,BB,Complementary,Direct,1,0,1,0,0,Transient,0.0,0,0,08,2017-08-28,0,1,1.0,1,0,0,0,Guest_0753,Expected
Resort Hotel,0,25,33,18,1,2,2,0.0,0,BB,Online TA,TA/TO,1,0,1,0,0,Transient-Party,244.0,0,2,08,2017-08-18,0,3,2.0,0,1,0,4,Guest_0754,Expected
Resort Hotel,0,4,31,1,0,1,1,0.0,0,BB,Corporate,Corporate,0,0,0,0,0,Transient,135.0,0,0,08,2017-08-01,1,1,1.0,0,0,0,1,Guest_0755,Expected
Resort Hotel,0,120,31,1,0,1,2,0.0,0,BB,Online TA,TA/TO,0,0,0,0,0,Transient,167.2,0,1,08,2017-08-01,0,1,2.0,0,1,1,1,Guest_0756,Expected
Resort Hotel,0,125,31,1,0,1,2,0.0,0,HB,Online TA,TA/TO,0,0,0,0,0,Transient,224.8,1,1,08,2017-08-01,0,1,2.0,0,1,1,1,Guest_0757,Expected
Resort Hotel,0,126,31,1,0,1,2,0.0,0,HB,Online TA,TA/TO,0,0,0,0,0,Transient,176.8,0,1,08,2017-08-01,1,1,2.0,0,1,0,1,Guest_0758,Expected
Resort Hotel,0,7,31,1,0,1,1,0.0,0,BB,Direct,Direct,0,0,0,0,0,Transient,212.8,0,0,08,2017-08-01,1,1,1.0,0,0,0,1,Guest_0759,Expected
Resort Hotel,0,27,31,2,0,3,3,0.0,0,HB,Direct,Direct,0,0,0,0,0,Transient,326.0,1,3,08,2017-08-02,1,3,3.0,0,0,0,2,Guest_0760,Expected
Resort Hotel,0,51,31,1,0,1,2,2.0,0,BB,Online TA,TA/TO,0,0,0,0,0,Transient,319.0,1,1,08,2017-08-01,0,1,4.0,0,1,1,1,Guest_0761,Expected
Resort Hotel,0,1,31,2,0,1,1,0.0,0,BB,Offline TA/TO,TA/TO,0,0,0,0,0,Transient,165.75,0,0,08,2017-08-02,0,1,1.0,0,1,0,2,Guest_0762,Expected
Resort Hotel,0,62,31,2,0,1,2,0.0,0,HB,Online TA,TA/TO,0,0,0,0,0,Transient,230.0,0,2,08,2017-08-02,0,1,2.0,0,0,1,2,Guest_0763,Expected
Resort Hotel,0,175,31,3,4,10,2,0.0,0,HB,Online TA,TA/TO,0,0,0,2,0,Transient,258.29,0,2,08,2017-08-03,0,14,2.0,0,1,1,3,Guest_0764,Expected
Resort Hotel,0,76,31,1,0,2,2,0.0,0,BB,Online TA,TA/TO,0,0,0,1,0,Transient,304.0,0,3,08,2017-08-01,0,2,2.0,0,1,0,1,Guest_0765,Expected
Resort Hotel,0,76,31,1,0,2,2,0.0,0,BB,Online TA,TA/TO,0,0,0,0,0,Transient,250.0,0,3,08,2017-08-01,0,2,2.0,0,1,1,1,Guest_0766,Expected
Resort Hotel,0,76,31,1,0,2,2,0.0,0,BB,Online TA,TA/TO,0,0,0,2,0,Transient,250.0,0,2,08,2017-08-01,0,2,2.0,0,1,0,1,Guest_0767,Expected
Resort Hotel,0,5,31,3,0,1,3,0.0,0,BB,Offline TA/TO,TA/TO,0,0,0,1,0,Transient-Party,230.35,0,0,08,2017-08-03,1,1,3.0,0,1,1,3,Guest_0768,Expected
Resort Hotel,0,5,31,3,0,1,2,0.0,0,BB,Offline TA/TO,TA/TO,0,0,0,0,0,Transient-Party,199.75,0,0,08,2017-08-03,1,1,2.0,0,1,1,3,Guest_0769,Expected
Resort Hotel,0,29,31,2,0,2,2,0.0,0,BB,Online TA,TA/TO,0,0,0,0,0,Transient,205.0,0,1,08,2017-08-02,0,2,2.0,0,1,1,2,Guest_0770,Expected
Resort Hotel,0,6,31,2,0,2,2,0.0,0,BB,Online TA,TA/TO,0,0,0,0,0,Transient,210.0,0,2,08,2017-08-02,1,2,2.0,0,1,0,2,Guest_0771,Expected
Resort Hotel,0,97,31,1,0,3,2,0.0,0,BB,Online TA,TA/TO,0,0,0,0,0,Transient,230.0,0,2,08,2017-08-01,0,3,2.0,0,1,1,1,Guest_0772,Expected
Resort Hotel,0,230,31,1,0,3,2,0.0,0,BB,Online TA,TA/TO,0,0,0,0,0,Transient-Party,178.75,0,3,08,2017-08-01,0,3,2.0,0,1,1,1,Guest_0773,Expected
Resort Hotel,0,230,31,1,0,3,2,0.0,1,BB,Online TA,TA/TO,0,0,0,1,0,Transient-Party,155.75,0,2,08,2017-08-01,0,3,3.0,0,1,1,1,Guest_0774,Expected
Resort Hotel,0,230,31,1,0,3,2,0.0,1,BB,Online TA,TA/TO,0,0,0,0,0,Transient-Party,153.75,0,2,08,2017-08-01,0,3,3.0,0,1,1,1,Guest_0775,Expected
Resort Hotel,0,0,31,4,0,0,2,0.0,0,BB,Direct,Direct,1,0,0,0,0,Transient,0.0,0,0,08,2017-08-04,0,0,2.0,1,0,1,4,Guest_0776,Expected
Resort Hotel,0,183,31,2,0,3,2,0.0,0,BB,Offline TA/TO,TA/TO,0,0,0,0,0,Transient,136.23,0,0,08,2017-08-02,0,3,2.0,0,1,1,2,Guest_0777,Expected
Resort Hotel,0,9,31,2,0,3,2,1.0,0,BB,Direct,Direct,0,0,0,0,0,Transient,254.67,0,1,08,2017-08-02,0,3,3.0,0,1,0,2,Guest_0778,Expected
Resort Hotel,0,9,31,1,0,4,2,0.0,0,HB,Online TA,TA/TO,0,0,0,0,0,Transient,193.4,0,1,08,2017-08-01,0,4,2.0,0,1,1,1,Guest_0779,Expected
Resort Hotel,0,117,31,1,0,4,2,2.0,0,BB,Direct,Direct,0,0,0,1,0,Transient,315.5,0,1,08,2017-08-01,0,4,4.0,0,1,1,1,Guest_0780,Expected
Resort Hotel,0,0,31,3,0,2,2,0.0,0,BB,Direct,Direct,0,0,0,0,0,Transient,213.75,0,0,08,2017-08-03,1,2,2.0,0,1,0,3,Guest_0781,Expected
Resort Hotel,0,0,31,3,0,2,2,0.0,0,BB,Direct,Direct,0,0,0,0,0,Transient,213.75,0,0,08,2017-08-03,1,2,2.0,0,1,0,3,Guest_0782,Expected
Resort Hotel,0,53,31,4,0,1,2,0.0,0,BB,Online TA,TA/TO,0,0,0,0,0,Transient,178.0,1,1,08,2017-08-04,1,1,2.0,0,1,1,4,Guest_0783,Expected
Resort Hotel,0,59,31,1,0,4,3,0.0,0,HB,Online TA,TA/TO,0,0,0,1,0,Transient,331.0,0,2,08,2017-08-01,0,4,3.0,0,1,1,1,Guest_0784,Expected
Resort Hotel,0,188,31,1,0,4,2,0.0,0,HB,Online TA,TA/TO,0,0,0,1,0,Transient,248.5,0,2,08,2017-08-01,0,4,2.0,0,1,1,1,Guest_0785,Expected
Resort Hotel,0,10,31,1,0,4,2,0.0,1,BB,Online TA,TA/TO,0,0,0,1,0,Transient,209.75,0,3,08,2017-08-01,0,4,3.0,0,1,1,1,Guest_0786,Expected
Resort Hotel,0,161,31,1,0,4,2,1.0,0,FB,Offline TA/TO,TA/TO,0,0,0,0,0,Transient,238.75,0,0,08,2017-08-01,0,4,3.0,0,1,0,1,Guest_0787,Expected
Resort Hotel,0,69,31,1,0,4,3,1.0,0,HB,Online TA,TA/TO,0,0,0,1,0,Transient,378.0,0,2,08,2017-08-01,0,4,4.0,0,1,1,1,Guest_0788,Expected
Resort Hotel,0,34,31,4,0,1,3,1.0,0,BB,Online TA,TA/TO,0,0,0,0,0,Transient,315.0,1,1,08,2017-08-04,0,1,4.0,0,1,1,4,Guest_0789,Expected
Resort Hotel,0,29,31,3,0,2,3,0.0,0,BB,Online TA,TA/TO,0,0,0,1,0,Transient,176.4,0,1,08,2017-08-03,1,2,3.0,0,1,1,3,Guest_0790,Expected
Resort Hotel,0,62,31,1,0,4,1,0.0,0,BB,Online TA,TA/TO,0,0,0,0,0,Transient,183.99,0,1,08,2017-08-01,0,4,1.0,0,1,1,1,Guest_0791,Expected
Resort Hotel,0,62,31,1,0,4,2,0.0,0,BB,Online TA,TA/TO,0,0,0,0,0,Transient,185.99,0,1,08,2017-08-01,0,4,2.0,0,1,1,1,Guest_0792,Expected
Resort Hotel,0,14,32,6,1,0,2,2.0,0,BB,Online TA,TA/TO,0,0,0,0,0,Transient,249.0,0,2,08,2017-08-06,0,1,4.0,0,1,1,6,Guest_0793,Expected
Resort Hotel,0,1,32,7,1,0,2,2.0,0,BB,Direct,TA/TO,1,0,0,0,0,Transient,245.0,0,2,08,2017-08-07,0,1,4.0,0,0,1,0,Guest_0794,Expected
Resort Hotel,0,4,31,4,0,2,2,1.0,0,BB,Online TA,TA/TO,0,0,0,0,0,Transient,204.9,0,1,08,2017-08-04,0,2,3.0,0,1,1,4,Guest_0795,Expected
Resort Hotel,0,3,31,4,0,2,2,0.0,0,BB,Online TA,TA/TO,0,0,0,0,0,Transient,164.0,0,1,08,2017-08-04,0,2,2.0,0,1,1,4,Guest_0796,Expected
Resort Hotel,0,45,31,3,0,3,3,0.0,0,BB,Online TA,TA/TO,0,0,0,1,0,Transient,263.33,0,2,08,2017-08-03,0,3,3.0,0,1,0,3,Guest_0797,Expected
Resort Hotel,0,5,31,4,0,2,2,0.0,0,BB,Direct,Direct,0,0,0,0,0,Transient,215.0,0,1,08,2017-08-04,0,2,2.0,0,1,1,4,Guest_0798,Expected
Resort Hotel,0,231,31,2,0,4,2,0.0,1,HB,Online TA,TA/TO,0,0,0,3,0,Transient,225.0,1,5,08,2017-08-02,0,4,3.0,0,1,1,2,Guest_0799,Expected
Resort Hotel,0,10,31,2,0,4,2,0.0,0,BB,Online TA,TA/TO,0,0,0,0,0,Transient,228.5,0,1,08,2017-08-02,0,4,2.0,0,1,0,2,Guest_0800,Expected
Resort Hotel,0,174,31,1,0,5,2,0.0,0,HB,Direct,Direct,0,0,0,1,0,Transient,193.1,0,1,08,2017-08-01,0,5,2.0,0,1,0,1,Guest_0801,Expected
Resort Hotel,0,174,31,1,0,5,2,0.0,0,HB,Direct,Direct,0,0,0,1,0,Transient,207.1,0,1,08,2017-08-01,0,5,2.0,0,1,0,1,Guest_0802,Expected
Resort Hotel,0,174,31,1,0,5,2,0.0,0,HB,Direct,Direct,0,0,0,1,0,Transient,193.1,0,1,08,2017-08-01,0,5,2.0,0,1,0,1,Guest_0803,Expected
Resort Hotel,0,174,31,1,0,5,2,2.0,0,HB,Direct,Direct,0,0,0,1,0,Transient,241.1,0,1,08,2017-08-01,0,5,4.0,0,1,0,1,Guest_0804,Expected
Resort Hotel,0,0,31,5,0,1,2,0.0,0,BB,Direct,Direct,0,0,0,0,0,Transient,245.0,0,0,08,2017-08-05,0,1,2.0,0,0,1,5,Guest_0805,Expected
Resort Hotel,0,0,31,5,0,1,2,0.0,0,BB,Direct,Direct,0,0,0,0,0,Transient,259.0,1,0,08,2017-08-05,0,1,2.0,0,0,1,5,Guest_0806,Expected
Resort Hotel,0,129,31,2,0,4,2,1.0,0,HB,Online TA,TA/TO,0,0,0,0,0,Transient,262.0,0,2,08,2017-08-02,0,4,3.0,0,1,1,2,Guest_0807,Expected
Resort Hotel,0,40,31,4,0,2,2,0.0,0,HB,Online TA,TA/TO,0,0,0,0,0,Transient,283.5,0,2,08,2017-08-04,0,2,2.0,0,1,1,4,Guest_0808,Expected
Resort Hotel,0,122,31,4,0,2,2,0.0,0,BB,Online TA,TA/TO,0,0,0,0,0,Transient-Party,253.0,1,4,08,2017-08-04,0,2,2.0,0,1,0,4,Guest_0809,Expected
Resort Hotel,0,26,31,1,0,5,2,1.0,1,BB,Online TA,TA/TO,0,0,0,1,0,Transient,310.0,0,3,08,2017-08-01,0,5,4.0,0,1,0,1,Guest_0810,Expected
Resort Hotel,0,41,31,2,0,4,2,0.0,0,BB,Offline TA/TO,TA/TO,0,0,0,0,0,Contract,118.5,0,0,08,2017-08-02,0,4,2.0,0,1,1,2,Guest_0811,Expected
Resort Hotel,0,173,31,1,0,5,2,2.0,0,BB,Online TA,TA/TO,0,0,0,3,0,Transient,163.2,0,2,08,2017-08-01,0,5,4.0,0,1,1,1,Guest_0812,Expected
Resort Hotel,0,1,31,4,0,2,2,0.0,0,BB,Online TA,TA/TO,0,0,0,0,0,Transient,171.0,0,1,08,2017-08-04,0,2,2.0,0,1,1,4,Guest_0813,Expected
Resort Hotel,0,3,31,4,0,2,3,0.0,0,BB,Online TA,TA/TO,0,0,0,0,0,Transient,196.0,0,1,08,2017-08-04,0,2,3.0,0,1,1,4,Guest_0814,Expected
Resort Hotel,0,3,31,4,0,2,2,0.0,0,BB,Online TA,TA/TO,0,0,0,0,0,Transient,164.0,0,1,08,2017-08-04,0,2,2.0,0,1,1,4,Guest_0815,Expected
Resort Hotel,0,3,31,4,0,2,2,0.0,0,BB,Online TA,TA/TO,0,0,0,0,0,Transient,164.0,0,1,08,2017-08-04,0,2,2.0,0,1,1,4,Guest_0816,Expected
Resort Hotel,0,3,31,4,0,2,3,0.0,0,BB,Online TA,TA/TO,0,0,0,0,0,Transient,196.0,0,1,08,2017-08-04,1,2,3.0,0,1,1,4,Guest_0817,Expected
Resort Hotel,0,3,31,4,0,2,2,0.0,0,BB,Online TA,TA/TO,0,0,0,0,0,Transient,164.0,0,1,08,2017-08-04,0,2,2.0,0,1,1,4,Guest_0818,Expected
Resort Hotel,0,0,31,4,0,2,1,0.0,0,BB,Direct,Direct,0,0,0,1,0,Transient,225.0,0,0,08,2017-08-04,0,2,1.0,0,0,0,4,Guest_0819,Expected
Resort Hotel,0,0,31,5,0,1,3,0.0,0,BB,Online TA,TA/TO,0,0,0,1,0,Transient,250.0,0,0,08,2017-08-05,0,1,3.0,0,1,1,5,Guest_0820,Expected
Resort Hotel,0,0,32,6,1,0,2,0.0,0,BB,Direct,TA/TO,1,0,0,0,0,Transient,185.0,0,0,08,2017-08-06,0,1,2.0,0,0,1,6,Guest_0821,Expected
Resort Hotel,0,0,31,5,1,1,2,0.0,0,BB,Online TA,TA/TO,0,0,0,1,0,Transient,244.0,1,2,08,2017-08-05,0,2,2.0,0,1,1,5,Guest_0822,Expected
Resort Hotel,0,24,31,4,1,2,2,0.0,0,BB,Offline TA/TO,TA/TO,0,0,0,0,0,Contract,135.0,0,0,08,2017-08-04,0,3,2.0,0,1,1,4,Guest_0823,Expected
Resort Hotel,0,211,31,5,1,1,2,1.0,0,BB,Online TA,TA/TO,0,0,0,0,0,Transient,183.52,1,2,08,2017-08-05,0,2,3.0,0,1,1,5,Guest_0824,Expected
Resort Hotel,0,153,31,3,1,3,2,0.0,0,BB,Online TA,TA/TO,0,0,0,0,0,Transient,230.0,0,2,08,2017-08-03,0,4,2.0,0,1,1,3,Guest_0825,Expected
Resort Hotel,0,211,31,5,1,1,1,2.0,0,BB,Online TA,TA/TO,0,0,0,0,0,Transient,189.42,0,1,08,2017-08-05,0,2,3.0,0,1,1,5,Guest_0826,Expected
Resort Hotel,0,211,31,5,1,1,1,2.0,0,BB,Online TA,TA/TO,0,0,0,0,0,Transient,180.42,0,2,08,2017-08-05,0,2,3.0,0,1,1,5,Guest_0827,Expected
Resort Hotel,0,100,31,2,1,4,2,0.0,0,FB,Online TA,TA/TO,0,0,0,0,0,Transient,232.0,0,0,08,2017-08-02,0,5,2.0,0,1,1,2,Guest_0828,Expected
Resort Hotel,0,2,31,5,1,1,1,0.0,0,HB,Direct,Direct,0,0,0,1,0,Transient,216.0,0,1,08,2017-08-05,0,2,1.0,0,1,1,5,Guest_0829,Expected
Resort Hotel,0,91,31,4,1,2,2,0.0,0,BB,Direct,Direct,0,0,0,2,0,Transient,230.67,0,1,08,2017-08-04,0,3,2.0,0,1,0,4,Guest_0830,Expected
Resort Hotel,0,0,32,6,1,0,1,0.0,0,BB,Direct,Direct,0,0,0,0,0,Transient,205.0,0,0,08,2017-08-06,0,1,1.0,0,1,1,6,Guest_0831,Expected
Resort Hotel,0,24,31,2,1,4,3,0.0,0,BB,Direct,Direct,0,0,0,0,0,Transient,275.0,0,2,08,2017-08-02,0,5,3.0,0,1,0,2,Guest_0832,Expected
Resort Hotel,0,12,31,2,1,4,1,1.0,0,HB,Online TA,TA/TO,0,0,0,0,0,Transient,238.26,0,0,08,2017-08-02,0,5,2.0,0,1,1,2,Guest_0833,Expected
Resort Hotel,0,26,31,4,1,2,3,0.0,0,BB,Online TA,TA/TO,0,0,0,0,0,Transient,253.49,0,2,08,2017-08-04,0,3,3.0,0,1,0,4,Guest_0834,Expected
Resort Hotel,0,351,31,4,1,2,2,0.0,0,BB,Online TA,TA/TO,0,0,0,0,0,Transient,154.38,1,2,08,2017-08-04,0,3,2.0,0,1,1,4,Guest_0835,Expected
Resort Hotel,0,16,31,4,1,2,2,0.0,0,BB,Online TA,TA/TO,0,0,0,0,0,Transient,223.67,0,3,08,2017-08-04,0,3,2.0,0,1,1,4,Guest_0836,Expected
Resort Hotel,0,11,31,2,1,4,2,0.0,0,BB,Direct,Direct,0,0,0,0,0,Transient,251.6,1,2,08,2017-08-02,0,5,2.0,0,1,1,2,Guest_0837,Expected
Resort Hotel,0,3,32,6,1,0,2,0.0,0,BB,Online TA,TA/TO,0,0,0,0,0,Transient,151.99,0,1,08,2017-08-06,0,1,2.0,0,1,1,6,Guest_0838,Expected
Resort Hotel,0,25,32,6,1,0,2,1.0,0,BB,Online TA,TA/TO,0,0,0,0,0,Transient,224.9,1,1,08,2017-08-06,0,1,3.0,0,1,1,6,Guest_0839,Expected
Resort Hotel,0,0,31,5,1,1,2,1.0,0,BB,Offline TA/TO,TA/TO,0,0,0,1,0,Group,250.0,0,0,08,2017-08-05,0,2,3.0,0,1,1,5,Guest_0840,Expected
Resort Hotel,0,19,31,5,1,1,2,0.0,0,HB,Online TA,TA/TO,0,0,0,0,0,Transient,260.0,0,4,08,2017-08-05,1,2,2.0,0,1,1,5,Guest_0841,Expected
Resort Hotel,0,12,31,1,1,5,2,0.0,0,BB,Online TA,TA/TO,0,0,0,0,0,Transient,210.67,0,2,08,2017-08-01,0,6,2.0,0,1,1,1,Guest_0842,Expected
Resort Hotel,0,15,31,4,1,2,2,0.0,0,BB,Direct,Direct,0,0,0,0,0,Transient,207.33,0,1,08,2017-08-04,0,3,2.0,0,1,1,4,Guest_0843,Expected
Resort Hotel,0,4,32,7,1,0,2,0.0,0,BB,Direct,Direct,0,0,0,0,0,Group,225.0,0,1,08,2017-08-07,0,1,2.0,0,1,1,0,Guest_0844,Expected
Resort Hotel,0,1,31,5,1,1,2,2.0,0,BB,Online TA,TA/TO,0,0,0,0,0,Transient,299.0,0,0,08,2017-08-05,0,2,4.0,0,1,0,5,Guest_0845,Expected
Resort Hotel,0,4,31,4,1,2,3,0.0,0,HB,Direct,Direct,0,0,0,1,0,Transient,349.67,1,2,08,2017-08-04,0,3,3.0,0,1,0,4,Guest_0846,Expected
Resort Hotel,0,87,31,3,1,3,2,0.0,0,BB,Online TA,TA/TO,0,0,0,0,0,Transient,244.0,0,2,08,2017-08-03,0,4,2.0,0,1,1,3,Guest_0847,Expected
Resort Hotel,0,17,32,6,1,0,2,0.0,0,BB,Online TA,TA/TO,0,0,0,2,0,Transient-Party,199.0,0,1,08,2017-08-06,0,1,2.0,0,1,0,6,Guest_0848,Expected
Resort Hotel,0,17,32,6,1,0,2,0.0,0,BB,Online TA,TA/TO,0,0,0,2,0,Transient-Party,199.0,0,0,08,2017-08-06,0,1,2.0,0,1,0,6,Guest_0849,Expected
Resort Hotel,0,17,32,6,1,0,2,0.0,0,BB,Online TA,TA/TO,0,0,0,2,0,Transient,249.0,1,1,08,2017-08-06,0,1,2.0,0,1,0,6,Guest_0850,Expected
Resort Hotel,0,1,32,6,1,0,2,0.0,0,BB,Online TA,TA/TO,0,0,0,0,0,Transient,144.4,0,1,08,2017-08-06,0,1,2.0,0,1,0,6,Guest_0851,Expected
Resort Hotel,0,5,32,6,1,0,2,2.0,0,HB,Online TA,TA/TO,0,0,0,0,0,Transient,372.0,1,1,08,2017-08-06,0,1,4.0,0,1,0,6,Guest_0852,Expected
Resort Hotel,0,1,32,6,1,0,2,0.0,0,BB,Online TA,TA/TO,0,0,0,0,0,Transient,144.4,0,1,08,2017-08-06,1,1,2.0,0,1,0,6,Guest_0853,Expected
Resort Hotel,0,2,32,6,1,0,2,0.0,0,BB,Online TA,TA/TO,0,0,0,0,0,Transient,230.0,0,3,08,2017-08-06,0,1,2.0,0,1,0,6,Guest_0854,Expected
Resort Hotel,0,43,31,3,2,3,2,1.0,0,BB,Online TA,TA/TO,0,0,0,0,0,Transient,204.16,0,1,08,2017-08-03,0,5,3.0,0,1,1,3,Guest_0855,Expected
Resort Hotel,0,138,31,2,2,4,3,0.0,0,BB,Online TA,TA/TO,0,0,0,1,0,Transient,259.33,0,2,08,2017-08-02,0,6,3.0,0,1,1,2,Guest_0856,Expected
Resort Hotel,0,150,31,2,2,4,2,0.0,0,BB,Online TA,TA/TO,0,0,0,1,0,Transient,292.0,0,2,08,2017-08-02,0,6,2.0,0,1,1,2,Guest_0857,Expected
Resort Hotel,0,27,32,6,2,0,2,0.0,0,BB,Direct,Direct,0,0,0,0,0,Transient,227.0,0,2,08,2017-08-06,0,2,2.0,0,1,1,6,Guest_0858,Expected
Resort Hotel,0,3,31,5,2,1,2,0.0,0,BB,Online TA,TA/TO,0,0,0,0,0,Transient,180.5,0,1,08,2017-08-05,0,3,2.0,0,1,1,5,Guest_0859,Expected
Resort Hotel,0,171,31,1,2,5,2,0.0,0,HB,Offline TA/TO,TA/TO,0,0,0,1,0,Contract,132.85,0,0,08,2017-08-01,0,7,2.0,0,1,1,1,Guest_0860,Expected
Resort Hotel,0,22,31,5,2,1,2,0.0,0,BB,Online TA,TA/TO,0,0,0,1,0,Transient-Party,188.6,0,1,08,2017-08-05,0,3,2.0,0,1,1,5,Guest_0861,Expected
Resort Hotel,0,22,31,5,2,1,3,0.0,0,BB,Online TA,TA/TO,0,0,0,0,0,Transient-Party,241.41,1,1,08,2017-08-05,0,3,3.0,0,1,1,5,Guest_0862,Expected
Resort Hotel,0,19,31,4,2,2,2,0.0,0,BB,Online TA,TA/TO,0,0,0,0,0,Transient,175.14,1,1,08,2017-08-04,0,4,2.0,0,1,1,4,Guest_0863,Expected
Resort Hotel,0,202,31,4,2,2,2,0.0,0,BB,Online TA,TA/TO,0,0,0,0,0,Transient,168.0,0,1,08,2017-08-04,0,4,2.0,0,1,1,4,Guest_0864,Expected
Resort Hotel,0,11,31,5,2,1,3,1.0,0,BB,Online TA,TA/TO,0,0,0,0,0,Transient,343.0,1,1,08,2017-08-05,0,3,4.0,0,1,1,5,Guest_0865,Expected
Resort Hotel,0,187,31,1,2,5,2,0.0,0,HB,Online TA,TA/TO,0,0,0,1,0,Transient,190.97,0,1,08,2017-08-01,0,7,2.0,0,1,1,1,Guest_0866,Expected
Resort Hotel,0,280,32,6,2,0,2,0.0,0,BB,Online TA,TA/TO,0,0,0,0,0,Transient,138.38,0,1,08,2017-08-06,0,2,2.0,0,1,1,6,Guest_0867,Expected
Resort Hotel,0,280,32,6,2,0,2,0.0,0,BB,Online TA,TA/TO,0,0,0,0,0,Transient,152.38,0,1,08,2017-08-06,0,2,2.0,0,1,1,6,Guest_0868,Expected
Resort Hotel,0,23,31,5,2,1,2,0.0,0,HB,Online TA,TA/TO,0,0,0,0,0,Transient,242.84,0,0,08,2017-08-05,0,3,2.0,0,1,1,5,Guest_0869,Expected
Resort Hotel,0,27,31,1,2,5,3,0.0,0,HB,Online TA,TA/TO,0,0,0,0,0,Transient,235.95,0,1,08,2017-08-01,0,7,3.0,0,1,0,1,Guest_0870,Expected
Resort Hotel,0,36,31,4,2,2,2,0.0,0,BB,Online TA,TA/TO,0,0,0,0,0,Transient,239.75,0,2,08,2017-08-04,0,4,2.0,0,1,1,4,Guest_0871,Expected
Resort Hotel,0,11,31,4,2,2,2,0.0,0,BB,Online TA,TA/TO,0,0,0,0,0,Transient,316.5,0,4,08,2017-08-04,0,4,2.0,0,1,1,4,Guest_0872,Expected
Resort Hotel,0,38,31,5,2,1,2,2.0,0,BB,Online TA,TA/TO,0,0,0,0,0,Transient,294.0,0,0,08,2017-08-05,0,3,4.0,0,1,0,5,Guest_0873,Expected
Resort Hotel,0,106,31,1,2,5,2,0.0,0,BB,Offline TA/TO,TA/TO,0,0,0,0,0,Contract,118.5,0,0,08,2017-08-01,0,7,2.0,0,1,1,1,Guest_0874,Expected
Resort Hotel,0,109,31,4,2,2,2,0.0,0,BB,Online TA,TA/TO,0,0,0,0,0,Transient,266.0,0,2,08,2017-08-04,0,4,2.0,0,1,1,4,Guest_0875,Expected
Resort Hotel,0,1,32,7,1,0,2,0.0,0,BB,Online TA,TA/TO,0,0,0,0,0,Transient,154.98,0,0,08,2017-08-07,0,1,2.0,0,1,1,0,Guest_0876,Expected
Resort Hotel,0,162,31,1,2,5,2,0.0,0,BB,Offline TA/TO,TA/TO,0,0,0,0,0,Transient,134.86,0,0,08,2017-08-01,0,7,2.0,0,1,1,1,Guest_0877,Expected
Resort Hotel,0,9,32,6,2,0,2,0.0,0,BB,Direct,Direct,0,0,0,0,0,Transient,219.0,1,1,08,2017-08-06,0,2,2.0,0,1,0,6,Guest_0878,Expected
Resort Hotel,0,173,31,1,2,5,2,2.0,0,BB,Offline TA/TO,TA/TO,0,0,0,0,0,Transient,157.48,0,0,08,2017-08-01,0,7,4.0,0,1,1,1,Guest_0879,Expected
Resort Hotel,0,231,31,2,2,4,2,2.0,0,HB,Online TA,TA/TO,0,0,0,4,0,Transient,315.33,1,5,08,2017-08-02,0,6,4.0,0,1,1,2,Guest_0880,Expected
Resort Hotel,0,336,31,1,2,5,2,0.0,0,HB,Offline TA/TO,TA/TO,0,0,0,1,0,Transient,180.8,0,0,08,2017-08-01,1,7,2.0,0,1,1,1,Guest_0881,Expected
Resort Hotel,0,231,31,2,2,4,2,0.0,0,HB,Online TA,TA/TO,0,0,0,3,0,Transient,229.33,1,4,08,2017-08-02,0,6,2.0,0,1,1,2,Guest_0882,Expected
Resort Hotel,0,6,32,6,2,0,2,0.0,0,HB,Direct,Direct,0,0,0,1,0,Transient,291.0,0,1,08,2017-08-06,0,2,2.0,0,1,0,6,Guest_0883,Expected
Resort Hotel,0,204,31,3,2,4,2,0.0,0,BB,Online TA,TA/TO,0,0,0,0,0,Transient,165.63,0,1,08,2017-08-03,0,6,2.0,0,1,0,3,Guest_0884,Expected
Resort Hotel,0,102,31,2,2,5,2,0.0,0,HB,Offline TA/TO,TA/TO,0,0,0,0,0,Contract,148.5,0,0,08,2017-08-02,0,7,2.0,0,1,1,2,Guest_0885,Expected
Resort Hotel,0,263,31,1,2,6,2,1.0,0,HB,Direct,Direct,0,0,0,0,0,Transient,186.02,0,1,08,2017-08-01,0,8,3.0,0,1,1,1,Guest_0886,Expected
Resort Hotel,0,51,31,2,2,5,2,0.0,0,HB,Direct,Direct,0,0,0,1,0,Transient,235.0,0,2,08,2017-08-02,0,7,2.0,0,0,1,2,Guest_0887,Expected
Resort Hotel,0,21,31,2,2,5,2,0.0,0,BB,Offline TA/TO,TA/TO,0,0,0,0,0,Contract,121.5,0,2,08,2017-08-02,0,7,2.0,0,1,1,2,Guest_0888,Expected
Resort Hotel,0,85,31,4,2,3,2,0.0,0,BB,Offline TA/TO,TA/TO,0,0,0,0,0,Transient,197.93,0,0,08,2017-08-04,0,5,2.0,0,1,1,4,Guest_0889,Expected
Resort Hotel,0,91,31,2,2,5,3,0.0,0,BB,Offline TA/TO,TA/TO,0,0,0,0,0,Contract,159.28,0,0,08,2017-08-02,0,7,3.0,0,1,1,2,Guest_0890,Expected
Resort Hotel,0,102,32,7,1,1,2,0.0,0,BB,Online TA,TA/TO,0,0,0,0,0,Transient,184.0,0,1,08,2017-08-07,1,2,2.0,0,1,1,0,Guest_0891,Expected
Resort Hotel,0,14,31,5,2,2,2,0.0,0,BB,Online TA,TA/TO,0,0,0,0,0,Transient,228.5,0,2,08,2017-08-05,0,4,2.0,0,1,1,5,Guest_0892,Expected
Resort Hotel,0,1,32,8,0,1,2,0.0,0,BB,Direct,Direct,0,0,0,0,0,Transient,269.0,0,1,08,2017-08-08,0,1,2.0,0,1,1,1,Guest_0893,Expected
Resort Hotel,0,97,32,7,1,1,2,2.0,0,BB,Online TA,TA/TO,0,0,0,0,0,Transient,294.0,0,3,08,2017-08-07,0,2,4.0,0,1,0,0,Guest_0894,Expected
Resort Hotel,0,217,31,5,2,2,2,1.0,0,BB,Online TA,TA/TO,0,0,0,1,0,Transient,255.0,1,3,08,2017-08-05,0,4,3.0,0,1,1,5,Guest_0895,Expected
Resort Hotel,0,177,31,5,2,2,2,0.0,0,BB,Online TA,TA/TO,0,0,0,0,0,Transient,218.0,0,3,08,2017-08-05,0,4,2.0,0,1,1,5,Guest_0896,Expected
Resort Hotel,0,8,32,6,2,1,2,2.0,0,BB,Online TA,TA/TO,0,0,0,0,0,Transient,324.0,0,1,08,2017-08-06,0,3,4.0,0,1,1,6,Guest_0897,Expected
Resort Hotel,0,1,32,8,0,1,2,2.0,0,BB,Online TA,TA/TO,0,0,0,0,0,Transient,250.0,0,1,08,2017-08-08,0,1,4.0,0,1,1,1,Guest_0898,Expected
Resort Hotel,0,2,32,8,0,1,3,1.0,0,BB,Online TA,TA/TO,0,0,0,0,0,Transient,300.0,0,1,08,2017-08-08,0,1,4.0,0,1,1,1,Guest_0899,Expected
Resort Hotel,0,23,31,3,2,4,2,0.0,0,HB,Online TA,TA/TO,0,0,0,1,0,Transient,307.67,1,3,08,2017-08-03,0,6,2.0,0,1,1,3,Guest_0900,Expected
Resort Hotel,0,43,31,4,2,3,2,0.0,0,HB,Online TA,TA/TO,0,0,0,0,0,Transient,257.0,0,3,08,2017-08-04,0,5,2.0,0,1,1,4,Guest_0901,Expected
Resort Hotel,0,24,31,5,2,2,2,0.0,0,BB,Online TA,TA/TO,0,0,0,0,0,Transient,264.0,1,4,08,2017-08-05,0,4,2.0,0,1,0,5,Guest_0902,Expected
Resort Hotel,0,31,31,1,2,6,2,2.0,0,Undefined,Direct,Direct,0,0,0,0,0,Transient,426.25,0,2,08,2017-08-01,0,8,4.0,0,1,0,1,Guest_0903,Expected
Resort Hotel,0,143,31,3,2,5,2,0.0,0,Undefined,Offline TA/TO,TA/TO,0,0,0,0,0,Contract,175.5,0,1,08,2017-08-03,0,7,2.0,0,1,1,3,Guest_0904,Expected
Resort Hotel,0,121,31,3,2,5,2,0.0,0,BB,Offline TA/TO,TA/TO,0,0,0,0,0,Contract,135.0,0,0,08,2017-08-03,0,7,2.0,0,1,1,3,Guest_0905,Expected
Resort Hotel,0,38,32,6,2,2,2,2.0,0,BB,Online TA,TA/TO,0,0,0,0,0,Transient,264.0,0,2,08,2017-08-06,0,4,4.0,0,1,1,6,Guest_0906,Expected
Resort Hotel,0,326,32,7,1,2,2,0.0,0,BB,Online TA,TA/TO,0,0,0,1,0,Transient,197.6,0,2,08,2017-08-07,0,3,2.0,0,1,1,0,Guest_0907,Expected
Resort Hotel,0,326,32,7,1,2,1,0.0,0,BB,Online TA,TA/TO,0,0,0,0,0,Transient,183.6,0,3,08,2017-08-07,0,3,1.0,0,1,1,0,Guest_0908,Expected
Resort Hotel,0,3,32,7,1,2,2,0.0,0,BB,Online TA,TA/TO,0,0,0,0,0,Transient,230.0,0,2,08,2017-08-07,0,3,2.0,0,1,1,0,Guest_0909,Expected
Resort Hotel,0,212,31,3,2,5,3,0.0,0,HB,Offline TA/TO,TA/TO,0,0,0,0,0,Contract,206.03,0,1,08,2017-08-03,0,7,3.0,0,1,1,3,Guest_0910,Expected
Resort Hotel,0,122,31,3,2,5,2,0.0,0,HB,Offline TA/TO,TA/TO,0,0,0,0,0,Contract,165.0,0,0,08,2017-08-03,0,7,2.0,0,1,1,3,Guest_0911,Expected
Resort Hotel,0,134,31,2,2,6,3,0.0,0,BB,Offline TA/TO,TA/TO,0,0,0,3,0,Contract,141.55,0,0,08,2017-08-02,0,8,3.0,0,1,1,2,Guest_0912,Expected
Resort Hotel,0,179,31,3,2,5,2,0.0,0,BB,Online TA,TA/TO,0,0,0,1,0,Transient,212.29,0,2,08,2017-08-03,0,7,2.0,0,1,0,3,Guest_0913,Expected
Resort Hotel,0,183,32,9,0,1,2,0.0,0,BB,Offline TA/TO,TA/TO,0,0,0,0,0,Transient-Party,141.0,0,1,08,2017-08-09,1,1,2.0,0,0,0,2,Guest_0914,Expected
Resort Hotel,0,183,32,9,0,1,2,0.0,0,BB,Offline TA/TO,TA/TO,0,0,0,0,0,Transient-Party,141.0,0,1,08,2017-08-09,1,1,2.0,0,0,0,2,Guest_0915,Expected
Resort Hotel,0,32,31,5,2,3,2,0.0,0,HB,Online TA,TA/TO,0,0,0,0,0,Transient,276.0,0,2,08,2017-08-05,0,5,2.0,0,1,1,5,Guest_0916,Expected
Resort Hotel,0,15,32,7,1,2,2,0.0,0,BB,Online TA,TA/TO,0,0,0,0,0,Transient,231.67,0,2,08,2017-08-07,1,3,2.0,0,1,0,0,Guest_0917,Expected
Resort Hotel,0,5,32,10,0,1,2,0.0,0,BB,Online TA,TA/TO,0,0,0,0,0,Transient,244.0,0,2,08,2017-08-10,0,1,2.0,0,1,0,3,Guest_0918,Expected
Resort Hotel,0,95,31,4,2,4,2,2.0,0,HB,Online TA,TA/TO,0,0,0,0,0,Transient,328.0,0,2,08,2017-08-04,0,6,4.0,0,1,1,4,Guest_0919,Expected
Resort Hotel,0,240,32,6,2,2,2,0.0,0,BB,Offline TA/TO,TA/TO,0,0,0,0,0,Transient-Party,118.0,0,1,08,2017-08-06,0,4,2.0,0,1,1,6,Guest_0920,Expected
Resort Hotel,0,199,31,3,2,5,3,0.0,0,BB,Direct,Direct,0,0,0,0,0,Transient,187.37,0,2,08,2017-08-03,0,7,3.0,0,1,1,3,Guest_0921,Expected
Resort Hotel,0,0,32,9,0,1,2,0.0,0,BB,Direct,Direct,0,0,0,0,0,Transient,244.0,1,0,08,2017-08-09,0,1,2.0,0,0,0,2,Guest_0922,Expected
Resort Hotel,0,40,32,7,1,2,2,2.0,0,HB,Direct,Direct,0,0,0,1,0,Transient,387.0,0,3,08,2017-08-07,0,3,4.0,0,1,1,0,Guest_0923,Expected
Resort Hotel,0,2,32,9,0,1,2,2.0,0,BB,Online TA,TA/TO,0,0,0,0,0,Transient,230.0,1,1,08,2017-08-09,0,1,4.0,0,1,1,2,Guest_0924,Expected
Resort Hotel,0,195,31,3,2,5,2,1.0,1,BB,Direct,Direct,0,0,0,1,0,Transient,182.16,0,2,08,2017-08-03,0,7,4.0,0,1,0,3,Guest_0925,Expected
Resort Hotel,0,180,32,7,1,2,2,0.0,0,BB,Online TA,TA/TO,0,0,0,0,0,Transient,140.6,0,1,08,2017-08-07,1,3,2.0,0,1,1,0,Guest_0926,Expected
Resort Hotel,0,240,32,6,2,2,2,0.0,1,BB,Offline TA/TO,TA/TO,0,0,0,0,0,Transient-Party,116.5,0,2,08,2017-08-06,0,4,3.0,0,1,1,6,Guest_0927,Expected
Resort Hotel,0,240,32,6,2,2,2,1.0,0,BB,Offline TA/TO,TA/TO,0,0,0,0,0,Transient-Party,147.13,0,1,08,2017-08-06,0,4,3.0,0,1,1,6,Guest_0928,Expected
Resort Hotel,0,171,31,1,2,7,2,0.0,0,BB,Online TA,TA/TO,0,0,0,0,0,Transient,191.11,0,2,08,2017-08-01,0,9,2.0,0,1,0,1,Guest_0929,Expected
Resort Hotel,0,174,31,3,2,5,2,0.0,1,Undefined,Direct,Direct,0,0,0,0,0,Transient,248.36,1,2,08,2017-08-03,0,7,3.0,0,1,0,3,Guest_0930,Expected
Resort Hotel,0,121,31,5,2,3,2,0.0,0,BB,Online TA,TA/TO,0,0,0,0,0,Transient-Party,239.0,0,1,08,2017-08-05,0,5,2.0,0,1,1,5,Guest_0931,Expected
Resort Hotel,0,121,31,5,2,3,2,0.0,0,BB,Online TA,TA/TO,0,0,0,0,0,Transient-Party,239.0,0,1,08,2017-08-05,0,5,2.0,0,1,1,5,Guest_0932,Expected
Resort Hotel,0,121,31,5,2,3,2,0.0,0,BB,Online TA,TA/TO,0,0,0,0,0,Transient-Party,239.0,0,1,08,2017-08-05,0,5,2.0,0,1,1,5,Guest_0933,Expected
Resort Hotel,0,3,32,9,0,1,2,0.0,0,HB,Online TA,TA/TO,0,0,0,0,0,Transient,282.0,0,2,08,2017-08-09,0,1,2.0,0,1,1,2,Guest_0934,Expected
Resort Hotel,0,1,32,10,0,1,2,0.0,0,BB,Direct,TA/TO,0,0,0,0,0,Transient,205.0,0,2,08,2017-08-10,0,1,2.0,0,0,1,3,Guest_0935,Expected
Resort Hotel,0,27,32,8,0,2,1,0.0,0,BB,Online TA,TA/TO,0,0,0,2,0,Transient,232.0,0,1,08,2017-08-08,0,2,1.0,0,1,1,1,Guest_0936,Expected
Resort Hotel,0,27,32,8,0,2,2,0.0,0,BB,Online TA,TA/TO,0,0,0,0,0,Transient,202.0,0,1,08,2017-08-08,0,2,2.0,0,1,1,1,Guest_0937,Expected
Resort Hotel,0,17,32,8,0,3,2,0.0,0,BB,Offline TA/TO,TA/TO,0,0,0,0,0,Group,116.5,0,0,08,2017-08-08,0,3,2.0,0,1,1,1,Guest_0938,Expected
Resort Hotel,0,119,31,1,2,8,2,0.0,0,BB,Offline TA/TO,TA/TO,0,0,0,0,0,Contract,137.0,0,0,08,2017-08-01,0,10,2.0,0,1,1,1,Guest_0939,Expected
Resort Hotel,0,307,31,5,2,4,2,0.0,0,BB,Online TA,TA/TO,0,0,0,0,0,Transient,168.6,1,2,08,2017-08-05,0,6,2.0,0,1,0,5,Guest_0940,Expected
Resort Hotel,0,48,32,7,1,3,2,0.0,0,HB,Offline TA/TO,TA/TO,0,0,0,0,0,Transient-Party,216.84,0,0,08,2017-08-07,0,4,2.0,0,1,1,0,Guest_0941,Expected
Resort Hotel,0,48,32,7,1,3,2,0.0,0,HB,Offline TA/TO,TA/TO,0,0,0,0,0,Transient-Party,214.84,0,0,08,2017-08-07,0,4,2.0,0,1,1,0,Guest_0942,Expected
Resort Hotel,0,229,31,4,2,5,2,1.0,0,BB,Direct,Direct,0,0,0,0,0,Transient,169.28,0,0,08,2017-08-04,0,7,3.0,0,1,1,4,Guest_0943,Expected
Resort Hotel,0,322,32,7,1,3,3,0.0,0,BB,Direct,Direct,0,0,0,0,0,Transient,180.75,0,1,08,2017-08-07,0,4,3.0,0,0,0,0,Guest_0944,Expected
Resort Hotel,0,0,32,10,0,1,2,0.0,0,BB,Direct,Direct,0,0,0,0,0,Transient,180.0,0,1,08,2017-08-10,0,1,2.0,0,0,0,3,Guest_0945,Expected
Resort Hotel,0,131,32,7,1,3,2,0.0,0,BB,Online TA,TA/TO,0,0,0,0,0,Transient,266.0,0,2,08,2017-08-07,0,4,2.0,0,1,1,0,Guest_0946,Expected
Resort Hotel,0,42,31,4,2,5,2,0.0,0,BB,Online TA,TA/TO,0,0,0,0,0,Transient-Party,197.14,0,0,08,2017-08-04,0,7,2.0,0,1,1,4,Guest_0947,Expected
Resort Hotel,0,42,31,4,2,5,1,0.0,0,BB,Online TA,TA/TO,0,0,0,0,0,Transient-Party,181.14,0,0,08,2017-08-04,0,7,1.0,0,1,1,4,Guest_0948,Expected
Resort Hotel,0,0,32,10,0,1,2,0.0,0,BB,Direct,Direct,0,0,0,0,0,Transient,194.0,1,0,08,2017-08-10,0,1,2.0,0,0,1,3,Guest_0949,Expected
Resort Hotel,0,208,32,8,0,3,2,0.0,0,BB,Online TA,TA/TO,0,0,0,3,0,Transient,206.0,0,2,08,2017-08-08,1,3,2.0,0,1,1,1,Guest_0950,Expected
Resort Hotel,0,2,32,10,0,1,2,0.0,0,BB,Direct,Direct,0,0,0,0,0,Transient,205.0,0,1,08,2017-08-10,0,1,2.0,0,0,0,3,Guest_0951,Expected
Resort Hotel,0,2,32,10,0,1,2,0.0,0,BB,Direct,Direct,0,0,0,0,0,Transient,241.0,0,1,08,2017-08-10,0,1,2.0,0,0,0,3,Guest_0952,Expected
Resort Hotel,0,25,32,6,2,3,2,0.0,0,HB,Offline TA/TO,TA/TO,0,0,0,0,0,Transient,254.31,0,0,08,2017-08-06,0,5,2.0,0,1,0,6,Guest_0953,Expected
Resort Hotel,0,43,32,7,1,3,2,0.0,0,HB,Online TA,TA/TO,0,0,0,0,0,Transient,296.0,0,2,08,2017-08-07,0,4,2.0,0,1,0,0,Guest_0954,Expected
Resort Hotel,0,49,32,8,0,3,1,0.0,0,BB,Corporate,Corporate,0,0,0,0,0,Group,135.0,0,1,08,2017-08-08,0,3,1.0,0,0,0,1,Guest_0955,Expected
Resort Hotel,0,3,32,6,2,3,2,0.0,0,BB,Online TA,TA/TO,0,0,0,0,0,Transient,224.0,0,2,08,2017-08-06,0,5,2.0,0,1,0,6,Guest_0956,Expected
Resort Hotel,0,305,31,5,2,5,2,0.0,0,HB,Offline TA/TO,TA/TO,0,0,0,0,0,Transient,132.85,0,0,08,2017-08-05,0,7,2.0,0,1,1,5,Guest_0957,Expected
Resort Hotel,0,183,32,6,2,4,1,2.0,0,HB,Online TA,TA/TO,0,0,0,0,0,Transient,223.07,0,1,08,2017-08-06,0,6,3.0,0,1,1,6,Guest_0958,Expected
Resort Hotel,0,183,32,6,2,4,2,2.0,0,HB,Online TA,TA/TO,0,0,0,0,0,Transient,239.78,0,1,08,2017-08-06,0,6,4.0,0,1,1,6,Guest_0959,Expected
Resort Hotel,0,264,32,7,1,4,2,1.0,0,BB,Direct,Direct,0,0,0,0,0,Transient,231.6,1,1,08,2017-08-07,0,5,3.0,0,1,1,0,Guest_0960,Expected
Resort Hotel,0,207,32,8,0,4,2,0.0,0,HB,Online TA,TA/TO,0,0,0,0,0,Transient,250.0,0,2,08,2017-08-08,0,4,2.0,0,1,1,1,Guest_0961,Expected
Resort Hotel,0,218,31,5,2,5,1,1.0,0,HB,Offline TA/TO,TA/TO,0,0,0,0,0,Transient,135.9,0,1,08,2017-08-05,0,7,2.0,0,1,1,5,Guest_0962,Expected
Resort Hotel,0,218,31,5,2,5,2,0.0,0,HB,Offline TA/TO,TA/TO,0,0,0,1,0,Transient,135.9,0,1,08,2017-08-05,0,7,2.0,0,1,1,5,Guest_0963,Expected
Resort Hotel,0,204,32,10,0,2,2,0.0,0,BB,Online TA,TA/TO,0,0,0,0,0,Transient,202.0,1,3,08,2017-08-10,1,2,2.0,0,1,1,3,Guest_0964,Expected
Resort Hotel,0,152,32,7,1,4,2,0.0,0,BB,Online TA,TA/TO,0,0,0,0,0,Transient,220.0,0,2,08,2017-08-07,0,5,2.0,0,1,1,0,Guest_0965,Expected
Resort Hotel,0,163,32,8,0,4,2,2.0,0,BB,Direct,Direct,0,0,0,0,0,Transient,215.0,0,4,08,2017-08-08,0,4,4.0,0,1,1,1,Guest_0966,Expected
Resort Hotel,0,157,32,10,0,2,2,2.0,0,BB,Online TA,TA/TO,0,0,0,0,0,Transient,314.0,1,3,08,2017-08-10,0,2,4.0,0,1,0,3,Guest_0967,Expected
Resort Hotel,0,14,32,9,0,3,2,0.0,0,HB,Online TA,TA/TO,0,0,0,0,0,Transient,241.0,0,2,08,2017-08-09,0,3,2.0,0,1,1,2,Guest_0968,Expected
Resort Hotel,0,166,32,8,0,4,2,0.0,0,BB,Direct,Direct,0,0,0,0,0,Transient,213.0,0,1,08,2017-08-08,0,4,2.0,0,1,0,1,Guest_0969,Expected
Resort Hotel,0,31,32,7,1,4,2,1.0,0,HB,Direct,Direct,0,0,0,1,0,Transient,283.0,0,2,08,2017-08-07,0,5,3.0,0,1,1,0,Guest_0970,Expected
Resort Hotel,0,167,32,8,0,4,2,0.0,0,BB,Direct,Direct,0,0,0,0,0,Transient,209.0,1,3,08,2017-08-08,0,4,2.0,0,1,0,1,Guest_0971,Expected
Resort Hotel,0,104,31,3,2,7,2,1.0,0,BB,Online TA,TA/TO,0,0,0,2,0,Transient,255.0,0,2,08,2017-08-03,0,9,3.0,0,1,1,3,Guest_0972,Expected
Resort Hotel,0,33,32,10,0,2,2,0.0,0,BB,Online TA,TA/TO,0,0,0,0,0,Transient,179.59,1,1,08,2017-08-10,1,2,2.0,0,1,1,3,Guest_0973,Expected
Resort Hotel,0,174,32,9,0,3,3,0.0,0,BB,Direct,Direct,0,0,0,0,0,Transient-Party,244.0,1,1,08,2017-08-09,0,3,3.0,0,1,1,2,Guest_0974,Expected
Resort Hotel,0,253,32,9,0,3,3,1.0,0,BB,Direct,Direct,0,0,0,2,0,Transient,236.1,1,1,08,2017-08-09,0,3,4.0,0,1,1,2,Guest_0975,Expected
Resort Hotel,0,190,31,2,2,8,2,0.0,0,HB,Offline TA/TO,TA/TO,0,0,0,0,0,Transient,161.4,0,0,08,2017-08-02,0,10,2.0,0,1,1,2,Guest_0976,Expected
Resort Hotel,0,190,31,2,2,8,2,0.0,0,HB,Offline TA/TO,TA/TO,0,0,0,0,0,Contract,161.4,0,0,08,2017-08-02,0,10,2.0,0,1,1,2,Guest_0977,Expected
Resort Hotel,0,93,32,8,0,4,2,0.0,0,BB,Online TA,TA/TO,0,0,0,0,0,Transient,184.0,0,1,08,2017-08-08,0,4,2.0,0,1,1,1,Guest_0978,Expected
Resort Hotel,0,174,32,9,0,3,3,0.0,0,BB,Direct,Direct,0,0,0,0,0,Transient-Party,244.0,1,1,08,2017-08-09,0,3,3.0,0,1,1,2,Guest_0979,Expected
Resort Hotel,0,24,31,5,2,5,2,0.0,0,BB,Offline TA/TO,TA/TO,0,0,0,0,0,Contract,121.5,0,2,08,2017-08-05,0,7,2.0,0,1,1,5,Guest_0980,Expected
Resort Hotel,0,36,32,9,0,3,2,0.0,0,BB,Online TA,TA/TO,0,0,0,0,0,Transient,244.0,0,2,08,2017-08-09,0,3,2.0,0,1,0,2,Guest_0981,Expected
Resort Hotel,0,3,32,10,0,2,2,0.0,0,BB,Online TA,TA/TO,0,0,0,0,0,Transient,240.0,0,3,08,2017-08-10,0,2,2.0,0,1,0,3,Guest_0982,Expected
Resort Hotel,0,15,32,6,2,4,2,0.0,0,BB,Online TA,TA/TO,0,0,0,0,0,Transient,214.0,0,3,08,2017-08-06,0,6,2.0,0,1,1,6,Guest_0983,Expected
Resort Hotel,0,214,31,5,2,5,2,2.0,0,BB,Online TA,TA/TO,0,0,0,0,0,Transient,151.76,0,0,08,2017-08-05,0,7,4.0,0,1,1,5,Guest_0984,Expected
Resort Hotel,0,33,32,7,1,4,2,0.0,0,BB,Online TA,TA/TO,0,0,0,0,0,Transient,244.0,0,2,08,2017-08-07,0,5,2.0,0,1,1,0,Guest_0985,Expected
Resort Hotel,0,164,32,8,0,4,2,2.0,0,BB,Online TA,TA/TO,0,0,0,0,0,Transient,227.0,1,2,08,2017-08-08,0,4,4.0,0,1,1,1,Guest_0986,Expected
Resort Hotel,0,32,32,8,0,4,2,1.0,0,BB,Online TA,TA/TO,0,0,0,0,0,Transient,237.6,0,1,08,2017-08-08,0,4,3.0,0,1,1,1,Guest_0987,Expected
Resort Hotel,0,0,32,11,0,1,2,0.0,0,BB,Online TA,TA/TO,1,0,0,0,0,Transient,190.0,0,1,08,2017-08-11,0,1,2.0,0,1,0,4,Guest_0988,Expected
Resort Hotel,0,23,32,11,0,1,2,0.0,0,HB,Online TA,TA/TO,0,0,0,0,0,Transient,241.0,0,2,08,2017-08-11,0,1,2.0,0,1,1,4,Guest_0989,Expected
Resort Hotel,0,12,32,11,0,2,2,0.0,0,BB,Online TA,TA/TO,0,0,0,0,0,Transient,168.0,0,1,08,2017-08-11,0,2,2.0,0,1,1,4,Guest_0990,Expected
Resort Hotel,0,46,32,8,0,5,3,0.0,0,BB,Online TA,TA/TO,0,0,0,1,0,Transient-Party,243.81,0,4,08,2017-08-08,0,5,3.0,0,1,1,1,Guest_0991,Expected
Resort Hotel,0,46,32,8,0,5,2,0.0,0,BB,Online TA,TA/TO,0,0,0,1,0,Transient-Party,188.0,0,3,08,2017-08-08,0,5,2.0,0,1,1,1,Guest_0992,Expected
Resort Hotel,0,128,31,3,2,8,3,0.0,0,HB,Direct,Direct,0,0,0,1,0,Transient,368.1,1,1,08,2017-08-03,0,10,3.0,0,1,0,3,Guest_0993,Expected
Resort Hotel,0,331,32,12,2,5,2,0.0,0,HB,Offline TA/TO,TA/TO,0,0,0,2,0,Transient,174.4,0,2,08,2017-08-12,0,7,2.0,0,1,1,5,Guest_0994,Expected
Resort Hotel,0,51,32,12,0,1,2,0.0,0,BB,Online TA,TA/TO,0,0,0,0,0,Transient,284.0,1,2,08,2017-08-12,1,1,2.0,0,1,1,5,Guest_0995,Expected
Resort Hotel,0,233,31,2,2,9,3,0.0,0,BB,Offline TA/TO,TA/TO,0,0,0,0,0,Contract,143.57,0,2,08,2017-08-02,0,11,3.0,0,1,1,2,Guest_0996,Expected
Resort Hotel,0,233,31,2,2,9,2,1.0,0,BB,Offline TA/TO,TA/TO,0,0,0,0,0,Contract,133.07,0,1,08,2017-08-02,0,11,3.0,0,1,1,2,Guest_0997,Expected
Resort Hotel,0,22,31,3,2,8,2,0.0,0,HB,Offline TA/TO,TA/TO,0,0,0,0,0,Group,161.4,0,2,08,2017-08-03,0,10,2.0,0,1,1,3,Guest_0998,Expected
Resort Hotel,0,176,32,6,2,5,2,1.0,0,BB,Offline TA/TO,TA/TO,0,0,0,0,0,Contract,133.07,0,3,08,2017-08-06,0,7,3.0,0,1,1,6,Guest_0999,Expected
Resort Hotel,0,153,32,6,2,5,2,0.0,0,BB,Offline TA/TO,TA/TO,0,0,0,0,0,Contract,121.5,0,0,08,2017-08-06,0,7,2.0,0,1,1,6,Guest_1000,Expected
Resort Hotel,0,189,31,3,2,8,2,0.0,0,HB,Online TA,TA/TO,0,0,0,1,0,Transient-Party,163.08,0,0,08,2017-08-03,0,10,2.0,0,1,1,3,Guest_1001,Expected
Resort Hotel,0,189,31,3,2,8,2,0.0,0,HB,Online TA,TA/TO,0,0,0,1,0,Transient-Party,167.28,0,0,08,2017-08-03,0,10,2.0,0,1,1,3,Guest_1002,Expected
Resort Hotel,0,38,32,6,2,5,2,0.0,0,HB,Direct,Direct,0,0,0,0,0,Transient,271.0,1,1,08,2017-08-06,0,7,2.0,0,1,1,6,Guest_1003,Expected
Resort Hotel,0,188,31,3,2,8,2,0.0,0,BB,Online TA,TA/TO,0,0,0,0,0,Transient,169.0,0,1,08,2017-08-03,0,10,2.0,0,1,1,3,Guest_1004,Expected
Resort Hotel,0,62,32,7,1,5,2,0.0,0,BB,Direct,Direct,0,0,0,0,0,Transient,290.67,0,0,08,2017-08-07,0,6,2.0,0,1,1,0,Guest_1005,Expected
Resort Hotel,0,262,32,6,2,5,2,3.0,0,HB,Direct,Direct,0,0,0,1,0,Transient,288.03,1,1,08,2017-08-06,0,7,5.0,0,1,0,6,Guest_1006,Expected
Resort Hotel,0,0,32,12,0,1,2,0.0,0,BB,Direct,Direct,0,0,0,0,0,Transient,214.0,1,0,08,2017-08-12,0,1,2.0,0,0,0,5,Guest_1007,Expected
Resort Hotel,0,188,31,3,2,8,2,0.0,0,BB,Online TA,TA/TO,0,0,0,0,0,Transient,169.0,0,1,08,2017-08-03,0,10,2.0,0,1,1,3,Guest_1008,Expected
Resort Hotel,0,255,32,6,2,5,2,0.0,0,HB,Direct,Direct,0,0,0,1,0,Transient,179.81,0,0,08,2017-08-06,0,7,2.0,0,1,0,6,Guest_1009,Expected
Resort Hotel,0,176,32,7,1,5,2,2.0,0,HB,Online TA,TA/TO,0,0,0,0,0,Transient,268.0,0,2,08,2017-08-07,0,6,4.0,0,1,1,0,Guest_1010,Expected
Resort Hotel,0,38,32,7,1,5,2,1.0,0,HB,Direct,Direct,0,0,0,1,0,Transient,302.5,0,1,08,2017-08-07,0,6,3.0,0,1,1,0,Guest_1011,Expected
Resort Hotel,0,291,32,7,1,5,2,0.0,0,BB,Online TA,TA/TO,0,0,0,2,0,Transient,138.38,0,1,08,2017-08-07,0,6,2.0,0,1,1,0,Guest_1012,Expected
Resort Hotel,0,291,32,7,1,5,2,0.0,0,BB,Online TA,TA/TO,0,0,0,2,0,Transient,154.38,0,1,08,2017-08-07,0,6,2.0,0,1,1,0,Guest_1013,Expected
Resort Hotel,0,188,31,5,2,6,2,0.0,0,HB,Online TA,TA/TO,0,0,0,0,0,Transient,212.0,0,2,08,2017-08-05,0,8,2.0,0,1,1,5,Guest_1014,Expected
Resort Hotel,0,136,32,8,0,5,2,0.0,0,HB,Online TA,TA/TO,0,0,0,0,0,Transient,252.0,0,4,08,2017-08-08,0,5,2.0,0,1,1,1,Guest_1015,Expected
Resort Hotel,0,185,32,6,2,5,2,0.0,0,HB,Offline TA/TO,TA/TO,0,0,0,2,0,Transient,174.0,0,0,08,2017-08-06,0,7,2.0,0,1,0,6,Guest_1016,Expected
Resort Hotel,0,25,32,6,2,5,2,0.0,0,BB,Offline TA/TO,TA/TO,0,0,0,0,0,Group,121.5,0,2,08,2017-08-06,0,7,2.0,0,1,1,6,Guest_1017,Expected
Resort Hotel,0,84,32,8,0,5,2,2.0,0,Undefined,Direct,Direct,0,0,0,0,0,Transient,335.0,0,1,08,2017-08-08,0,5,4.0,0,0,1,1,Guest_1018,Expected
Resort Hotel,0,5,32,12,0,1,2,2.0,0,BB,Online TA,TA/TO,0,0,0,0,0,Transient,260.0,0,3,08,2017-08-12,0,1,4.0,0,1,1,5,Guest_1019,Expected
Resort Hotel,0,191,32,9,0,4,2,0.0,0,BB,Direct,Direct,0,0,0,0,0,Transient,162.0,0,0,08,2017-08-09,0,4,2.0,0,1,1,2,Guest_1020,Expected
Resort Hotel,0,30,32,8,0,5,2,0.0,0,BB,Online TA,TA/TO,0,0,0,0,0,Transient,230.0,0,2,08,2017-08-08,0,5,2.0,0,1,1,1,Guest_1021,Expected
Resort Hotel,0,3,32,12,0,1,2,2.0,0,BB,Online TA,TA/TO,0,0,0,0,0,Transient,324.0,1,1,08,2017-08-12,0,1,4.0,0,1,1,5,Guest_1022,Expected
Resort Hotel,0,194,32,8,0,5,2,0.0,0,BB,Direct,Direct,0,0,0,3,0,Transient,210.0,1,3,08,2017-08-08,0,5,2.0,0,1,1,1,Guest_1023,Expected
Resort Hotel,0,33,32,8,0,5,2,0.0,0,HB,Online TA,TA/TO,0,0,0,2,0,Transient,196.0,0,2,08,2017-08-08,0,5,2.0,0,1,1,1,Guest_1024,Expected
Resort Hotel,0,176,32,8,0,5,2,0.0,0,BB,Direct,Direct,0,0,0,2,0,Transient,211.0,1,4,08,2017-08-08,0,5,2.0,0,1,0,1,Guest_1025,Expected
Resort Hotel,0,314,32,6,2,5,2,1.0,0,HB,Online TA,TA/TO,0,0,0,0,0,Transient,133.74,0,1,08,2017-08-06,0,7,3.0,0,1,0,6,Guest_1026,Expected
Resort Hotel,0,327,31,4,2,7,2,0.0,0,BB,Online TA,TA/TO,0,0,0,0,0,Transient,174.8,0,1,08,2017-08-04,0,9,2.0,0,1,0,4,Guest_1027,Expected
Resort Hotel,0,1,32,11,0,2,3,0.0,0,BB,Direct,Direct,0,0,0,0,0,Transient,295.0,1,0,08,2017-08-11,0,2,3.0,0,0,0,4,Guest_1028,Expected
Resort Hotel,0,89,32,6,2,5,1,2.0,0,BB,Online TA,TA/TO,0,0,0,1,0,Transient,282.0,0,2,08,2017-08-06,0,7,3.0,0,1,1,6,Guest_1029,Expected
Resort Hotel,0,286,32,7,2,5,1,0.0,0,HB,Offline TA/TO,TA/TO,0,0,0,1,0,Contract,117.45,0,0,08,2017-08-07,0,7,1.0,0,1,1,0,Guest_1030,Expected
Resort Hotel,0,286,32,7,2,5,2,0.0,0,HB,Offline TA/TO,TA/TO,0,0,0,0,0,Contract,130.06,0,1,08,2017-08-07,0,7,2.0,0,1,1,0,Guest_1031,Expected
Resort Hotel,0,116,32,8,1,5,2,1.0,0,BB,Online TA,TA/TO,0,0,0,0,0,Transient,205.2,0,1,08,2017-08-08,0,6,3.0,0,1,1,1,Guest_1032,Expected
Resort Hotel,0,27,33,13,1,0,2,0.0,0,BB,Online TA,TA/TO,0,0,0,0,0,Transient,181.2,1,2,08,2017-08-13,1,1,2.0,0,1,1,6,Guest_1033,Expected
Resort Hotel,0,184,32,9,1,4,2,1.0,0,HB,Offline TA/TO,TA/TO,0,0,0,0,0,Contract,170.57,0,2,08,2017-08-09,0,5,3.0,0,1,1,2,Guest_1034,Expected
Resort Hotel,0,15,32,11,1,2,2,0.0,0,BB,Offline TA/TO,TA/TO,0,0,0,0,0,Contract,137.0,0,0,08,2017-08-11,1,3,2.0,0,1,1,4,Guest_1035,Expected
Resort Hotel,0,137,32,7,2,5,2,1.0,0,BB,Offline TA/TO,TA/TO,0,0,0,0,0,Transient,205.43,0,0,08,2017-08-07,0,7,3.0,0,1,0,0,Guest_1036,Expected
Resort Hotel,0,3,32,12,1,1,2,0.0,0,HB,Direct,Direct,0,0,0,1,0,Transient,283.0,1,1,08,2017-08-12,0,2,2.0,0,1,1,5,Guest_1037,Expected
Resort Hotel,0,84,32,8,1,5,2,0.0,0,BB,Online TA,TA/TO,0,0,0,0,0,Transient,230.0,0,2,08,2017-08-08,0,6,2.0,0,1,0,1,Guest_1038,Expected
Resort Hotel,0,191,32,6,3,5,2,0.0,0,Undefined,Online TA,TA/TO,0,0,0,2,0,Transient,196.0,1,0,08,2017-08-06,0,8,2.0,0,1,0,6,Guest_1039,Expected
Resort Hotel,0,256,32,10,1,3,2,1.0,1,BB,Online TA,TA/TO,0,0,0,1,0,Transient,258.0,0,2,08,2017-08-10,0,4,4.0,0,1,1,3,Guest_1040,Expected
Resort Hotel,0,43,32,7,2,5,2,0.0,0,BB,Online TA,TA/TO,0,0,0,0,0,Transient,270.0,0,2,08,2017-08-07,0,7,2.0,0,1,1,0,Guest_1041,Expected
Resort Hotel,0,195,32,7,2,5,2,0.0,0,HB,Offline TA/TO,TA/TO,0,0,0,0,0,Contract,158.6,0,0,08,2017-08-07,0,7,2.0,0,1,1,0,Guest_1042,Expected
Resort Hotel,0,11,32,10,1,3,2,0.0,0,BB,Direct,Direct,0,0,0,0,0,Transient,204.75,0,1,08,2017-08-10,0,4,2.0,0,1,1,3,Guest_1043,Expected
Resort Hotel,0,87,32,11,1,2,2,0.0,0,BB,Online TA,TA/TO,0,0,0,0,0,Transient,230.0,0,2,08,2017-08-11,0,3,2.0,0,1,1,4,Guest_1044,Expected
Resort Hotel,0,28,32,7,2,5,2,0.0,0,BB,Online TA,TA/TO,0,0,0,0,0,Transient,244.0,0,2,08,2017-08-07,0,7,2.0,0,1,1,0,Guest_1045,Expected
Resort Hotel,0,239,32,9,1,4,2,0.0,0,BB,Direct,Direct,0,0,0,0,0,Transient,183.2,0,1,08,2017-08-09,0,5,2.0,0,1,1,2,Guest_1046,Expected
Resort Hotel,0,0,33,13,1,0,2,0.0,0,BB,Direct,Direct,0,0,0,0,0,Transient,185.0,0,0,08,2017-08-13,0,1,2.0,0,0,0,6,Guest_1047,Expected
Resort Hotel,0,257,32,7,2,5,2,1.0,0,BB,Online TA,TA/TO,0,0,0,1,0,Transient-Party,178.75,0,2,08,2017-08-07,0,7,3.0,0,1,1,0,Guest_1048,Expected
Resort Hotel,0,11,32,12,1,1,2,2.0,0,BB,Online TA,TA/TO,0,0,0,0,0,Transient,284.0,1,2,08,2017-08-12,0,2,4.0,0,1,1,5,Guest_1049,Expected
Resort Hotel,0,37,32,10,1,3,2,0.0,0,BB,Online TA,TA/TO,0,0,0,0,0,Transient,190.1,0,0,08,2017-08-10,0,4,2.0,0,1,1,3,Guest_1050,Expected
Resort Hotel,0,0,33,13,1,0,1,0.0,0,BB,Online TA,TA/TO,0,0,0,1,0,Transient,171.0,0,0,08,2017-08-13,0,1,1.0,0,1,1,6,Guest_1051,Expected
Resort Hotel,0,45,32,9,1,4,2,0.0,0,BB,Online TA,TA/TO,0,0,0,0,0,Transient,244.0,0,1,08,2017-08-09,0,5,2.0,0,1,1,2,Guest_1052,Expected
Resort Hotel,0,45,32,10,1,3,2,0.0,0,HB,Online TA,TA/TO,0,0,0,1,0,Transient,276.0,0,1,08,2017-08-10,1,4,2.0,0,1,1,3,Guest_1053,Expected
Resort Hotel,0,12,32,11,1,2,2,0.0,0,BB,Online TA,TA/TO,0,0,0,0,0,Transient,167.73,0,1,08,2017-08-11,0,3,2.0,0,1,1,4,Guest_1054,Expected
Resort Hotel,0,26,32,7,2,5,2,0.0,0,BB,Offline TA/TO,TA/TO,0,0,0,0,0,Group,114.76,0,2,08,2017-08-07,0,7,2.0,0,1,1,0,Guest_1055,Expected
Resort Hotel,0,59,32,9,1,4,3,0.0,0,BB,Direct,Direct,0,0,0,0,0,Transient,289.0,1,2,08,2017-08-09,0,5,3.0,0,1,1,2,Guest_1056,Expected
Resort Hotel,0,1,33,13,1,0,2,0.0,0,BB,Online TA,TA/TO,0,0,0,0,0,Transient,136.8,0,1,08,2017-08-13,0,1,2.0,0,1,1,6,Guest_1057,Expected
Resort Hotel,0,190,32,8,2,5,2,0.0,0,HB,Offline TA/TO,TA/TO,0,0,0,1,0,Contract,134.85,0,0,08,2017-08-08,0,7,2.0,0,1,1,1,Guest_1058,Expected
Resort Hotel,0,0,32,9,2,4,2,0.0,0,BB,Direct,Direct,0,0,0,0,0,Transient,192.0,0,0,08,2017-08-09,0,6,2.0,0,0,1,2,Guest_1059,Expected
Resort Hotel,0,43,32,7,3,5,2,0.0,0,HB,Online TA,TA/TO,0,0,0,0,0,Transient,316.0,0,1,08,2017-08-07,0,8,2.0,0,1,1,0,Guest_1060,Expected
Resort Hotel,0,119,31,5,4,6,2,0.0,0,BB,Offline TA/TO,TA/TO,0,0,0,0,0,Contract,118.3,0,0,08,2017-08-05,0,10,2.0,0,1,1,5,Guest_1061,Expected
Resort Hotel,0,132,32,11,2,2,2,0.0,0,BB,Offline TA/TO,TA/TO,0,0,0,0,0,Contract,135.0,0,0,08,2017-08-11,0,4,2.0,0,1,1,4,Guest_1062,Expected
Resort Hotel,0,132,32,11,2,2,2,0.0,0,BB,Offline TA/TO,TA/TO,0,0,0,0,0,Contract,135.0,0,0,08,2017-08-11,0,4,2.0,0,1,1,4,Guest_1063,Expected
Resort Hotel,0,132,32,11,2,2,1,0.0,0,BB,Offline TA/TO,TA/TO,0,0,0,0,0,Contract,116.5,0,0,08,2017-08-11,0,4,1.0,0,1,1,4,Guest_1064,Expected
Resort Hotel,0,20,33,14,1,0,1,0.0,0,BB,Direct,Direct,0,0,0,0,0,Transient-Party,180.0,0,1,08,2017-08-14,0,1,1.0,0,0,0,0,Guest_1065,Expected
Resort Hotel,0,20,33,14,1,0,1,0.0,0,BB,Direct,Direct,0,0,0,0,0,Transient-Party,180.0,0,1,08,2017-08-14,0,1,1.0,0,0,0,0,Guest_1066,Expected
Resort Hotel,0,33,32,9,2,4,2,2.0,0,BB,Online TA,TA/TO,0,0,0,0,0,Transient,330.0,0,1,08,2017-08-09,0,6,4.0,0,1,0,2,Guest_1067,Expected
Resort Hotel,0,43,32,8,2,5,3,0.0,0,HB,Online TA,TA/TO,0,0,0,1,0,Transient,269.43,1,0,08,2017-08-08,0,7,3.0,0,1,1,1,Guest_1068,Expected
Resort Hotel,0,60,32,12,2,1,2,0.0,0,BB,Direct,Direct,0,0,0,0,0,Transient,239.0,1,2,08,2017-08-12,0,3,2.0,0,1,0,5,Guest_1069,Expected
Resort Hotel,0,60,32,12,2,1,2,0.0,0,BB,Direct,Direct,0,0,0,0,0,Transient,225.0,0,3,08,2017-08-12,0,3,2.0,0,1,0,5,Guest_1070,Expected
Resort Hotel,0,197,31,5,4,6,2,0.0,0,BB,Online TA,TA/TO,0,0,0,0,0,Transient,168.0,0,0,08,2017-08-05,0,10,2.0,0,1,0,5,Guest_1071,Expected
Resort Hotel,0,209,32,12,2,1,2,0.0,0,BB,Online TA,TA/TO,0,0,0,0,0,Transient,202.0,0,2,08,2017-08-12,1,3,2.0,0,1,0,5,Guest_1072,Expected
Resort Hotel,0,214,33,13,2,0,2,2.0,0,BB,Direct,Direct,0,0,0,1,0,Transient,199.2,1,2,08,2017-08-13,0,2,4.0,0,1,0,6,Guest_1073,Expected
Resort Hotel,0,5,33,13,2,0,2,0.0,0,BB,Online TA,TA/TO,0,0,0,0,0,Transient,210.0,0,1,08,2017-08-13,0,2,2.0,0,1,1,6,Guest_1074,Expected
Resort Hotel,0,0,33,15,0,1,2,0.0,0,BB,Direct,TA/TO,1,0,0,0,0,Transient,174.0,0,1,08,2017-08-15,0,1,2.0,0,0,1,1,Guest_1075,Expected
Resort Hotel,0,190,32,8,2,5,2,2.0,0,BB,Direct,Direct,0,0,0,2,0,Transient,198.0,0,1,08,2017-08-08,0,7,4.0,0,1,1,1,Guest_1076,Expected
Resort Hotel,0,49,33,13,2,0,2,0.0,0,BB,Online TA,TA/TO,0,0,0,0,0,Transient,198.0,0,1,08,2017-08-13,0,2,2.0,0,1,0,6,Guest_1077,Expected
Resort Hotel,0,191,32,9,2,4,2,0.0,0,BB,Direct,Direct,0,0,0,0,0,Transient,162.0,0,0,08,2017-08-09,0,6,2.0,0,1,1,2,Guest_1078,Expected
Resort Hotel,0,155,32,11,2,2,3,0.0,0,HB,Direct,Direct,0,0,0,1,0,Transient,284.7,0,2,08,2017-08-11,1,4,3.0,0,1,0,4,Guest_1079,Expected
Resort Hotel,0,155,32,11,2,2,2,0.0,0,HB,Direct,Direct,0,0,0,1,0,Transient-Party,225.5,0,1,08,2017-08-11,0,4,2.0,0,1,0,4,Guest_1080,Expected
Resort Hotel,0,155,32,11,2,2,2,1.0,0,HB,Direct,Direct,0,0,0,1,0,Transient-Party,251.0,0,1,08,2017-08-11,0,4,3.0,0,1,0,4,Guest_1081,Expected
Resort Hotel,0,0,33,14,1,0,2,0.0,0,BB,Direct,Direct,0,0,0,0,0,Transient,225.0,0,0,08,2017-08-14,1,1,2.0,0,1,0,0,Guest_1082,Expected
Resort Hotel,0,105,32,8,2,5,3,0.0,0,BB,Direct,Direct,0,0,0,0,0,Transient,275.0,0,1,08,2017-08-08,0,7,3.0,0,1,0,1,Guest_1083,Expected
Resort Hotel,0,286,32,10,2,3,2,0.0,0,BB,Online TA,TA/TO,0,0,0,0,0,Transient,101.22,0,1,08,2017-08-10,0,5,2.0,0,1,1,3,Guest_1084,Expected
Resort Hotel,0,172,32,6,4,5,2,0.0,0,HB,Offline TA/TO,TA/TO,0,0,0,0,0,Contract,153.5,0,0,08,2017-08-06,0,9,2.0,0,1,1,6,Guest_1085,Expected
Resort Hotel,0,0,33,13,2,0,2,0.0,0,BB,Online TA,TA/TO,0,0,0,0,0,Transient,210.0,0,1,08,2017-08-13,0,2,2.0,0,1,0,6,Guest_1086,Expected
Resort Hotel,0,177,32,9,2,4,2,2.0,0,HB,Online TA,TA/TO,0,0,0,1,0,Transient,329.67,0,1,08,2017-08-09,0,6,4.0,0,1,0,2,Guest_1087,Expected
Resort Hotel,0,0,33,14,1,0,2,0.0,0,BB,Direct,Direct,0,0,0,0,0,Transient,180.0,0,0,08,2017-08-14,0,1,2.0,0,0,0,0,Guest_1088,Expected
Resort Hotel,0,286,32,7,3,6,2,0.0,0,BB,Direct,Direct,0,0,0,2,0,Transient,157.52,0,1,08,2017-08-07,0,9,2.0,0,1,1,0,Guest_1089,Expected
Resort Hotel,0,67,32,11,2,3,2,0.0,0,HB,Offline TA/TO,TA/TO,0,0,0,0,0,Contract,165.0,0,0,08,2017-08-11,0,5,2.0,0,1,1,4,Guest_1090,Expected
Resort Hotel,0,280,32,8,2,6,2,0.0,0,HB,Online TA,TA/TO,0,0,0,1,0,Transient,150.48,0,0,08,2017-08-08,0,8,2.0,0,1,1,1,Guest_1091,Expected
Resort Hotel,0,1,33,15,0,1,2,1.0,0,BB,Online TA,TA/TO,0,0,0,1,0,Transient,175.5,1,1,08,2017-08-15,0,1,3.0,0,1,0,1,Guest_1092,Expected
Resort Hotel,0,2,33,15,0,1,2,0.0,0,BB,Online TA,TA/TO,0,0,0,0,0,Transient,190.0,0,2,08,2017-08-15,0,1,2.0,0,1,1,1,Guest_1093,Expected
Resort Hotel,0,1,33,15,0,1,2,0.0,0,BB,Online TA,TA/TO,0,0,0,0,0,Transient,103.2,0,2,08,2017-08-15,0,1,2.0,0,1,0,1,Guest_1094,Expected
Resort Hotel,0,307,33,14,1,1,1,0.0,0,BB,Online TA,TA/TO,0,0,0,0,0,Transient,138.38,0,1,08,2017-08-14,0,2,1.0,0,1,1,0,Guest_1095,Expected
Resort Hotel,0,1,33,15,0,1,2,0.0,0,BB,Online TA,TA/TO,0,0,0,0,0,Transient,103.2,0,2,08,2017-08-15,0,1,2.0,0,1,0,1,Guest_1096,Expected
Resort Hotel,0,255,31,4,4,8,2,0.0,0,BB,Offline TA/TO,TA/TO,0,0,0,0,0,Transient,151.1,0,0,08,2017-08-04,0,12,2.0,0,1,0,4,Guest_1097,Expected
Resort Hotel,0,219,33,13,2,1,2,2.0,0,BB,Online TA,TA/TO,0,0,0,0,0,Transient,250.32,1,2,08,2017-08-13,0,3,4.0,0,1,1,6,Guest_1098,Expected
Resort Hotel,0,0,33,15,0,1,2,0.0,0,BB,Online TA,TA/TO,0,0,0,0,0,Transient,161.1,0,1,08,2017-08-15,0,1,2.0,0,1,0,1,Guest_1099,Expected
Resort Hotel,0,0,33,15,0,1,2,0.0,0,BB,Direct,Direct,0,0,0,0,0,Transient,194.0,0,0,08,2017-08-15,0,1,2.0,0,0,1,1,Guest_1100,Expected
Resort Hotel,0,0,33,15,0,1,2,0.0,0,BB,Direct,Direct,0,0,0,0,0,Transient,194.0,0,0,08,2017-08-15,0,1,2.0,0,0,1,1,Guest_1101,Expected
Resort Hotel,0,0,33,15,0,1,2,0.0,0,BB,Direct,Direct,0,0,0,0,0,Transient,194.0,0,0,08,2017-08-15,0,1,2.0,0,0,1,1,Guest_1102,Expected
Resort Hotel,0,6,33,14,1,1,2,2.0,0,BB,Direct,Direct,0,0,0,0,0,Transient,300.0,0,1,08,2017-08-14,0,2,4.0,0,0,1,0,Guest_1103,Expected
Resort Hotel,0,39,33,14,1,1,2,0.0,0,BB,Online TA,TA/TO,0,0,0,0,0,Transient,250.0,0,2,08,2017-08-14,0,2,2.0,0,1,0,0,Guest_1104,Expected
Resort Hotel,0,0,33,15,0,1,2,0.0,0,BB,Online TA,TA/TO,0,0,0,0,0,Transient,161.1,1,1,08,2017-08-15,0,1,2.0,0,1,1,1,Guest_1105,Expected
Resort Hotel,0,201,31,5,4,7,2,0.0,0,BB,Direct,Direct,0,0,0,0,0,Transient-Party,198.2,0,2,08,2017-08-05,0,11,2.0,0,1,1,5,Guest_1106,Expected
Resort Hotel,0,201,31,5,4,7,2,0.0,0,BB,Direct,Direct,0,0,0,2,0,Transient-Party,221.2,0,2,08,2017-08-05,0,11,2.0,0,1,1,5,Guest_1107,Expected
Resort Hotel,0,116,32,12,2,2,2,0.0,0,BB,Online TA,TA/TO,0,0,0,0,0,Transient,230.0,0,2,08,2017-08-12,0,4,2.0,0,1,1,5,Guest_1108,Expected
Resort Hotel,0,194,33,13,2,1,2,0.0,0,HB,Offline TA/TO,TA/TO,0,0,0,0,0,Transient,165.8,0,0,08,2017-08-13,0,3,2.0,0,1,1,6,Guest_1109,Expected
Resort Hotel,0,1,33,15,0,1,2,0.0,0,BB,Online TA,TA/TO,0,0,0,0,0,Transient-Party,143.0,0,2,08,2017-08-15,0,1,2.0,0,1,1,1,Guest_1110,Expected
Resort Hotel,0,121,32,9,2,5,3,0.0,0,HB,Online TA,TA/TO,0,0,0,1,0,Transient,372.71,0,1,08,2017-08-09,0,7,3.0,0,1,1,2,Guest_1111,Expected
Resort Hotel,0,220,33,13,2,1,2,2.0,0,BB,Online TA,TA/TO,0,0,0,2,0,Transient,252.33,1,2,08,2017-08-13,0,3,4.0,0,1,1,6,Guest_1112,Expected
Resort Hotel,0,0,33,15,0,1,2,0.0,0,BB,Online TA,TA/TO,0,0,0,0,0,Transient,131.2,0,0,08,2017-08-15,0,1,2.0,0,1,1,1,Guest_1113,Expected
Resort Hotel,0,1,33,15,0,1,2,0.0,0,BB,Online TA,TA/TO,0,0,0,0,0,Transient-Party,129.0,0,2,08,2017-08-15,0,1,2.0,0,1,1,1,Guest_1114,Expected
Resort Hotel,0,208,32,7,3,6,2,1.0,0,HB,Direct,Direct,0,0,0,4,0,Transient,214.53,1,3,08,2017-08-07,0,9,3.0,0,1,0,0,Guest_1115,Expected
Resort Hotel,0,254,32,11,2,3,2,1.0,0,BB,Online TA,TA/TO,0,0,0,1,0,Transient,258.0,0,1,08,2017-08-11,1,5,3.0,0,1,1,4,Guest_1116,Expected
Resort Hotel,0,201,31,5,4,7,2,1.0,0,BB,Direct,Direct,0,0,0,1,0,Transient-Party,196.2,0,3,08,2017-08-05,0,11,3.0,0,1,1,5,Guest_1117,Expected
Resort Hotel,0,204,33,16,0,0,2,0.0,0,BB,Direct,Direct,0,0,0,0,0,Transient,0.0,0,0,08,2017-08-16,1,0,2.0,1,0,0,2,Guest_1118,Expected
Resort Hotel,0,66,32,10,2,5,2,0.0,0,BB,Offline TA/TO,TA/TO,0,0,0,0,0,Contract,116.5,0,1,08,2017-08-10,0,7,2.0,0,1,1,3,Guest_1119,Expected
Resort Hotel,0,195,32,7,3,7,2,0.0,0,FB,Offline TA/TO,TA/TO,0,0,0,2,0,Transient,139.1,1,0,08,2017-08-07,0,10,2.0,0,1,0,0,Guest_1120,Expected
Resort Hotel,0,160,32,7,3,7,2,0.0,0,HB,Offline TA/TO,TA/TO,0,0,0,1,0,Contract,153.5,0,2,08,2017-08-07,1,10,2.0,0,1,1,0,Guest_1121,Expected
Resort Hotel,0,220,32,10,2,5,2,0.0,0,BB,Direct,Direct,0,0,0,0,0,Transient,134.43,0,0,08,2017-08-10,0,7,2.0,0,1,0,3,Guest_1122,Expected
Resort Hotel,0,273,32,7,3,7,2,0.0,0,HB,Direct,Direct,0,0,0,0,0,Transient-Party,214.8,1,1,08,2017-08-07,0,10,2.0,0,0,1,0,Guest_1123,Expected
Resort Hotel,0,273,32,7,3,7,2,2.0,0,HB,Direct,Direct,0,0,0,0,0,Transient-Party,264.6,0,1,08,2017-08-07,0,10,4.0,0,0,1,0,Guest_1124,Expected
Resort Hotel,0,188,32,12,2,3,2,0.0,0,BB,Online TA,TA/TO,0,0,0,0,0,Transient,210.0,0,3,08,2017-08-12,1,5,2.0,0,1,1,5,Guest_1125,Expected
Resort Hotel,0,78,33,15,0,2,2,0.0,0,BB,Online TA,TA/TO,0,0,0,0,0,Transient,232.0,0,1,08,2017-08-15,0,2,2.0,0,1,1,1,Guest_1126,Expected
Resort Hotel,0,78,33,15,0,2,2,0.0,0,BB,Online TA,TA/TO,0,0,0,0,0,Transient,232.0,0,1,08,2017-08-15,0,2,2.0,0,1,0,1,Guest_1127,Expected
Resort Hotel,0,197,33,13,2,2,2,0.0,0,BB,Offline TA/TO,TA/TO,0,0,0,0,0,Transient-Party,110.7,0,0,08,2017-08-13,0,4,2.0,0,1,1,6,Guest_1128,Expected
Resort Hotel,0,197,33,13,2,2,2,0.0,0,BB,Offline TA/TO,TA/TO,0,0,0,0,0,Transient-Party,110.7,0,0,08,2017-08-13,0,4,2.0,0,1,1,6,Guest_1129,Expected
Resort Hotel,0,197,33,13,2,2,2,0.0,0,BB,Offline TA/TO,TA/TO,0,0,0,0,0,Transient-Party,124.7,0,0,08,2017-08-13,0,4,2.0,0,1,1,6,Guest_1130,Expected
Resort Hotel,0,197,33,13,2,2,2,0.0,0,BB,Offline TA/TO,TA/TO,0,0,0,0,0,Transient-Party,110.7,0,0,08,2017-08-13,0,4,2.0,0,1,1,6,Guest_1131,Expected
Resort Hotel,0,26,32,7,3,7,2,0.0,0,HB,Offline TA/TO,TA/TO,0,0,0,0,0,Contract,151.3,0,2,08,2017-08-07,0,10,2.0,0,1,1,0,Guest_1132,Expected
Resort Hotel,0,315,33,14,1,2,2,0.0,0,BB,Online TA,TA/TO,0,0,0,0,0,Transient,172.8,0,3,08,2017-08-14,1,3,2.0,0,1,1,0,Guest_1133,Expected
Resort Hotel,0,97,32,11,2,4,2,0.0,0,BB,Online TA,TA/TO,0,0,0,2,0,Transient-Party,230.0,0,3,08,2017-08-11,0,6,2.0,0,1,1,4,Guest_1134,Expected
Resort Hotel,0,97,32,11,2,4,2,0.0,0,BB,Online TA,TA/TO,0,0,0,2,0,Transient-Party,230.0,0,3,08,2017-08-11,0,6,2.0,0,1,1,4,Guest_1135,Expected
Resort Hotel,0,44,32,10,2,5,2,0.0,0,HB,Online TA,TA/TO,0,0,0,0,0,Transient-Party,262.0,0,0,08,2017-08-10,0,7,2.0,0,1,1,3,Guest_1136,Expected
Resort Hotel,0,44,32,10,2,5,3,0.0,0,HB,Online TA,TA/TO,0,0,0,1,0,Transient-Party,337.0,0,2,08,2017-08-10,0,7,3.0,0,1,1,3,Guest_1137,Expected
Resort Hotel,0,85,32,10,2,5,2,0.0,0,HB,Online TA,TA/TO,0,0,0,1,0,Transient,232.6,0,0,08,2017-08-10,0,7,2.0,0,1,0,3,Guest_1138,Expected
Resort Hotel,0,85,32,10,2,5,2,0.0,0,HB,Online TA,TA/TO,0,0,0,1,0,Transient,218.6,0,0,08,2017-08-10,0,7,2.0,0,1,1,3,Guest_1139,Expected
Resort Hotel,0,212,32,11,2,4,2,0.0,0,BB,Online TA,TA/TO,0,0,0,1,0,Transient,203.67,0,4,08,2017-08-11,0,6,2.0,0,1,1,4,Guest_1140,Expected
Resort Hotel,0,212,32,11,2,4,2,0.0,0,BB,Online TA,TA/TO,0,0,0,1,0,Transient,203.67,0,4,08,2017-08-11,0,6,2.0,0,1,1,4,Guest_1141,Expected
Resort Hotel,0,212,32,11,2,4,2,0.0,0,BB,Online TA,TA/TO,0,0,0,1,0,Transient,217.67,0,4,08,2017-08-11,0,6,2.0,0,1,1,4,Guest_1142,Expected
Resort Hotel,0,217,32,11,2,4,2,0.0,0,BB,Online TA,TA/TO,0,0,0,0,0,Transient,199.67,0,2,08,2017-08-11,0,6,2.0,0,1,0,4,Guest_1143,Expected
Resort Hotel,0,226,32,11,2,4,2,2.0,0,Undefined,Online TA,TA/TO,0,0,0,1,0,Transient,220.98,0,1,08,2017-08-11,0,6,4.0,0,1,1,4,Guest_1144,Expected
Resort Hotel,0,173,32,11,2,4,2,0.0,0,BB,Online TA,TA/TO,0,0,0,0,0,Transient,200.0,0,4,08,2017-08-11,0,6,2.0,0,1,1,4,Guest_1145,Expected
Resort Hotel,0,174,32,7,3,7,2,0.0,0,HB,Online TA,TA/TO,0,0,0,0,0,Transient,232.0,0,3,08,2017-08-07,0,10,2.0,0,1,1,0,Guest_1146,Expected
Resort Hotel,0,174,32,7,3,7,2,0.0,0,HB,Online TA,TA/TO,0,0,0,0,0,Transient,232.0,0,2,08,2017-08-07,0,10,2.0,0,1,1,0,Guest_1147,Expected
Resort Hotel,0,1,33,15,0,2,2,0.0,0,BB,Online TA,TA/TO,0,0,0,0,0,Transient,163.05,0,1,08,2017-08-15,0,2,2.0,0,1,1,1,Guest_1148,Expected
Resort Hotel,0,207,32,10,2,5,2,0.0,0,HB,Direct,Direct,0,0,0,0,0,Transient,231.6,1,2,08,2017-08-10,0,7,2.0,0,1,0,3,Guest_1149,Expected
Resort Hotel,0,5,33,16,0,1,2,0.0,0,BB,Online TA,TA/TO,0,0,0,0,0,Transient,210.0,0,2,08,2017-08-16,0,1,2.0,0,1,1,2,Guest_1150,Expected
Resort Hotel,0,1,33,15,0,2,2,1.0,0,BB,Online TA,TA/TO,0,0,0,0,0,Transient,153.72,1,1,08,2017-08-15,1,2,3.0,0,1,1,1,Guest_1151,Expected
Resort Hotel,0,28,33,15,0,2,2,0.0,0,BB,Online TA,TA/TO,0,0,0,2,0,Transient,209.0,0,4,08,2017-08-15,0,2,2.0,0,1,0,1,Guest_1152,Expected
Resort Hotel,0,256,32,8,2,7,2,1.0,0,HB,Offline TA/TO,TA/TO,0,0,0,0,0,Transient,172.81,0,4,08,2017-08-08,0,9,3.0,0,1,1,1,Guest_1153,Expected
Resort Hotel,0,256,32,8,2,7,2,0.0,0,HB,Offline TA/TO,TA/TO,0,0,0,0,0,Transient,131.85,0,4,08,2017-08-08,0,9,2.0,0,1,1,1,Guest_1154,Expected
Resort Hotel,0,218,33,14,1,2,2,1.0,0,BB,Online TA,TA/TO,0,0,0,0,0,Transient,191.41,1,4,08,2017-08-14,0,3,3.0,0,1,0,0,Guest_1155,Expected
Resort Hotel,0,201,33,13,2,2,2,0.0,0,BB,Offline TA/TO,TA/TO,0,0,0,0,0,Transient,104.85,0,2,08,2017-08-13,0,4,2.0,0,1,1,6,Guest_1156,Expected
Resort Hotel,0,250,33,13,2,2,2,0.0,0,BB,Offline TA/TO,TA/TO,0,0,0,1,0,Transient,106.85,0,1,08,2017-08-13,0,4,2.0,0,1,1,6,Guest_1157,Expected
Resort Hotel,0,250,33,13,2,2,2,0.0,0,BB,Offline TA/TO,TA/TO,0,0,0,1,0,Transient,104.85,0,1,08,2017-08-13,0,4,2.0,0,1,1,6,Guest_1158,Expected
Resort Hotel,0,14,33,14,1,2,2,0.0,0,BB,Online TA,TA/TO,0,0,0,0,0,Transient,187.33,0,2,08,2017-08-14,0,3,2.0,0,1,1,0,Guest_1159,Expected
Resort Hotel,0,0,33,16,0,1,3,1.0,0,BB,Online TA,TA/TO,0,0,0,0,0,Transient,199.0,0,0,08,2017-08-16,0,1,4.0,0,1,1,2,Guest_1160,Expected
Resort Hotel,0,20,33,13,2,2,2,1.0,1,BB,Direct,Direct,0,0,0,1,0,Transient,254.0,0,1,08,2017-08-13,0,4,4.0,0,1,1,6,Guest_1161,Expected
Resort Hotel,0,207,32,12,2,3,2,0.0,0,BB,Online TA,TA/TO,0,0,0,1,0,Transient,204.8,0,1,08,2017-08-12,0,5,2.0,0,1,1,5,Guest_1162,Expected
Resort Hotel,0,215,32,8,2,8,2,0.0,0,BB,Offline TA/TO,TA/TO,0,0,0,0,0,Transient,116.5,0,1,08,2017-08-08,0,10,2.0,0,1,1,1,Guest_1163,Expected
Resort Hotel,0,215,32,8,2,8,2,0.0,0,BB,Offline TA/TO,TA/TO,0,0,0,0,0,Transient,118.5,0,1,08,2017-08-08,0,10,2.0,0,1,1,1,Guest_1164,Expected
Resort Hotel,0,10,32,11,2,5,2,0.0,0,BB,Offline TA/TO,TA/TO,0,0,0,0,0,Contract,137.0,0,3,08,2017-08-11,0,7,2.0,0,1,1,4,Guest_1165,Expected
Resort Hotel,0,26,32,7,3,8,2,0.0,0,BB,Offline TA/TO,TA/TO,0,0,0,0,0,Group,125.1,0,1,08,2017-08-07,0,11,2.0,0,1,1,0,Guest_1166,Expected
Resort Hotel,0,10,32,11,2,5,2,0.0,0,BB,Offline TA/TO,TA/TO,0,0,0,0,0,Contract,135.0,0,3,08,2017-08-11,0,7,2.0,0,1,1,4,Guest_1167,Expected
Resort Hotel,0,6,33,17,0,1,1,0.0,0,BB,Complementary,Corporate,0,0,0,0,0,Transient,0.0,0,0,08,2017-08-17,1,1,1.0,1,1,0,3,Guest_1168,Expected
Resort Hotel,0,210,33,14,1,3,2,0.0,0,HB,Online TA,TA/TO,0,0,0,0,0,Transient-Party,190.88,0,3,08,2017-08-14,0,4,2.0,0,1,1,0,Guest_1169,Expected
Resort Hotel,0,210,33,14,1,3,2,0.0,0,HB,Online TA,TA/TO,0,0,0,0,0,Transient-Party,206.88,1,3,08,2017-08-14,0,4,2.0,0,1,1,0,Guest_1170,Expected
Resort Hotel,0,183,32,12,2,4,2,0.0,0,BB,Online TA,TA/TO,0,0,0,0,0,Transient,201.67,0,2,08,2017-08-12,1,6,2.0,0,1,1,5,Guest_1171,Expected
Resort Hotel,0,2,33,17,0,1,2,0.0,0,HB,Online TA,TA/TO,0,0,0,0,0,Transient-Party,231.0,0,3,08,2017-08-17,0,1,2.0,0,1,1,3,Guest_1172,Expected
Resort Hotel,0,2,33,17,0,1,2,0.0,0,HB,Online TA,TA/TO,0,0,0,0,0,Transient-Party,231.0,0,3,08,2017-08-17,0,1,2.0,0,1,1,3,Guest_1173,Expected
Resort Hotel,0,223,33,13,2,3,2,0.0,0,BB,Online TA,TA/TO,0,0,0,0,0,Transient,162.3,0,2,08,2017-08-13,0,5,2.0,0,1,1,6,Guest_1174,Expected
Resort Hotel,0,5,33,17,0,1,2,2.0,0,BB,Direct,Direct,0,0,0,0,0,Transient,255.0,0,0,08,2017-08-17,0,1,4.0,0,0,0,3,Guest_1175,Expected
Resort Hotel,0,301,32,12,2,4,2,1.0,0,BB,Online TA,TA/TO,0,0,0,0,0,Transient,112.12,0,1,08,2017-08-12,0,6,3.0,0,1,1,5,Guest_1176,Expected
Resort Hotel,0,6,33,15,0,3,2,0.0,0,BB,Online TA,TA/TO,0,0,0,0,0,Transient,217.33,0,2,08,2017-08-15,0,3,2.0,0,1,1,1,Guest_1177,Expected
Resort Hotel,0,224,33,13,2,3,2,2.0,0,HB,Online TA,TA/TO,0,0,0,0,0,Transient,311.6,0,2,08,2017-08-13,0,5,4.0,0,1,0,6,Guest_1178,Expected
Resort Hotel,0,320,33,14,1,3,2,2.0,0,BB,Online TA,TA/TO,0,0,0,0,0,Transient,258.0,1,2,08,2017-08-14,0,4,4.0,0,1,0,0,Guest_1179,Expected
Resort Hotel,0,77,33,16,0,2,2,0.0,0,BB,Online TA,TA/TO,0,0,0,0,0,Transient,216.0,0,2,08,2017-08-16,1,2,2.0,0,1,1,2,Guest_1180,Expected
Resort Hotel,0,140,33,17,0,1,2,0.0,0,BB,Online TA,TA/TO,0,0,0,0,0,Transient,231.0,0,2,08,2017-08-17,0,1,2.0,0,1,0,3,Guest_1181,Expected
Resort Hotel,0,1,33,17,0,1,2,1.0,0,BB,Online TA,TA/TO,0,0,0,0,0,Transient,170.1,0,1,08,2017-08-17,1,1,3.0,0,1,1,3,Guest_1182,Expected
Resort Hotel,0,192,33,16,0,2,2,1.0,0,HB,Online TA,TA/TO,0,0,0,0,0,Transient,244.0,0,3,08,2017-08-16,0,2,3.0,0,1,0,2,Guest_1183,Expected
Resort Hotel,0,20,33,16,0,2,2,0.0,1,HB,Direct,Direct,0,0,0,4,0,Transient-Party,260.5,0,2,08,2017-08-16,0,2,3.0,0,1,0,2,Guest_1184,Expected
Resort Hotel,0,2,33,16,0,2,1,0.0,0,HB,Direct,Direct,0,0,0,1,0,Transient-Party,238.3,0,1,08,2017-08-16,0,2,1.0,0,1,0,2,Guest_1185,Expected
Resort Hotel,0,140,32,8,2,8,2,0.0,0,HB,Offline TA/TO,TA/TO,0,0,0,0,0,Contract,153.5,0,0,08,2017-08-08,0,10,2.0,0,1,1,1,Guest_1186,Expected
Resort Hotel,0,35,33,16,0,2,2,0.0,0,BB,Online TA,TA/TO,0,0,0,0,0,Transient,222.8,1,1,08,2017-08-16,0,2,2.0,0,1,1,2,Guest_1187,Expected
Resort Hotel,0,33,33,14,1,3,2,0.0,0,HB,Online TA,TA/TO,0,0,0,0,0,Transient,240.37,1,1,08,2017-08-14,0,4,2.0,0,1,1,0,Guest_1188,Expected
Resort Hotel,0,189,32,12,2,4,2,1.0,0,HB,Direct,Direct,0,0,0,4,0,Transient,238.0,0,3,08,2017-08-12,0,6,3.0,0,1,0,5,Guest_1189,Expected
Resort Hotel,0,15,33,16,0,2,2,0.0,0,BB,Online TA,TA/TO,0,0,0,0,0,Transient,210.0,0,2,08,2017-08-16,1,2,2.0,0,1,1,2,Guest_1190,Expected
Resort Hotel,0,17,33,17,0,1,2,0.0,0,BB,Online TA,TA/TO,0,0,0,1,0,Transient,230.0,0,2,08,2017-08-17,0,1,2.0,0,1,1,3,Guest_1191,Expected
Resort Hotel,0,140,33,17,0,1,2,0.0,0,BB,Online TA,TA/TO,0,0,0,0,0,Transient,229.0,0,2,08,2017-08-17,0,1,2.0,0,1,1,3,Guest_1192,Expected
Resort Hotel,0,40,33,14,1,3,2,0.0,0,BB,Online TA,TA/TO,0,0,0,0,0,Transient,230.0,0,2,08,2017-08-14,0,4,2.0,0,1,1,0,Guest_1193,Expected
Resort Hotel,0,77,33,16,0,2,2,0.0,0,BB,Online TA,TA/TO,0,0,0,0,0,Transient,200.0,0,2,08,2017-08-16,1,2,2.0,0,1,1,2,Guest_1194,Expected
Resort Hotel,0,23,33,16,0,3,2,0.0,0,BB,Offline TA/TO,TA/TO,0,0,0,0,0,Contract,135.0,0,0,08,2017-08-16,0,3,2.0,0,1,1,2,Guest_1195,Expected
Resort Hotel,0,96,32,12,2,5,2,0.0,0,HB,Online TA,TA/TO,0,0,0,0,0,Transient-Party,217.1,0,0,08,2017-08-12,0,7,2.0,0,1,0,5,Guest_1196,Expected
Resort Hotel,0,96,32,12,2,5,2,1.0,0,HB,Online TA,TA/TO,0,0,0,0,0,Transient-Party,217.1,0,0,08,2017-08-12,0,7,3.0,0,1,0,5,Guest_1197,Expected
Resort Hotel,0,11,33,18,0,1,1,0.0,0,BB,Corporate,Corporate,0,0,0,0,0,Transient,135.0,0,0,08,2017-08-18,1,1,1.0,0,0,0,4,Guest_1198,Expected
Resort Hotel,0,223,33,13,2,4,2,0.0,0,BB,Online TA,TA/TO,0,0,0,0,0,Transient,212.33,0,4,08,2017-08-13,0,6,2.0,0,1,0,6,Guest_1199,Expected
Resort Hotel,0,17,33,16,0,3,2,0.0,0,BB,Online TA,TA/TO,0,0,0,0,0,Transient,178.39,0,1,08,2017-08-16,1,3,2.0,0,1,1,2,Guest_1200,Expected
Resort Hotel,0,1,33,18,0,1,2,1.0,0,BB,Online TA,TA/TO,0,0,0,0,0,Transient,186.1,0,0,08,2017-08-18,0,1,3.0,0,1,1,4,Guest_1201,Expected
Resort Hotel,0,50,32,12,2,5,3,0.0,0,BB,Online TA,TA/TO,0,0,0,0,0,Transient,216.0,0,0,08,2017-08-12,0,7,3.0,0,1,0,5,Guest_1202,Expected
Resort Hotel,0,45,33,19,0,1,3,0.0,0,BB,Online TA,TA/TO,0,0,0,0,0,Group,216.0,0,0,08,2017-08-19,0,1,3.0,0,1,0,5,Guest_1203,Expected
Resort Hotel,0,19,33,17,0,2,2,0.0,0,BB,Online TA,TA/TO,0,0,0,0,0,Transient,232.0,0,1,08,2017-08-17,0,2,2.0,0,1,1,3,Guest_1204,Expected
Resort Hotel,0,36,33,15,0,4,2,1.0,0,HB,Direct,Direct,0,0,0,0,0,Transient,297.0,1,3,08,2017-08-15,0,4,3.0,0,0,0,1,Guest_1205,Expected
Resort Hotel,0,163,32,12,2,5,2,0.0,0,HB,Online TA,TA/TO,0,0,0,0,0,Transient,252.0,0,3,08,2017-08-12,0,7,2.0,0,1,1,5,Guest_1206,Expected
Resort Hotel,0,6,33,17,0,2,2,0.0,0,BB,Online TA,TA/TO,0,0,0,0,0,Transient,230.0,0,0,08,2017-08-17,0,2,2.0,0,1,1,3,Guest_1207,Expected
Resort Hotel,0,56,33,18,0,1,2,0.0,0,BB,Online TA,TA/TO,0,0,0,0,0,Transient-Party,284.0,0,4,08,2017-08-18,1,1,2.0,0,1,1,4,Guest_1208,Expected
Resort Hotel,0,57,33,19,2,5,2,0.0,0,BB,Online TA,TA/TO,0,0,0,0,0,Transient-Party,283.43,0,4,08,2017-08-19,0,7,2.0,0,1,1,5,Guest_1209,Expected
Resort Hotel,0,56,33,18,0,1,2,0.0,0,BB,Online TA,TA/TO,0,0,0,0,0,Transient-Party,270.0,0,4,08,2017-08-18,1,1,2.0,0,1,1,4,Guest_1210,Expected
Resort Hotel,0,57,33,19,2,5,2,0.0,0,BB,Online TA,TA/TO,0,0,0,0,0,Transient-Party,270.0,0,4,08,2017-08-19,0,7,2.0,0,1,1,5,Guest_1211,Expected
Resort Hotel,0,192,32,12,2,5,2,2.0,0,BB,Direct,Direct,0,0,0,0,0,Transient,199.15,1,3,08,2017-08-12,0,7,4.0,0,0,0,5,Guest_1212,Expected
Resort Hotel,0,254,32,12,2,5,2,2.0,0,Undefined,Online TA,TA/TO,0,0,0,1,0,Transient,212.58,0,1,08,2017-08-12,0,7,4.0,0,1,0,5,Guest_1213,Expected
Resort Hotel,0,50,33,14,1,4,2,0.0,0,BB,Direct,Direct,0,0,0,0,0,Transient,299.0,1,1,08,2017-08-14,0,5,2.0,0,1,1,0,Guest_1214,Expected
Resort Hotel,0,38,33,13,2,4,2,1.0,0,HB,Direct,Direct,0,0,0,1,0,Transient,296.33,0,1,08,2017-08-13,0,6,3.0,0,1,0,6,Guest_1215,Expected
Resort Hotel,0,200,32,12,2,5,2,0.0,0,BB,Offline TA/TO,TA/TO,0,0,0,0,0,Transient,106.56,0,1,08,2017-08-12,0,7,2.0,0,1,1,5,Guest_1216,Expected
Resort Hotel,0,197,32,12,2,5,2,0.0,0,BB,Direct,Direct,0,0,0,0,0,Transient,207.29,0,1,08,2017-08-12,0,7,2.0,0,1,1,5,Guest_1217,Expected
Resort Hotel,0,205,33,18,0,1,4,0.0,0,BB,Online TA,TA/TO,0,0,0,0,0,Transient,153.68,1,0,08,2017-08-18,0,1,4.0,0,1,1,4,Guest_1218,Expected
Resort Hotel,0,365,33,15,0,4,2,2.0,0,HB,Online TA,TA/TO,0,0,0,2,0,Transient,322.0,0,1,08,2017-08-15,0,4,4.0,0,1,0,1,Guest_1219,Expected
Resort Hotel,0,0,33,17,0,2,2,0.0,0,BB,Direct,Direct,0,0,0,0,0,Transient,194.0,0,0,08,2017-08-17,0,2,2.0,0,0,0,3,Guest_1220,Expected
Resort Hotel,0,188,32,8,2,9,2,0.0,0,BB,Online TA,TA/TO,0,0,0,0,0,Transient,174.55,0,2,08,2017-08-08,0,11,2.0,0,1,0,1,Guest_1221,Expected
Resort Hotel,0,11,32,12,2,5,2,0.0,0,BB,Offline TA/TO,TA/TO,0,0,0,0,0,Transient,116.47,0,2,08,2017-08-12,0,7,2.0,0,1,1,5,Guest_1222,Expected
Resort Hotel,0,59,33,14,1,4,2,1.0,0,HB,Direct,Direct,0,0,0,1,0,Transient,262.0,0,1,08,2017-08-14,0,5,3.0,0,0,0,0,Guest_1223,Expected
Resort Hotel,0,324,31,5,4,10,2,0.0,0,BB,Offline TA/TO,TA/TO,0,0,0,1,0,Transient,131.4,0,0,08,2017-08-05,0,14,2.0,0,1,1,5,Guest_1224,Expected
Resort Hotel,0,4,32,9,2,8,2,1.0,0,FB,Offline TA/TO,TA/TO,0,0,0,0,0,Transient,306.7,1,0,08,2017-08-09,0,10,3.0,0,1,0,2,Guest_1225,Expected
Resort Hotel,0,207,33,14,1,4,2,0.0,0,BB,Online TA,TA/TO,0,0,0,0,0,Transient,173.45,1,2,08,2017-08-14,0,5,2.0,0,1,1,0,Guest_1226,Expected
Resort Hotel,0,24,33,18,0,1,2,0.0,0,BB,Direct,Direct,0,0,0,0,0,Transient,196.0,0,3,08,2017-08-18,0,1,2.0,0,0,0,4,Guest_1227,Expected
Resort Hotel,0,24,33,18,0,1,2,0.0,0,BB,Online TA,TA/TO,0,0,0,0,0,Transient,250.0,0,4,08,2017-08-18,0,1,2.0,0,1,1,4,Guest_1228,Expected
Resort Hotel,0,3,33,18,0,1,3,1.0,0,BB,Online TA,TA/TO,0,0,0,0,0,Transient,265.0,0,1,08,2017-08-18,0,1,4.0,0,1,0,4,Guest_1229,Expected
Resort Hotel,0,215,33,13,2,4,2,0.0,0,HB,Direct,Direct,0,0,0,1,0,Transient,203.19,1,1,08,2017-08-13,1,6,2.0,0,1,0,6,Guest_1230,Expected
Resort Hotel,0,0,33,17,0,2,2,0.0,0,BB,Online TA,TA/TO,0,0,0,0,0,Transient,179.0,0,1,08,2017-08-17,0,2,2.0,0,1,1,3,Guest_1231,Expected
Resort Hotel,0,264,32,12,2,5,2,0.0,0,BB,Online TA,TA/TO,0,0,0,0,0,Transient,174.0,0,4,08,2017-08-12,0,7,2.0,0,1,1,5,Guest_1232,Expected
Resort Hotel,0,32,33,14,1,4,2,0.0,0,BB,Offline TA/TO,TA/TO,0,0,0,0,0,Contract,116.5,0,0,08,2017-08-14,0,5,2.0,0,1,0,0,Guest_1233,Expected
Resort Hotel,0,70,33,17,0,3,2,0.0,0,HB,Online TA,TA/TO,0,0,0,0,0,Transient,276.0,0,1,08,2017-08-17,0,3,2.0,0,1,1,3,Guest_1234,Expected
Resort Hotel,0,164,33,13,2,5,2,0.0,0,FB,Direct,Direct,0,0,0,1,0,Transient,267.5,1,1,08,2017-08-13,0,7,2.0,0,1,0,6,Guest_1235,Expected
Resort Hotel,0,29,32,10,2,8,2,0.0,0,BB,Offline TA/TO,TA/TO,0,0,0,0,0,Group,131.4,0,2,08,2017-08-10,0,10,2.0,0,1,1,3,Guest_1236,Expected
Resort Hotel,0,32,32,9,2,9,2,0.0,0,HB,Online TA,TA/TO,0,0,0,0,0,Transient,273.09,0,2,08,2017-08-09,0,11,2.0,0,1,1,2,Guest_1237,Expected
Resort Hotel,0,193,33,17,0,3,2,0.0,0,BB,Online TA,TA/TO,0,0,0,0,0,Transient,182.0,0,3,08,2017-08-17,0,3,2.0,0,1,1,3,Guest_1238,Expected
Resort Hotel,0,338,32,9,2,9,2,0.0,0,HB,Online TA,TA/TO,0,0,0,0,0,Transient,215.24,0,4,08,2017-08-09,0,11,2.0,0,1,1,2,Guest_1239,Expected
Resort Hotel,0,94,33,13,2,5,2,0.0,0,HB,Offline TA/TO,TA/TO,0,0,0,0,0,Contract,167.0,0,0,08,2017-08-13,0,7,2.0,0,1,1,6,Guest_1240,Expected
Resort Hotel,0,223,33,13,2,5,2,0.0,0,BB,Direct,Direct,0,0,0,0,0,Transient,131.49,0,0,08,2017-08-13,0,7,2.0,0,1,0,6,Guest_1241,Expected
Resort Hotel,0,176,33,18,0,2,2,2.0,0,HB,Direct,Direct,0,0,0,0,0,Transient,279.0,0,1,08,2017-08-18,0,2,4.0,0,1,1,4,Guest_1242,Expected
Resort Hotel,0,201,33,13,2,5,2,0.0,0,BB,Offline TA/TO,TA/TO,0,0,0,0,0,Transient,121.5,0,0,08,2017-08-13,0,7,2.0,0,1,1,6,Guest_1243,Expected
Resort Hotel,0,156,33,16,0,4,3,0.0,0,BB,Direct,Direct,0,0,0,1,0,Transient,228.5,0,2,08,2017-08-16,0,4,3.0,0,1,0,2,Guest_1244,Expected
Resort Hotel,0,168,33,16,0,4,2,0.0,0,BB,Online TA,TA/TO,0,0,0,0,0,Transient,207.0,0,1,08,2017-08-16,0,4,2.0,0,1,0,2,Guest_1245,Expected
Resort Hotel,0,156,33,16,0,4,2,0.0,0,BB,Direct,Direct,0,0,0,1,0,Transient,193.5,0,2,08,2017-08-16,0,4,2.0,0,1,0,2,Guest_1246,Expected
Resort Hotel,0,43,33,15,0,5,2,2.0,0,HB,Direct,Direct,0,0,0,5,0,Transient,337.0,1,2,08,2017-08-15,0,5,4.0,0,1,1,1,Guest_1247,Expected
Resort Hotel,0,206,33,13,2,5,2,1.0,0,Undefined,Offline TA/TO,TA/TO,0,0,0,0,0,Transient,232.61,1,1,08,2017-08-13,0,7,3.0,0,1,0,6,Guest_1248,Expected
Resort Hotel,0,206,33,13,2,5,2,0.0,0,Undefined,Offline TA/TO,TA/TO,0,0,0,0,0,Transient,177.5,0,1,08,2017-08-13,0,7,2.0,0,1,0,6,Guest_1249,Expected
Resort Hotel,0,63,33,18,0,2,2,0.0,0,BB,Online TA,TA/TO,0,0,0,0,0,Transient,286.0,0,2,08,2017-08-18,1,2,2.0,0,1,1,4,Guest_1250,Expected
Resort Hotel,0,32,33,13,2,5,2,1.0,0,BB,Offline TA/TO,TA/TO,0,0,0,0,0,Transient,202.5,0,3,08,2017-08-13,0,7,3.0,0,1,1,6,Guest_1251,Expected
Resort Hotel,0,88,33,18,0,2,2,0.0,0,BB,Online TA,TA/TO,0,0,0,0,0,Transient,244.0,0,2,08,2017-08-18,0,2,2.0,0,1,1,4,Guest_1252,Expected
Resort Hotel,0,176,32,12,2,6,2,0.0,0,HB,Online TA,TA/TO,0,0,0,1,0,Transient,232.0,0,2,08,2017-08-12,1,8,2.0,0,1,1,5,Guest_1253,Expected
Resort Hotel,0,242,32,12,2,6,3,0.0,0,HB,Offline TA/TO,TA/TO,0,0,0,2,0,Transient,187.24,0,1,08,2017-08-12,0,8,3.0,0,1,0,5,Guest_1254,Expected
Resort Hotel,0,25,33,18,0,2,3,0.0,0,BB,Online TA,TA/TO,0,0,0,0,0,Transient,205.2,0,1,08,2017-08-18,0,2,3.0,0,1,1,4,Guest_1255,Expected
Resort Hotel,0,192,33,14,1,5,2,0.0,0,HB,Online TA,TA/TO,0,0,0,2,0,Transient,215.33,0,2,08,2017-08-14,0,6,2.0,0,1,0,0,Guest_1256,Expected
Resort Hotel,0,280,33,15,0,5,3,0.0,0,HB,Online TA,TA/TO,0,0,0,0,0,Transient,147.0,0,3,08,2017-08-15,0,5,3.0,0,1,1,1,Guest_1257,Expected
Resort Hotel,0,24,33,17,0,3,2,0.0,0,HB,Online TA,TA/TO,0,0,0,1,0,Transient,392.0,1,1,08,2017-08-17,0,3,2.0,0,1,0,3,Guest_1258,Expected
Resort Hotel,0,21,33,17,0,3,2,0.0,0,BB,Online TA,TA/TO,0,0,0,0,0,Transient,230.0,0,2,08,2017-08-17,0,3,2.0,0,1,1,3,Guest_1259,Expected
Resort Hotel,0,2,33,18,0,2,1,0.0,0,BB,Online TA,TA/TO,0,0,0,0,0,Transient,219.0,0,2,08,2017-08-18,0,2,1.0,0,1,1,4,Guest_1260,Expected
Resort Hotel,0,13,33,14,1,5,2,0.0,0,HB,Direct,Direct,0,0,0,0,0,Transient,247.65,0,3,08,2017-08-14,0,6,2.0,0,0,0,0,Guest_1261,Expected
Resort Hotel,0,25,32,6,4,10,2,0.0,0,BB,Offline TA/TO,TA/TO,0,0,0,0,0,Group,114.76,0,2,08,2017-08-06,0,14,2.0,0,1,0,6,Guest_1262,Expected
Resort Hotel,0,69,33,17,0,3,2,2.0,0,HB,Online TA,TA/TO,0,0,0,0,0,Transient,320.7,0,1,08,2017-08-17,0,3,4.0,0,1,1,3,Guest_1263,Expected
Resort Hotel,0,163,32,10,2,8,2,0.0,0,BB,Offline TA/TO,TA/TO,0,0,0,1,0,Contract,119.85,0,0,08,2017-08-10,1,10,2.0,0,1,1,3,Guest_1264,Expected
Resort Hotel,0,163,32,10,2,8,2,0.0,0,BB,Offline TA/TO,TA/TO,0,0,0,3,0,Contract,121.85,0,0,08,2017-08-10,1,10,2.0,0,1,1,3,Guest_1265,Expected
Resort Hotel,0,178,33,14,1,5,2,1.0,0,HB,Direct,Direct,0,0,0,3,0,Transient,262.5,0,5,08,2017-08-14,0,6,3.0,0,1,0,0,Guest_1266,Expected
Resort Hotel,0,2,33,19,0,1,2,1.0,0,BB,Online TA,TA/TO,0,0,0,0,0,Transient,201.14,1,1,08,2017-08-19,1,1,3.0,0,1,1,5,Guest_1267,Expected
Resort Hotel,0,0,34,20,0,0,2,0.0,0,BB,Direct,Direct,1,0,0,0,0,Transient,0.0,1,1,08,2017-08-20,0,0,2.0,1,0,0,6,Guest_1268,Expected
Resort Hotel,0,53,33,14,2,5,2,1.0,0,BB,Online TA,TA/TO,0,0,0,0,0,Transient,218.0,0,1,08,2017-08-14,0,7,3.0,0,1,1,0,Guest_1269,Expected
Resort Hotel,0,188,32,7,4,10,2,2.0,0,BB,Online TA,TA/TO,0,0,0,2,0,Transient,169.37,0,0,08,2017-08-07,0,14,4.0,0,1,1,0,Guest_1270,Expected
Resort Hotel,0,3,33,17,1,3,2,0.0,0,HB,Online TA,TA/TO,0,0,0,0,0,Transient,271.0,0,2,08,2017-08-17,0,4,2.0,0,1,1,3,Guest_1271,Expected
Resort Hotel,0,60,32,11,3,7,2,0.0,0,BB,Offline TA/TO,TA/TO,0,0,0,0,0,Contract,137.0,0,0,08,2017-08-11,0,10,2.0,0,1,1,4,Guest_1272,Expected
Resort Hotel,0,1,33,18,1,2,2,1.0,0,HB,Online TA,TA/TO,0,0,0,0,0,Transient,206.4,0,1,08,2017-08-18,0,3,3.0,0,1,0,4,Guest_1273,Expected
Resort Hotel,0,194,33,14,2,5,2,1.0,0,HB,Online TA,TA/TO,0,0,0,0,0,Transient,201.6,0,2,08,2017-08-14,0,7,3.0,0,1,0,0,Guest_1274,Expected
Resort Hotel,0,194,33,14,2,5,3,0.0,0,HB,Offline TA/TO,TA/TO,0,0,0,0,0,Transient,222.39,0,0,08,2017-08-14,0,7,3.0,0,1,1,0,Guest_1275,Expected
Resort Hotel,0,67,32,11,3,7,2,0.0,0,BB,Offline TA/TO,TA/TO,0,0,0,0,0,Contract,135.0,0,0,08,2017-08-11,0,10,2.0,0,1,1,4,Guest_1276,Expected
Resort Hotel,0,367,33,14,2,5,2,0.0,0,HB,Online TA,TA/TO,0,0,0,1,0,Transient,249.23,1,3,08,2017-08-14,0,7,2.0,0,1,1,0,Guest_1277,Expected
Resort Hotel,0,0,34,20,1,0,2,0.0,0,BB,Direct,Direct,0,0,0,0,0,Transient,176.0,0,0,08,2017-08-20,0,1,2.0,0,0,1,6,Guest_1278,Expected
Resort Hotel,0,309,34,21,1,2,2,0.0,0,HB,Online TA,Direct,0,0,0,0,0,Transient,181.18,0,1,08,2017-08-21,0,3,2.0,0,1,1,0,Guest_1279,Expected
Resort Hotel,0,182,33,14,2,5,2,0.0,0,HB,Direct,Direct,0,0,0,4,0,Transient,192.5,0,3,08,2017-08-14,0,7,2.0,0,1,1,0,Guest_1280,Expected
Resort Hotel,0,166,32,10,3,8,2,1.0,0,BB,Online TA,TA/TO,0,0,0,0,0,Transient,162.9,0,2,08,2017-08-10,0,11,3.0,0,1,1,3,Guest_1281,Expected
Resort Hotel,0,194,33,14,2,5,2,0.0,0,HB,Online TA,TA/TO,0,0,0,3,0,Transient,158.66,0,2,08,2017-08-14,0,7,2.0,0,1,1,0,Guest_1282,Expected
Resort Hotel,0,12,33,16,1,4,2,2.0,0,BB,Online TA,TA/TO,0,0,0,0,0,Transient,264.0,0,2,08,2017-08-16,0,5,4.0,0,1,0,2,Guest_1283,Expected
Resort Hotel,0,64,33,16,1,4,3,1.0,0,HB,Online TA,TA/TO,0,0,0,0,0,Transient,388.0,0,2,08,2017-08-16,0,5,4.0,0,1,1,2,Guest_1284,Expected
Resort Hotel,0,103,33,18,1,2,3,0.0,0,BB,Online TA,TA/TO,0,0,0,0,0,Transient,216.0,0,1,08,2017-08-18,0,3,3.0,0,1,1,4,Guest_1285,Expected
Resort Hotel,0,8,33,17,1,3,2,0.0,0,BB,Direct,Direct,0,0,0,0,0,Transient-Party,210.0,0,2,08,2017-08-17,0,4,2.0,0,1,0,3,Guest_1286,Expected
Resort Hotel,0,8,33,17,1,3,2,0.0,0,BB,Direct,Direct,0,0,0,0,0,Transient-Party,224.0,1,2,08,2017-08-17,0,4,2.0,0,1,0,3,Guest_1287,Expected
Resort Hotel,0,1,33,17,1,3,2,0.0,0,BB,Online TA,TA/TO,0,0,0,0,0,Transient,184.0,0,1,08,2017-08-17,0,4,2.0,0,1,1,3,Guest_1288,Expected
Resort Hotel,0,3,34,20,1,0,1,0.0,0,BB,Online TA,TA/TO,0,0,0,0,0,Transient,143.2,0,0,08,2017-08-20,0,1,1.0,0,1,1,6,Guest_1289,Expected
Resort Hotel,0,212,33,17,1,3,2,1.0,0,BB,Online TA,TA/TO,0,0,0,1,0,Transient-Party,182.25,0,0,08,2017-08-17,0,4,3.0,0,1,1,3,Guest_1290,Expected
Resort Hotel,0,212,33,17,1,3,2,0.0,0,BB,Online TA,TA/TO,0,0,0,0,0,Transient-Party,153.75,0,0,08,2017-08-17,0,4,2.0,0,1,1,3,Guest_1291,Expected
Resort Hotel,0,7,33,16,1,4,2,0.0,0,HB,Online TA,TA/TO,0,0,0,0,0,Transient,260.0,1,2,08,2017-08-16,0,5,2.0,0,1,1,2,Guest_1292,Expected
Resort Hotel,0,202,33,19,1,1,2,0.0,0,BB,Online TA,TA/TO,0,0,0,0,0,Transient-Party,151.0,0,1,08,2017-08-19,0,2,2.0,0,1,1,5,Guest_1293,Expected
Resort Hotel,0,202,33,19,1,1,1,0.0,0,BB,Online TA,TA/TO,0,0,0,0,0,Transient-Party,194.0,0,2,08,2017-08-19,0,2,1.0,0,1,1,5,Guest_1294,Expected
Resort Hotel,0,16,33,15,1,5,2,0.0,0,BB,Online TA,TA/TO,0,0,0,0,0,Transient,169.48,0,1,08,2017-08-15,0,6,2.0,0,1,1,1,Guest_1295,Expected
Resort Hotel,0,197,33,16,1,4,2,0.0,0,BB,Online TA,TA/TO,0,0,0,2,0,Transient,188.0,1,1,08,2017-08-16,0,5,2.0,0,1,0,2,Guest_1296,Expected
Resort Hotel,0,194,33,14,2,5,2,2.0,0,HB,Online TA,TA/TO,0,0,0,0,0,Transient,218.63,0,1,08,2017-08-14,0,7,4.0,0,1,1,0,Guest_1297,Expected
Resort Hotel,0,33,33,18,1,2,2,2.0,0,FB,Online TA,Direct,0,0,0,8,0,Transient-Party,310.0,1,4,08,2017-08-18,1,3,4.0,0,1,0,4,Guest_1298,Expected
Resort Hotel,0,256,32,7,4,10,2,0.0,0,BB,Online TA,TA/TO,0,0,0,0,0,Transient,126.41,0,1,08,2017-08-07,0,14,2.0,0,1,0,0,Guest_1299,Expected
Resort Hotel,0,25,33,18,1,2,2,0.0,0,BB,Online TA,TA/TO,0,0,0,0,0,Transient-Party,230.0,0,2,08,2017-08-18,0,3,2.0,0,1,0,4,Guest_1300,Expected
Resort Hotel,0,59,33,18,2,2,2,0.0,0,BB,Online TA,TA/TO,0,0,0,0,0,Transient,207.2,0,1,08,2017-08-18,0,4,2.0,0,1,1,4,Guest_1301,Expected
Resort Hotel,0,87,33,17,2,3,2,2.0,0,BB,Online TA,TA/TO,0,0,0,0,0,Transient,332.0,0,1,08,2017-08-17,0,5,4.0,0,1,1,3,Guest_1302,Expected
Resort Hotel,0,28,34,20,2,0,2,0.0,0,BB,Online TA,TA/TO,0,0,0,0,0,Transient,250.0,0,1,08,2017-08-20,1,2,2.0,0,1,1,6,Guest_1303,Expected
Resort Hotel,0,70,33,15,2,5,2,0.0,0,BB,Offline TA/TO,TA/TO,0,0,0,0,0,Contract,135.0,0,0,08,2017-08-15,0,7,2.0,0,1,1,1,Guest_1304,Expected
Resort Hotel,0,227,33,18,2,2,2,0.0,0,BB,Online TA,TA/TO,0,0,0,0,0,Transient-Party,153.75,0,1,08,2017-08-18,0,4,2.0,0,1,1,4,Guest_1305,Expected
Resort Hotel,0,189,33,13,4,5,2,0.0,0,BB,Online TA,TA/TO,0,0,0,0,0,Transient,186.44,0,1,08,2017-08-13,0,9,2.0,0,1,1,6,Guest_1306,Expected
Resort Hotel,0,227,33,18,2,2,2,0.0,0,BB,Online TA,TA/TO,0,0,0,0,0,Transient-Party,167.75,0,1,08,2017-08-18,0,4,2.0,0,1,1,4,Guest_1307,Expected
Resort Hotel,0,20,33,19,2,1,2,0.0,0,BB,Online TA,TA/TO,0,0,0,0,0,Transient,230.0,0,2,08,2017-08-19,1,3,2.0,0,1,1,5,Guest_1308,Expected
Resort Hotel,0,104,33,17,2,3,3,1.0,0,HB,Online TA,TA/TO,0,0,0,2,0,Transient,402.0,0,1,08,2017-08-17,0,5,4.0,0,1,1,3,Guest_1309,Expected
Resort Hotel,0,4,34,21,1,0,2,0.0,0,BB,Direct,Direct,0,0,0,0,0,Transient,228.0,1,1,08,2017-08-21,0,1,2.0,0,1,0,0,Guest_1310,Expected
Resort Hotel,0,118,33,17,2,3,2,0.0,0,BB,Online TA,TA/TO,0,0,0,0,0,Transient,264.0,0,2,08,2017-08-17,0,5,2.0,0,1,1,3,Guest_1311,Expected
Resort Hotel,0,274,33,16,2,4,2,1.0,0,HB,Direct,Direct,0,0,0,0,0,Transient,224.1,1,3,08,2017-08-16,0,6,3.0,0,1,0,2,Guest_1312,Expected
Resort Hotel,0,227,33,16,2,4,2,1.0,0,HB,Direct,Direct,0,0,0,0,0,Transient,202.88,0,1,08,2017-08-16,0,6,3.0,0,1,0,2,Guest_1313,Expected
Resort Hotel,0,8,33,17,2,3,2,0.0,0,BB,Online TA,TA/TO,0,0,0,0,0,Transient,171.2,0,1,08,2017-08-17,0,5,2.0,0,1,1,3,Guest_1314,Expected
Resort Hotel,0,7,33,17,2,3,2,0.0,0,HB,Online TA,TA/TO,0,0,0,0,0,Transient,246.0,0,2,08,2017-08-17,0,5,2.0,0,1,1,3,Guest_1315,Expected
Resort Hotel,0,227,33,16,2,4,2,2.0,0,HB,Direct,Direct,0,0,0,0,0,Transient,276.6,0,1,08,2017-08-16,0,6,4.0,0,1,0,2,Guest_1316,Expected
Resort Hotel,0,29,33,16,2,4,2,0.0,0,HB,Online TA,TA/TO,0,0,0,0,0,Transient,272.5,0,2,08,2017-08-16,0,6,2.0,0,1,1,2,Guest_1317,Expected
Resort Hotel,0,3,33,19,2,1,2,0.0,0,BB,Online TA,TA/TO,0,0,0,0,0,Transient,211.49,1,1,08,2017-08-19,0,3,2.0,0,1,1,5,Guest_1318,Expected
Resort Hotel,0,21,34,20,2,0,2,0.0,0,BB,Online TA,TA/TO,0,0,0,0,0,Transient,284.0,0,2,08,2017-08-20,0,2,2.0,0,1,0,6,Guest_1319,Expected
Resort Hotel,0,76,33,16,2,4,2,0.0,0,BB,Online TA,TA/TO,0,0,0,0,0,Transient,241.67,0,2,08,2017-08-16,0,6,2.0,0,1,1,2,Guest_1320,Expected
Resort Hotel,0,238,33,18,2,2,2,0.0,0,BB,Online TA,TA/TO,0,0,0,0,0,Transient,190.0,0,2,08,2017-08-18,0,4,2.0,0,1,1,4,Guest_1321,Expected
Resort Hotel,0,69,33,16,2,4,2,0.0,0,BB,Online TA,TA/TO,0,0,0,0,0,Transient,230.0,0,2,08,2017-08-16,0,6,2.0,0,1,0,2,Guest_1322,Expected
Resort Hotel,0,27,33,19,2,1,2,0.0,1,HB,Direct,Direct,0,0,0,3,0,Transient,317.0,0,2,08,2017-08-19,0,3,3.0,0,1,0,5,Guest_1323,Expected
Resort Hotel,0,226,33,19,2,1,2,0.0,0,BB,Online TA,TA/TO,0,0,0,1,0,Transient,194.0,0,2,08,2017-08-19,1,3,2.0,0,1,0,5,Guest_1324,Expected
Resort Hotel,0,19,33,19,2,1,2,0.0,0,BB,Online TA,TA/TO,0,0,0,0,0,Transient,266.0,0,2,08,2017-08-19,0,3,2.0,0,1,1,5,Guest_1325,Expected
Resort Hotel,0,4,34,20,2,0,1,0.0,0,BB,Complementary,Corporate,0,0,0,0,0,Transient,0.0,0,1,08,2017-08-20,1,2,1.0,1,1,0,6,Guest_1326,Expected
Resort Hotel,0,1,34,20,2,0,2,2.0,0,BB,Online TA,TA/TO,0,0,0,0,0,Transient,269.0,0,1,08,2017-08-20,0,2,4.0,0,1,0,6,Guest_1327,Expected
Resort Hotel,0,249,33,17,2,3,2,1.0,0,BB,Online TA,TA/TO,0,0,0,0,0,Transient,167.91,0,1,08,2017-08-17,0,5,3.0,0,1,0,3,Guest_1328,Expected
Resort Hotel,0,5,34,21,1,0,2,0.0,0,HB,Direct,Direct,0,0,0,1,0,Transient,268.3,1,1,08,2017-08-21,1,1,2.0,0,1,0,0,Guest_1329,Expected
Resort Hotel,0,24,34,22,0,5,2,0.0,0,HB,Online TA,Direct,0,0,0,0,0,Transient,223.6,1,1,08,2017-08-22,0,5,2.0,0,1,0,1,Guest_1330,Expected
Resort Hotel,0,30,34,21,1,0,2,0.0,0,BB,Direct,Direct,0,0,0,0,0,Transient,299.0,1,1,08,2017-08-21,0,1,2.0,0,1,1,0,Guest_1331,Expected
Resort Hotel,0,194,33,19,2,2,2,0.0,0,BB,Offline TA/TO,TA/TO,0,0,0,0,0,Transient,125.0,0,0,08,2017-08-19,0,4,2.0,0,1,1,5,Guest_1332,Expected
Resort Hotel,0,144,33,16,2,5,2,0.0,0,Undefined,Offline TA/TO,TA/TO,0,0,0,0,0,Contract,158.85,0,0,08,2017-08-16,0,7,2.0,0,1,1,2,Guest_1333,Expected
Resort Hotel,0,185,33,13,4,6,3,0.0,0,HB,Offline TA/TO,TA/TO,0,0,0,0,0,Transient,229.13,0,1,08,2017-08-13,0,10,3.0,0,1,0,6,Guest_1334,Expected
Resort Hotel,0,0,34,22,0,1,3,0.0,0,BB,Direct,Direct,0,0,0,0,0,Transient,230.0,0,0,08,2017-08-22,0,1,3.0,0,0,1,1,Guest_1335,Expected
Resort Hotel,0,13,33,17,2,4,2,0.0,0,BB,Direct,Direct,0,0,0,2,0,Transient,222.33,1,1,08,2017-08-17,0,6,2.0,0,1,0,3,Guest_1336,Expected
Resort Hotel,0,38,33,19,2,2,2,0.0,0,BB,Online TA,TA/TO,0,0,0,5,0,Transient,262.0,0,1,08,2017-08-19,0,4,2.0,0,1,1,5,Guest_1337,Expected
Resort Hotel,0,150,33,16,2,5,2,0.0,0,HB,Online TA,TA/TO,0,0,0,1,0,Transient,261.0,0,2,08,2017-08-16,0,7,2.0,0,1,0,2,Guest_1338,Expected
Resort Hotel,0,217,33,16,2,5,2,0.0,0,HB,Direct,Direct,0,0,0,1,0,Transient-Party,186.6,0,1,08,2017-08-16,0,7,2.0,0,1,0,2,Guest_1339,Expected
Resort Hotel,0,217,33,16,2,5,2,0.0,0,HB,Direct,Direct,0,0,0,1,0,Transient-Party,168.38,0,0,08,2017-08-16,0,7,2.0,0,1,0,2,Guest_1340,Expected
Resort Hotel,0,4,34,21,1,1,2,0.0,0,BB,Online TA,TA/TO,0,0,0,0,0,Transient,253.0,0,2,08,2017-08-21,0,2,2.0,0,1,1,0,Guest_1341,Expected
Resort Hotel,0,203,33,17,2,4,2,0.0,0,BB,Offline TA/TO,TA/TO,0,0,0,0,0,Transient,110.7,0,0,08,2017-08-17,0,6,2.0,0,1,0,3,Guest_1342,Expected
Resort Hotel,0,19,34,21,1,1,2,0.0,0,BB,Online TA,TA/TO,0,0,0,0,0,Transient,182.0,0,1,08,2017-08-21,0,2,2.0,0,1,1,0,Guest_1343,Expected
Resort Hotel,0,3,34,21,1,1,2,2.0,0,BB,Online TA,TA/TO,0,0,0,0,0,Transient,229.0,0,1,08,2017-08-21,0,2,4.0,0,1,1,0,Guest_1344,Expected
Resort Hotel,0,183,33,16,2,5,2,0.0,0,HB,Online TA,TA/TO,0,0,0,0,0,Transient,232.0,0,2,08,2017-08-16,0,7,2.0,0,1,1,2,Guest_1345,Expected
Resort Hotel,0,9,34,22,0,1,2,2.0,0,BB,Direct,Direct,0,0,0,0,0,Transient,319.0,1,3,08,2017-08-22,0,1,4.0,0,1,1,1,Guest_1346,Expected
Resort Hotel,0,160,33,17,2,4,2,0.0,0,HB,Offline TA/TO,TA/TO,0,0,0,0,0,Transient,198.3,0,1,08,2017-08-17,0,6,2.0,0,1,1,3,Guest_1347,Expected
Resort Hotel,0,160,33,17,2,4,2,0.0,0,HB,Offline TA/TO,TA/TO,0,0,0,0,0,Transient,196.3,0,1,08,2017-08-17,0,6,2.0,0,1,1,3,Guest_1348,Expected
Resort Hotel,0,22,33,19,2,2,3,1.0,0,BB,Online TA,TA/TO,0,0,0,0,0,Transient,340.0,0,1,08,2017-08-19,0,4,4.0,0,1,1,5,Guest_1349,Expected
Resort Hotel,0,0,34,22,0,1,2,0.0,0,BB,Direct,Direct,0,0,0,0,0,Transient,180.0,0,0,08,2017-08-22,0,1,2.0,0,0,1,1,Guest_1350,Expected
Resort Hotel,0,330,34,20,2,1,2,0.0,0,BB,Online TA,TA/TO,0,0,0,1,0,Transient,172.8,0,2,08,2017-08-20,1,3,2.0,0,1,1,6,Guest_1351,Expected
Resort Hotel,0,199,33,15,2,6,2,0.0,0,BB,Offline TA/TO,TA/TO,0,0,0,0,0,Transient,112.45,0,0,08,2017-08-15,0,8,2.0,0,1,1,1,Guest_1352,Expected
Resort Hotel,0,13,33,18,2,3,2,0.0,1,HB,Direct,Direct,0,0,0,1,0,Transient,244.55,1,3,08,2017-08-18,0,5,3.0,0,1,0,4,Guest_1353,Expected
Resort Hotel,0,45,34,21,1,1,3,0.0,0,BB,Online TA,TA/TO,0,0,0,0,0,Transient,186.68,0,1,08,2017-08-21,0,2,3.0,0,1,1,0,Guest_1354,Expected
Resort Hotel,0,217,33,16,2,5,1,0.0,0,HB,Direct,Direct,0,0,0,1,0,Transient,153.38,0,0,08,2017-08-16,0,7,1.0,0,1,0,2,Guest_1355,Expected
Resort Hotel,0,12,34,21,1,1,2,0.0,0,BB,Online TA,TA/TO,0,0,0,0,0,Transient,224.0,0,3,08,2017-08-21,1,2,2.0,0,1,1,0,Guest_1356,Expected
Resort Hotel,0,186,32,12,4,7,2,0.0,0,HB,Offline TA/TO,TA/TO,0,0,0,2,0,Transient,151.0,0,2,08,2017-08-12,0,11,2.0,0,1,0,5,Guest_1357,Expected
Resort Hotel,0,186,32,12,4,7,3,0.0,0,HB,Offline TA/TO,TA/TO,0,0,0,1,0,Transient,169.0,0,0,08,2017-08-12,0,11,3.0,0,1,0,5,Guest_1358,Expected
Resort Hotel,0,189,32,12,4,8,2,0.0,0,BB,Direct,Direct,0,0,0,1,0,Transient,158.0,0,1,08,2017-08-12,0,12,2.0,0,0,1,5,Guest_1359,Expected
Resort Hotel,0,189,32,12,4,8,2,0.0,0,BB,Direct,Direct,0,0,0,1,0,Transient,172.0,1,1,08,2017-08-12,0,12,2.0,0,0,1,5,Guest_1360,Expected
Resort Hotel,0,223,33,17,2,5,2,0.0,0,BB,Offline TA/TO,TA/TO,0,0,0,0,0,Transient,106.85,0,0,08,2017-08-17,0,7,2.0,0,1,1,3,Guest_1361,Expected
Resort Hotel,0,290,34,20,2,2,2,0.0,0,BB,Online TA,TA/TO,0,0,0,0,0,Transient,140.38,0,1,08,2017-08-20,0,4,2.0,0,1,1,6,Guest_1362,Expected
Resort Hotel,0,342,33,17,2,5,2,0.0,0,BB,Online TA,TA/TO,0,0,0,0,0,Transient-Party,112.7,0,0,08,2017-08-17,0,7,2.0,0,1,1,3,Guest_1363,Expected
Resort Hotel,0,342,33,17,2,5,2,0.0,0,BB,Online TA,TA/TO,0,0,0,0,0,Transient-Party,110.7,0,0,08,2017-08-17,0,7,2.0,0,1,1,3,Guest_1364,Expected
Resort Hotel,0,12,33,13,4,7,2,0.0,0,HB,Offline TA/TO,TA/TO,0,0,0,0,0,Contract,163.0,0,2,08,2017-08-13,0,11,2.0,0,1,0,6,Guest_1365,Expected
Resort Hotel,0,199,33,19,2,3,2,0.0,0,BB,Online TA,TA/TO,0,0,0,0,0,Transient,125.2,0,1,08,2017-08-19,0,5,2.0,0,1,1,5,Guest_1366,Expected
Resort Hotel,0,94,33,14,3,7,2,0.0,0,BB,Offline TA/TO,TA/TO,0,0,0,0,0,Contract,135.0,0,0,08,2017-08-14,0,10,2.0,0,1,1,0,Guest_1367,Expected
Resort Hotel,0,189,33,14,3,7,2,0.0,0,HB,Offline TA/TO,TA/TO,0,0,0,0,0,Contract,134.85,0,1,08,2017-08-14,0,10,2.0,0,1,1,0,Guest_1368,Expected
Resort Hotel,0,0,34,23,0,1,2,1.0,0,BB,Direct,Direct,0,0,0,1,0,Transient,238.0,0,0,08,2017-08-23,0,1,3.0,0,0,0,2,Guest_1369,Expected
Resort Hotel,0,211,33,17,2,5,2,0.0,1,HB,Online TA,TA/TO,0,0,0,0,0,Transient,147.74,1,1,08,2017-08-17,0,7,3.0,0,1,0,3,Guest_1370,Expected
Resort Hotel,0,82,33,17,2,5,2,0.0,0,BB,Online TA,TA/TO,0,0,0,0,0,Transient,216.0,0,0,08,2017-08-17,0,7,2.0,0,1,1,3,Guest_1371,Expected
Resort Hotel,0,295,34,20,2,2,2,1.0,0,HB,Online TA,TA/TO,0,0,0,1,0,Transient,306.0,0,3,08,2017-08-20,0,4,3.0,0,1,1,6,Guest_1372,Expected
Resort Hotel,0,79,33,18,2,4,2,0.0,0,BB,Online TA,TA/TO,0,0,0,1,0,Transient,284.0,1,2,08,2017-08-18,0,6,2.0,0,1,1,4,Guest_1373,Expected
Resort Hotel,0,247,33,16,2,6,2,1.0,0,BB,Offline TA/TO,TA/TO,0,0,0,1,0,Transient,139.28,0,1,08,2017-08-16,0,8,3.0,0,1,0,2,Guest_1374,Expected
Resort Hotel,0,247,33,16,2,6,2,0.0,2,BB,Offline TA/TO,TA/TO,0,0,0,0,0,Transient,141.68,0,1,08,2017-08-16,0,8,4.0,0,1,0,2,Guest_1375,Expected
Resort Hotel,0,18,33,19,2,3,2,0.0,0,BB,Online TA,TA/TO,0,0,0,0,0,Transient,219.2,0,1,08,2017-08-19,0,5,2.0,0,1,1,5,Guest_1376,Expected
Resort Hotel,0,172,33,17,2,5,2,1.0,0,HB,Online TA,TA/TO,0,0,0,0,0,Transient,193.03,0,1,08,2017-08-17,0,7,3.0,0,1,1,3,Guest_1377,Expected
Resort Hotel,0,1,34,23,0,1,2,0.0,0,BB,Online TA,TA/TO,0,0,0,0,0,Transient,159.2,0,1,08,2017-08-23,0,1,2.0,0,1,1,2,Guest_1378,Expected
Resort Hotel,0,172,33,17,2,5,3,0.0,0,HB,Online TA,TA/TO,0,0,0,0,0,Transient,206.72,0,1,08,2017-08-17,0,7,3.0,0,1,1,3,Guest_1379,Expected
Resort Hotel,0,37,34,23,0,1,1,0.0,0,BB,Corporate,Corporate,0,0,0,0,0,Transient,135.0,0,0,08,2017-08-23,0,1,1.0,0,0,0,2,Guest_1380,Expected
Resort Hotel,0,7,34,21,1,2,2,0.0,0,HB,Online TA,TA/TO,0,0,0,0,0,Transient,274.67,0,2,08,2017-08-21,0,3,2.0,0,1,1,0,Guest_1381,Expected
Resort Hotel,0,3,34,23,0,1,2,0.0,0,BB,Online TA,TA/TO,0,0,0,0,0,Transient,189.0,0,2,08,2017-08-23,0,1,2.0,0,1,1,2,Guest_1382,Expected
Resort Hotel,0,19,34,21,1,2,2,0.0,0,BB,Online TA,TA/TO,0,0,0,0,0,Transient,210.0,0,2,08,2017-08-21,0,3,2.0,0,1,1,0,Guest_1383,Expected
Resort Hotel,0,1,34,23,0,1,2,0.0,0,BB,Online TA,TA/TO,0,0,0,0,0,Transient,209.0,0,2,08,2017-08-23,0,1,2.0,0,1,1,2,Guest_1384,Expected
Resort Hotel,0,16,34,22,0,2,3,1.0,0,HB,Online TA,TA/TO,0,0,0,0,0,Transient,382.0,1,1,08,2017-08-22,0,2,4.0,0,1,1,1,Guest_1385,Expected
Resort Hotel,0,155,33,17,2,5,3,0.0,0,HB,Direct,Direct,0,0,0,3,0,Transient,258.0,1,2,08,2017-08-17,0,7,3.0,0,1,0,3,Guest_1386,Expected
Resort Hotel,0,258,34,20,2,2,2,0.0,0,BB,Offline TA/TO,TA/TO,0,0,0,0,0,Transient,118.5,0,2,08,2017-08-20,0,4,2.0,0,1,1,6,Guest_1387,Expected
Resort Hotel,0,4,33,19,2,3,3,0.0,0,HB,Direct,Direct,0,0,0,1,0,Transient,350.2,0,1,08,2017-08-19,0,5,3.0,0,1,1,5,Guest_1388,Expected
Resort Hotel,0,272,34,20,2,2,3,0.0,0,BB,Offline TA/TO,TA/TO,0,0,0,0,0,Transient,157.28,0,1,08,2017-08-20,0,4,3.0,0,1,1,6,Guest_1389,Expected
Resort Hotel,0,75,34,22,0,2,1,1.0,0,BB,Online TA,TA/TO,0,0,0,2,0,Transient,202.0,0,1,08,2017-08-22,0,2,2.0,0,1,1,1,Guest_1390,Expected
Resort Hotel,0,119,33,19,2,3,3,0.0,0,BB,Offline TA/TO,TA/TO,0,0,0,0,0,Contract,157.28,0,0,08,2017-08-19,0,5,3.0,0,1,1,5,Guest_1391,Expected
Resort Hotel,0,184,34,20,2,2,2,0.0,0,BB,Offline TA/TO,TA/TO,0,0,0,1,0,Transient,116.5,0,0,08,2017-08-20,0,4,2.0,0,1,1,6,Guest_1392,Expected
Resort Hotel,0,23,34,22,0,2,2,0.0,0,BB,Online TA,TA/TO,0,0,0,0,0,Transient,185.99,0,1,08,2017-08-22,1,2,2.0,0,1,1,1,Guest_1393,Expected
Resort Hotel,0,178,34,20,2,2,2,0.0,0,BB,Offline TA/TO,TA/TO,0,0,0,0,0,Transient,116.5,0,0,08,2017-08-20,0,4,2.0,0,1,1,6,Guest_1394,Expected
Resort Hotel,0,1,34,22,0,2,2,0.0,0,BB,Online TA,TA/TO,0,0,0,0,0,Transient,151.29,0,0,08,2017-08-22,0,2,2.0,0,1,0,1,Guest_1395,Expected
Resort Hotel,0,18,34,21,1,3,2,0.0,0,BB,Online TA,TA/TO,0,0,0,0,0,Transient,168.0,0,1,08,2017-08-21,0,4,2.0,0,1,1,0,Guest_1396,Expected
Resort Hotel,0,244,33,15,2,8,2,0.0,0,HB,Offline TA/TO,TA/TO,0,0,0,0,0,Contract,136.85,0,0,08,2017-08-15,0,10,2.0,0,1,1,1,Guest_1397,Expected
Resort Hotel,0,81,33,18,2,5,2,0.0,0,BB,Offline TA/TO,TA/TO,0,0,0,0,0,Contract,137.0,0,0,08,2017-08-18,0,7,2.0,0,1,1,4,Guest_1398,Expected
Resort Hotel,0,134,33,15,2,8,2,0.0,0,BB,Offline TA/TO,TA/TO,0,0,0,0,0,Contract,118.5,0,1,08,2017-08-15,0,10,2.0,0,1,1,1,Guest_1399,Expected
Resort Hotel,0,187,33,14,3,8,2,0.0,1,HB,Online TA,TA/TO,0,0,0,1,0,Transient,233.64,0,4,08,2017-08-14,0,11,3.0,0,1,0,0,Guest_1400,Expected
Resort Hotel,0,178,33,18,2,5,3,0.0,0,BB,Offline TA/TO,TA/TO,0,0,0,0,0,Contract,170.03,0,0,08,2017-08-18,0,7,3.0,0,1,1,4,Guest_1401,Expected
Resort Hotel,0,188,33,16,2,7,2,0.0,0,BB,Online TA,TA/TO,0,0,0,0,0,Transient,200.0,0,2,08,2017-08-16,0,9,2.0,0,1,1,2,Guest_1402,Expected
Resort Hotel,0,13,33,14,3,8,1,0.0,0,BB,Offline TA/TO,TA/TO,0,0,0,1,0,Contract,116.5,0,0,08,2017-08-14,0,11,1.0,0,1,1,0,Guest_1403,Expected
Resort Hotel,0,197,33,18,2,5,2,0.0,0,BB,Online TA,TA/TO,0,0,0,0,0,Transient,160.0,0,1,08,2017-08-18,0,7,2.0,0,1,1,4,Guest_1404,Expected
Resort Hotel,0,160,33,18,2,5,2,0.0,0,HB,Online TA,TA/TO,0,0,0,1,0,Transient,203.71,0,0,08,2017-08-18,0,7,2.0,0,1,0,4,Guest_1405,Expected
Resort Hotel,0,288,33,15,2,8,2,0.0,0,BB,Offline TA/TO,TA/TO,0,0,0,0,0,Contract,104.85,0,0,08,2017-08-15,0,10,2.0,0,1,1,1,Guest_1406,Expected
Resort Hotel,0,105,34,20,2,3,2,1.0,0,HB,Online TA,TA/TO,0,0,0,0,0,Transient,256.31,1,1,08,2017-08-20,0,5,3.0,0,1,0,6,Guest_1407,Expected
Resort Hotel,0,12,34,21,1,3,2,0.0,0,HB,Online TA,TA/TO,0,0,0,0,0,Transient,256.0,0,2,08,2017-08-21,0,4,2.0,0,1,1,0,Guest_1408,Expected
Resort Hotel,0,20,34,22,0,3,3,0.0,0,BB,Online TA,TA/TO,0,0,0,1,0,Transient,322.0,0,1,08,2017-08-22,0,3,3.0,0,1,0,1,Guest_1409,Expected
Resort Hotel,0,169,34,20,2,3,1,0.0,0,HB,Online TA,TA/TO,0,0,0,2,0,Transient,248.0,0,3,08,2017-08-20,0,5,1.0,0,1,0,6,Guest_1410,Expected
Resort Hotel,0,169,34,20,2,3,2,0.0,1,HB,Online TA,TA/TO,0,0,0,2,0,Transient,262.0,1,4,08,2017-08-20,0,5,3.0,0,1,0,6,Guest_1411,Expected
Resort Hotel,0,65,33,18,2,5,2,0.0,0,BB,Online TA,TA/TO,0,0,0,0,0,Transient,190.6,0,1,08,2017-08-18,0,7,2.0,0,1,1,4,Guest_1412,Expected
Resort Hotel,0,127,33,18,2,5,2,1.0,0,HB,Direct,Direct,0,0,0,4,0,Transient,334.43,1,4,08,2017-08-18,0,7,3.0,0,1,0,4,Guest_1413,Expected
Resort Hotel,0,150,33,18,2,5,2,0.0,0,BB,Offline TA/TO,TA/TO,0,0,0,0,0,Contract,121.5,0,0,08,2017-08-18,0,7,2.0,0,1,0,4,Guest_1414,Expected
Resort Hotel,0,124,33,16,2,7,2,0.0,0,HB,Online TA,TA/TO,0,0,0,0,0,Transient,262.0,0,3,08,2017-08-16,0,9,2.0,0,1,1,2,Guest_1415,Expected
Resort Hotel,0,177,33,19,2,4,2,0.0,0,BB,Direct,Direct,0,0,0,0,0,Transient,239.0,0,1,08,2017-08-19,0,6,2.0,0,1,0,5,Guest_1416,Expected
Resort Hotel,0,191,34,21,1,3,2,2.0,0,HB,Online TA,TA/TO,0,0,0,0,0,Transient,264.0,0,3,08,2017-08-21,0,4,4.0,0,1,1,0,Guest_1417,Expected
Resort Hotel,0,10,34,22,0,3,2,2.0,0,BB,Online TA,TA/TO,0,0,0,0,0,Transient,275.33,0,2,08,2017-08-22,0,3,4.0,0,1,1,1,Guest_1418,Expected
Resort Hotel,0,199,33,18,2,5,2,0.0,0,BB,Offline TA/TO,TA/TO,0,0,0,0,0,Transient,112.41,0,0,08,2017-08-18,0,7,2.0,0,1,1,4,Guest_1419,Expected
Resort Hotel,0,218,33,15,2,8,2,0.0,0,HB,Online TA,TA/TO,0,0,0,0,0,Transient,217.6,0,2,08,2017-08-15,0,10,2.0,0,1,1,1,Guest_1420,Expected
Resort Hotel,0,84,34,20,2,3,2,0.0,0,HB,Online TA,TA/TO,0,0,0,0,0,Transient,262.0,0,3,08,2017-08-20,0,5,2.0,0,1,0,6,Guest_1421,Expected
Resort Hotel,0,47,34,23,0,2,2,2.0,0,BB,Direct,Direct,0,0,0,0,0,Transient,289.0,0,1,08,2017-08-23,0,2,4.0,0,1,1,2,Guest_1422,Expected
Resort Hotel,0,21,34,22,0,3,2,0.0,0,BB,Direct,Direct,0,0,0,0,0,Transient,261.0,1,1,08,2017-08-22,0,3,2.0,0,1,0,1,Guest_1423,Expected
Resort Hotel,0,42,34,21,1,3,2,0.0,0,HB,Online TA,TA/TO,0,0,0,0,0,Transient,242.84,0,0,08,2017-08-21,0,4,2.0,0,1,0,0,Guest_1424,Expected
Resort Hotel,0,55,34,22,0,3,2,0.0,0,BB,Online TA,TA/TO,0,0,0,0,0,Transient,264.0,0,2,08,2017-08-22,0,3,2.0,0,1,0,1,Guest_1425,Expected
Resort Hotel,0,62,34,21,1,3,2,0.0,0,BB,Online TA,TA/TO,0,0,0,0,0,Transient,205.0,0,2,08,2017-08-21,0,4,2.0,0,1,0,0,Guest_1426,Expected
Resort Hotel,0,146,33,19,2,5,2,0.0,0,BB,Online TA,TA/TO,0,0,0,0,0,Transient-Party,237.71,0,1,08,2017-08-19,0,7,2.0,0,1,1,5,Guest_1427,Expected
Resort Hotel,0,10,34,22,0,4,2,2.0,0,BB,Direct,Direct,0,0,0,0,0,Transient,306.5,0,2,08,2017-08-22,0,4,4.0,0,1,1,1,Guest_1428,Expected
Resort Hotel,0,204,33,16,2,8,2,0.0,0,HB,Offline TA/TO,TA/TO,0,0,0,0,0,Transient,148.7,0,0,08,2017-08-16,0,10,2.0,0,1,0,2,Guest_1429,Expected
Resort Hotel,0,125,34,20,2,4,2,0.0,0,HB,Online TA,TA/TO,0,0,0,0,0,Transient,276.0,1,2,08,2017-08-20,0,6,2.0,0,1,1,6,Guest_1430,Expected
Resort Hotel,0,64,33,19,2,5,3,0.0,0,BB,Online TA,TA/TO,0,0,0,1,0,Transient,331.43,1,2,08,2017-08-19,0,7,3.0,0,1,0,5,Guest_1431,Expected
Resort Hotel,0,64,33,19,2,5,3,0.0,0,BB,Online TA,TA/TO,0,0,0,0,0,Transient,270.0,0,2,08,2017-08-19,0,7,3.0,0,1,0,5,Guest_1432,Expected
Resort Hotel,0,209,34,21,1,4,2,0.0,0,HB,Direct,Direct,0,0,0,1,0,Transient,218.8,1,2,08,2017-08-21,0,5,2.0,0,1,0,0,Guest_1433,Expected
Resort Hotel,0,210,33,19,2,5,2,2.0,0,HB,Direct,Direct,0,0,0,1,0,Transient,279.03,0,1,08,2017-08-19,0,7,4.0,0,1,0,5,Guest_1434,Expected
Resort Hotel,0,181,34,22,0,4,2,0.0,0,BB,Offline TA/TO,TA/TO,0,0,0,0,0,Transient,118.5,0,1,08,2017-08-22,0,4,2.0,0,1,1,1,Guest_1435,Expected
Resort Hotel,0,169,34,21,1,4,2,0.0,0,BB,Online TA,TA/TO,0,0,0,2,0,Transient,234.0,0,2,08,2017-08-21,0,5,2.0,0,1,0,0,Guest_1436,Expected
Resort Hotel,0,157,33,19,2,5,2,0.0,0,HB,Online TA,TA/TO,0,0,0,0,0,Transient-Party,198.17,0,1,08,2017-08-19,0,7,2.0,0,1,0,5,Guest_1437,Expected
Resort Hotel,0,157,33,19,2,5,2,0.0,0,HB,Online TA,TA/TO,0,0,0,1,0,Transient-Party,211.6,1,1,08,2017-08-19,0,7,2.0,0,1,1,5,Guest_1438,Expected
Resort Hotel,0,17,34,24,0,2,2,2.0,0,BB,Online TA,TA/TO,0,0,0,0,0,Transient,274.0,0,2,08,2017-08-24,0,2,4.0,0,1,1,3,Guest_1439,Expected
Resort Hotel,0,0,34,25,0,1,2,0.0,0,BB,Direct,Direct,0,0,0,0,0,Transient,244.0,1,0,08,2017-08-25,0,1,2.0,0,0,0,4,Guest_1440,Expected
Resort Hotel,0,210,33,19,2,5,3,0.0,0,HB,Offline TA/TO,TA/TO,0,0,0,0,0,Transient,187.24,0,0,08,2017-08-19,0,7,3.0,0,1,0,5,Guest_1441,Expected
Resort Hotel,0,210,33,19,2,5,2,0.0,0,HB,Offline TA/TO,TA/TO,0,0,0,0,0,Transient,135.9,1,0,08,2017-08-19,0,7,2.0,0,1,0,5,Guest_1442,Expected
Resort Hotel,0,0,34,25,0,1,2,1.0,0,BB,Online TA,TA/TO,0,0,0,0,0,Transient-Party,175.0,0,0,08,2017-08-25,0,1,3.0,0,1,0,4,Guest_1443,Expected
Resort Hotel,0,0,34,25,0,1,2,2.0,0,BB,Online TA,TA/TO,0,0,0,1,0,Transient-Party,225.0,0,0,08,2017-08-25,0,1,4.0,0,1,0,4,Guest_1444,Expected
Resort Hotel,0,212,34,21,1,4,2,0.0,0,BB,Online TA,TA/TO,0,0,0,4,0,Transient,156.25,0,1,08,2017-08-21,0,5,2.0,0,1,0,0,Guest_1445,Expected
Resort Hotel,0,203,33,19,2,5,2,2.0,0,HB,Online TA,TA/TO,0,0,0,2,0,Transient,184.5,0,2,08,2017-08-19,0,7,4.0,0,1,0,5,Guest_1446,Expected
Resort Hotel,0,203,33,19,2,5,2,2.0,0,HB,Online TA,TA/TO,0,0,0,2,0,Transient,184.5,0,1,08,2017-08-19,0,7,4.0,0,1,0,5,Guest_1447,Expected
Resort Hotel,0,203,33,19,2,5,3,0.0,0,HB,Offline TA/TO,TA/TO,0,0,0,0,0,Transient,187.14,0,1,08,2017-08-19,0,7,3.0,0,1,0,5,Guest_1448,Expected
Resort Hotel,0,7,34,21,1,4,2,0.0,0,BB,Online TA,TA/TO,0,0,0,0,0,Transient,210.0,0,2,08,2017-08-21,0,5,2.0,0,1,1,0,Guest_1449,Expected
Resort Hotel,0,1,34,25,0,1,2,0.0,0,BB,Online TA,TA/TO,0,0,0,0,0,Transient,154.0,0,1,08,2017-08-25,1,1,2.0,0,1,0,4,Guest_1450,Expected
Resort Hotel,0,215,33,19,2,5,2,0.0,1,FB,Direct,Direct,0,0,0,3,0,Transient-Party,184.54,0,3,08,2017-08-19,0,7,3.0,0,1,0,5,Guest_1451,Expected
Resort Hotel,0,215,33,19,2,5,2,0.0,1,FB,Direct,Direct,0,0,0,2,0,Transient-Party,184.54,0,2,08,2017-08-19,0,7,3.0,0,1,0,5,Guest_1452,Expected
Resort Hotel,0,235,34,20,2,4,2,1.0,0,HB,Online TA,TA/TO,0,0,0,3,0,Transient,177.6,1,2,08,2017-08-20,0,6,3.0,0,1,0,6,Guest_1453,Expected
Resort Hotel,0,83,34,21,1,4,2,0.0,0,FB,Online TA,TA/TO,0,0,0,0,0,Transient,310.0,0,0,08,2017-08-21,0,5,2.0,0,1,0,0,Guest_1454,Expected
Resort Hotel,0,83,34,21,1,4,2,0.0,0,FB,Online TA,TA/TO,0,0,0,0,0,Transient,310.0,0,0,08,2017-08-21,0,5,2.0,0,1,0,0,Guest_1455,Expected
Resort Hotel,0,0,34,25,0,1,2,0.0,0,BB,Online TA,TA/TO,0,0,0,0,0,Transient,116.61,0,0,08,2017-08-25,0,1,2.0,0,1,1,4,Guest_1456,Expected
Resort Hotel,0,122,33,19,2,5,3,0.0,0,HB,Offline TA/TO,TA/TO,0,0,0,4,0,Transient-Party,253.8,0,0,08,2017-08-19,0,7,3.0,0,1,0,5,Guest_1457,Expected
Resort Hotel,0,144,33,19,2,5,2,0.0,0,BB,Offline TA/TO,TA/TO,0,0,0,0,0,Contract,123.21,0,0,08,2017-08-19,0,7,2.0,0,1,1,5,Guest_1458,Expected
Resort Hotel,0,1,34,25,0,1,2,0.0,0,BB,Online TA,TA/TO,0,0,0,0,0,Transient,171.5,0,1,08,2017-08-25,0,1,2.0,0,1,0,4,Guest_1459,Expected
Resort Hotel,0,0,34,26,0,1,2,0.0,0,BB,Direct,Direct,1,0,0,0,0,Transient,200.0,0,1,08,2017-08-26,0,1,2.0,0,0,0,5,Guest_1460,Expected
Resort Hotel,0,207,34,22,0,5,2,0.0,0,BB,Online TA,TA/TO,0,0,0,0,0,Transient,162.0,0,1,08,2017-08-22,0,5,2.0,0,1,1,1,Guest_1461,Expected
Resort Hotel,0,324,33,13,4,10,2,0.0,0,HB,Offline TA/TO,TA/TO,0,0,0,0,0,Contract,134.85,0,0,08,2017-08-13,0,14,2.0,0,1,1,6,Guest_1462,Expected
Resort Hotel,0,315,33,14,3,10,2,0.0,0,HB,Offline TA/TO,TA/TO,0,0,0,0,0,Contract,134.85,0,0,08,2017-08-14,0,13,2.0,0,1,1,0,Guest_1463,Expected
Resort Hotel,0,71,34,23,0,4,2,0.0,0,HB,Online TA,TA/TO,0,0,0,0,0,Transient,228.84,0,0,08,2017-08-23,0,4,2.0,0,1,1,2,Guest_1464,Expected
Resort Hotel,0,327,33,17,2,8,2,0.0,0,BB,Online TA,TA/TO,0,0,0,0,0,Transient,142.58,1,2,08,2017-08-17,0,10,2.0,0,1,1,3,Guest_1465,Expected
Resort Hotel,0,134,34,22,0,5,2,0.0,0,BB,Online TA,TA/TO,0,0,0,0,0,Transient-Party,225.0,0,2,08,2017-08-22,0,5,2.0,0,1,1,1,Guest_1466,Expected
Resort Hotel,0,134,34,22,0,5,2,0.0,0,BB,Online TA,TA/TO,0,0,0,0,0,Transient-Party,239.0,0,2,08,2017-08-22,0,5,2.0,0,1,1,1,Guest_1467,Expected
Resort Hotel,0,48,34,21,1,5,2,1.0,0,BB,Direct,Direct,0,0,0,0,0,Transient,262.5,0,1,08,2017-08-21,0,6,3.0,0,1,0,0,Guest_1468,Expected
Resort Hotel,0,62,34,20,2,5,2,0.0,0,BB,Online TA,TA/TO,0,0,0,0,0,Transient,182.5,0,1,08,2017-08-20,0,7,2.0,0,1,1,6,Guest_1469,Expected
Resort Hotel,0,29,34,20,2,5,2,0.0,0,HB,Offline TA/TO,TA/TO,0,0,0,0,0,Group,164.71,0,0,08,2017-08-20,0,7,2.0,0,1,1,6,Guest_1470,Expected
Resort Hotel,0,7,34,25,0,2,3,0.0,0,BB,Online TA,TA/TO,0,0,0,0,0,Transient,222.0,0,1,08,2017-08-25,0,2,3.0,0,1,1,4,Guest_1471,Expected
Resort Hotel,0,296,34,20,2,5,2,0.0,0,HB,Online TA,TA/TO,0,0,0,0,0,Transient,143.73,1,0,08,2017-08-20,0,7,2.0,0,1,0,6,Guest_1472,Expected
Resort Hotel,0,42,34,23,0,4,2,0.0,0,HB,Online TA,TA/TO,0,0,0,0,0,Transient,262.0,0,1,08,2017-08-23,0,4,2.0,0,1,1,2,Guest_1473,Expected
Resort Hotel,0,0,34,26,0,1,2,0.0,0,BB,Online TA,TA/TO,0,0,0,0,0,Transient,230.0,0,1,08,2017-08-26,0,1,2.0,0,1,1,5,Guest_1474,Expected
Resort Hotel,0,2,34,25,0,2,1,0.0,0,BB,Online TA,TA/TO,0,0,0,0,0,Transient,220.0,0,1,08,2017-08-25,0,2,1.0,0,1,1,4,Guest_1475,Expected
Resort Hotel,0,83,34,20,2,5,3,0.0,0,BB,Online TA,TA/TO,0,0,0,0,0,Transient,291.43,1,0,08,2017-08-20,0,7,3.0,0,1,0,6,Guest_1476,Expected
Resort Hotel,0,33,34,24,0,3,3,0.0,0,BB,Direct,Direct,0,0,0,0,0,Transient,315.0,1,2,08,2017-08-24,0,3,3.0,0,1,0,3,Guest_1477,Expected
Resort Hotel,0,12,33,13,4,10,2,0.0,0,BB,Offline TA/TO,TA/TO,0,0,0,0,0,Contract,135.0,0,1,08,2017-08-13,0,14,2.0,0,1,1,6,Guest_1478,Expected
Resort Hotel,0,129,34,20,2,5,2,1.0,0,FB,Offline TA/TO,TA/TO,0,0,0,2,0,Transient,227.06,0,2,08,2017-08-20,0,7,3.0,0,1,0,6,Guest_1479,Expected
Resort Hotel,0,58,34,23,0,4,2,0.0,0,HB,Online TA,TA/TO,0,0,0,0,0,Transient,239.6,0,0,08,2017-08-23,0,4,2.0,0,1,1,2,Guest_1480,Expected
Resort Hotel,0,26,34,21,1,5,2,0.0,0,BB,Online TA,TA/TO,0,0,0,0,0,Transient,230.0,0,1,08,2017-08-21,0,6,2.0,0,1,1,0,Guest_1481,Expected
Resort Hotel,0,306,34,24,0,3,3,1.0,0,HB,Online TA,TA/TO,0,0,0,0,0,Transient,311.0,0,1,08,2017-08-24,0,3,4.0,0,1,1,3,Guest_1482,Expected
Resort Hotel,0,2,34,25,0,2,2,0.0,0,BB,Online TA,TA/TO,0,0,0,0,0,Transient,196.25,0,2,08,2017-08-25,0,2,2.0,0,1,0,4,Guest_1483,Expected
Resort Hotel,0,263,33,19,2,6,2,1.0,0,HB,Direct,Direct,0,0,0,1,0,Transient,208.02,0,1,08,2017-08-19,0,8,3.0,0,1,1,5,Guest_1484,Expected
Resort Hotel,0,220,34,22,0,5,2,2.0,0,BB,Online TA,TA/TO,0,0,0,2,0,Transient,258.0,0,1,08,2017-08-22,0,5,4.0,0,1,1,1,Guest_1485,Expected
Resort Hotel,0,220,34,23,0,4,2,0.0,0,BB,Direct,Direct,0,0,0,0,0,Transient,123.77,0,1,08,2017-08-23,0,4,2.0,0,1,0,2,Guest_1486,Expected
Resort Hotel,0,227,34,20,2,5,2,2.0,0,HB,Online TA,TA/TO,0,0,0,1,0,Transient,180.18,0,0,08,2017-08-20,0,7,4.0,0,1,0,6,Guest_1487,Expected
Resort Hotel,0,4,34,25,0,2,2,0.0,1,BB,Online TA,TA/TO,0,0,0,1,0,Transient,220.0,0,3,08,2017-08-25,0,2,3.0,0,1,1,4,Guest_1488,Expected
Resort Hotel,0,31,34,20,2,5,3,0.0,0,BB,Offline TA/TO,TA/TO,0,0,0,1,0,Transient,190.35,0,1,08,2017-08-20,0,7,3.0,0,1,1,6,Guest_1489,Expected
Resort Hotel,0,23,34,25,0,2,2,0.0,0,BB,Online TA,TA/TO,0,0,0,0,0,Transient,240.0,0,2,08,2017-08-25,0,2,2.0,0,1,0,4,Guest_1490,Expected
Resort Hotel,0,5,34,25,0,2,2,0.0,0,BB,Online TA,TA/TO,0,0,0,0,0,Transient,274.0,1,2,08,2017-08-25,0,2,2.0,0,1,1,4,Guest_1491,Expected
Resort Hotel,0,0,34,25,0,2,2,0.0,0,BB,Online TA,TA/TO,0,0,0,0,0,Transient,188.0,0,2,08,2017-08-25,0,2,2.0,0,1,0,4,Guest_1492,Expected
Resort Hotel,0,4,34,25,0,2,2,0.0,0,BB,Online TA,TA/TO,0,0,0,0,0,Transient,214.0,0,2,08,2017-08-25,0,2,2.0,0,1,1,4,Guest_1493,Expected
Resort Hotel,0,200,34,22,0,5,2,1.0,0,HB,Offline TA/TO,TA/TO,0,0,0,0,0,Transient,220.75,1,0,08,2017-08-22,0,5,3.0,0,1,1,1,Guest_1494,Expected
Resort Hotel,0,204,34,23,0,4,2,0.0,0,BB,Online TA,TA/TO,0,0,0,0,0,Transient,160.0,0,1,08,2017-08-23,0,4,2.0,0,1,1,2,Guest_1495,Expected
Resort Hotel,0,177,33,19,2,6,2,2.0,0,HB,Direct,Direct,0,0,0,1,0,Transient,248.5,1,3,08,2017-08-19,0,8,4.0,0,0,0,5,Guest_1496,Expected
Resort Hotel,0,0,34,26,0,1,2,0.0,0,BB,Online TA,TA/TO,0,0,0,1,0,Transient,235.0,0,0,08,2017-08-26,0,1,2.0,0,1,0,5,Guest_1497,Expected
Resort Hotel,0,12,34,22,0,5,2,1.0,0,HB,Online TA,TA/TO,0,0,0,1,0,Transient,194.64,0,1,08,2017-08-22,1,5,3.0,0,1,1,1,Guest_1498,Expected
Resort Hotel,0,60,34,25,0,2,2,0.0,0,BB,Online TA,TA/TO,0,0,0,1,0,Transient,230.0,0,2,08,2017-08-25,1,2,2.0,0,1,1,4,Guest_1499,Expected
Resort Hotel,0,64,34,23,0,4,2,0.0,0,BB,Direct,Direct,0,0,0,2,0,Transient,265.0,0,1,08,2017-08-23,0,4,2.0,0,1,1,2,Guest_1500,Expected
Resort Hotel,0,191,34,20,2,5,2,0.0,0,BB,Offline TA/TO,TA/TO,0,0,0,0,0,Contract,121.5,0,2,08,2017-08-20,0,7,2.0,0,1,1,6,Guest_1501,Expected
Resort Hotel,0,0,35,27,1,0,2,2.0,0,BB,Direct,Direct,0,0,0,1,0,Transient,220.5,1,0,08,2017-08-27,0,1,4.0,0,0,1,6,Guest_1502,Expected
Resort Hotel,0,11,34,24,1,3,2,0.0,0,BB,Online TA,TA/TO,0,0,0,0,0,Transient,157.42,0,1,08,2017-08-24,1,4,2.0,0,1,1,3,Guest_1503,Expected
Resort Hotel,0,49,34,25,1,2,2,0.0,0,BB,Online TA,TA/TO,0,0,0,0,0,Transient,157.99,0,1,08,2017-08-25,0,3,2.0,0,1,1,4,Guest_1504,Expected
Resort Hotel,0,221,34,21,2,5,2,1.0,0,BB,Online TA,TA/TO,0,0,0,0,0,Transient,187.88,0,1,08,2017-08-21,0,7,3.0,0,1,1,0,Guest_1505,Expected
Resort Hotel,0,154,34,21,2,5,2,0.0,0,HB,Offline TA/TO,TA/TO,0,0,0,1,0,Contract,132.86,0,1,08,2017-08-21,0,7,2.0,0,1,1,0,Guest_1506,Expected
Resort Hotel,0,126,34,21,2,5,2,0.0,0,HB,Offline TA/TO,TA/TO,0,0,0,0,0,Group,167.0,0,1,08,2017-08-21,0,7,2.0,0,1,1,0,Guest_1507,Expected
Resort Hotel,0,136,34,21,2,5,2,0.0,0,BB,Offline TA/TO,TA/TO,0,0,0,0,0,Contract,116.5,0,0,08,2017-08-21,1,7,2.0,0,1,1,0,Guest_1508,Expected
Resort Hotel,0,199,33,18,3,7,2,0.0,0,HB,Offline TA/TO,TA/TO,0,0,0,0,0,Contract,132.85,0,0,08,2017-08-18,0,10,2.0,0,1,1,4,Guest_1509,Expected
Resort Hotel,0,218,34,22,1,5,2,0.0,0,HB,Direct,Direct,0,0,0,1,0,Transient,170.38,0,1,08,2017-08-22,0,6,2.0,0,1,1,1,Guest_1510,Expected
Resort Hotel,0,140,34,21,2,5,2,0.0,0,BB,Online TA,TA/TO,0,0,0,0,0,Transient,166.91,0,0,08,2017-08-21,0,7,2.0,0,1,0,0,Guest_1511,Expected
Resort Hotel,0,20,34,21,2,5,2,0.0,0,BB,Offline TA/TO,TA/TO,0,0,0,0,0,Contract,137.0,0,0,08,2017-08-21,0,7,2.0,0,1,1,0,Guest_1512,Expected
Resort Hotel,0,189,34,21,2,5,2,0.0,0,HB,Online TA,TA/TO,0,0,0,0,0,Transient,192.0,0,2,08,2017-08-21,0,7,2.0,0,1,0,0,Guest_1513,Expected
Resort Hotel,0,220,35,27,1,0,1,0.0,0,BB,Offline TA/TO,TA/TO,0,0,0,1,0,Transient-Party,128.7,0,0,08,2017-08-27,0,1,1.0,0,1,1,6,Guest_1514,Expected
Resort Hotel,0,220,35,27,1,0,2,0.0,0,BB,Offline TA/TO,TA/TO,0,0,0,1,0,Transient-Party,128.7,0,0,08,2017-08-27,0,1,2.0,0,1,0,6,Guest_1515,Expected
Resort Hotel,0,220,35,27,1,0,2,0.0,0,BB,Offline TA/TO,TA/TO,0,0,0,1,0,Transient-Party,128.7,0,0,08,2017-08-27,0,1,2.0,0,1,1,6,Guest_1516,Expected
Resort Hotel,0,220,35,27,1,0,2,0.0,0,BB,Offline TA/TO,TA/TO,0,0,0,1,0,Transient-Party,128.7,0,0,08,2017-08-27,0,1,2.0,0,1,1,6,Guest_1517,Expected
Resort Hotel,0,58,34,25,1,2,2,0.0,0,BB,Online TA,TA/TO,0,0,0,0,0,Transient,195.0,0,2,08,2017-08-25,0,3,2.0,0,1,1,4,Guest_1518,Expected
Resort Hotel,0,0,35,27,1,0,2,0.0,0,BB,Direct,Direct,0,0,0,0,0,Transient,185.0,1,0,08,2017-08-27,0,1,2.0,0,0,1,6,Guest_1519,Expected
Resort Hotel,0,0,35,28,1,0,2,0.0,0,BB,Direct,Direct,1,0,0,0,0,Transient,194.0,1,0,08,2017-08-28,0,1,2.0,0,0,1,0,Guest_1520,Expected
Resort Hotel,0,30,34,23,1,4,2,0.0,0,BB,Direct,Direct,0,0,0,0,0,Transient,251.0,1,1,08,2017-08-23,0,5,2.0,0,1,1,2,Guest_1521,Expected
Resort Hotel,0,220,35,27,1,0,2,0.0,0,BB,Offline TA/TO,TA/TO,0,0,0,1,0,Transient-Party,128.7,0,0,08,2017-08-27,0,1,2.0,0,1,0,6,Guest_1522,Expected
Resort Hotel,0,2,34,25,1,2,2,0.0,0,HB,Online TA,TA/TO,0,0,0,0,0,Transient-Party,227.81,0,0,08,2017-08-25,0,3,2.0,0,1,1,4,Guest_1523,Expected
Resort Hotel,0,2,34,25,1,2,2,0.0,0,HB,Online TA,TA/TO,0,0,0,0,0,Transient-Party,243.81,1,0,08,2017-08-25,0,3,2.0,0,1,1,4,Guest_1524,Expected
Resort Hotel,0,13,34,26,1,1,2,0.0,0,HB,Online TA,TA/TO,0,0,0,0,0,Transient,292.0,0,3,08,2017-08-26,0,2,2.0,0,1,1,5,Guest_1525,Expected
Resort Hotel,0,30,34,26,1,1,2,0.0,0,BB,Online TA,TA/TO,0,0,0,1,0,Transient,182.0,1,1,08,2017-08-26,1,2,2.0,0,1,1,5,Guest_1526,Expected
Resort Hotel,0,22,34,25,1,2,2,2.0,0,HB,Online TA,TA/TO,0,0,0,1,0,Transient-Party,314.67,0,2,08,2017-08-25,0,3,4.0,0,1,1,4,Guest_1527,Expected
Resort Hotel,0,22,34,25,1,2,2,0.0,0,HB,Online TA,TA/TO,0,0,0,1,0,Transient-Party,302.67,0,2,08,2017-08-25,0,3,2.0,0,1,1,4,Guest_1528,Expected
Resort Hotel,0,261,34,24,1,3,3,0.0,0,HB,Offline TA/TO,TA/TO,0,0,0,1,0,Contract,175.56,0,0,08,2017-08-24,1,4,3.0,0,1,1,3,Guest_1529,Expected
Resort Hotel,0,25,34,22,1,5,2,0.0,0,BB,Online TA,TA/TO,0,0,0,0,0,Transient,279.33,1,3,08,2017-08-22,0,6,2.0,0,1,1,1,Guest_1530,Expected
Resort Hotel,0,34,34,22,1,5,3,0.0,0,HB,Online TA,TA/TO,0,0,0,0,0,Transient,253.65,0,1,08,2017-08-22,0,6,3.0,0,1,0,1,Guest_1531,Expected
Resort Hotel,0,0,35,27,1,0,2,0.0,0,BB,Direct,Direct,0,0,0,0,0,Transient,185.0,0,0,08,2017-08-27,0,1,2.0,0,0,0,6,Guest_1532,Expected
Resort Hotel,0,225,34,22,1,5,2,0.0,0,BB,Direct,Direct,0,0,0,0,0,Transient,138.38,0,0,08,2017-08-22,0,6,2.0,0,1,0,1,Guest_1533,Expected
Resort Hotel,0,315,34,21,2,5,2,1.0,0,HB,Online TA,TA/TO,0,0,0,1,0,Transient,282.03,1,1,08,2017-08-21,0,7,3.0,0,1,0,0,Guest_1534,Expected
Resort Hotel,0,33,34,21,2,5,3,0.0,0,BB,Direct,Direct,0,0,0,0,0,Transient,282.32,0,1,08,2017-08-21,0,7,3.0,0,1,0,0,Guest_1535,Expected
Resort Hotel,0,27,34,21,2,5,3,0.0,0,BB,Direct,Direct,0,0,0,0,0,Transient,326.71,1,2,08,2017-08-21,0,7,3.0,0,1,1,0,Guest_1536,Expected
Resort Hotel,0,203,34,21,2,5,2,0.0,0,Undefined,Direct,Direct,0,0,0,1,0,Transient,240.8,0,3,08,2017-08-21,0,7,2.0,0,1,1,0,Guest_1537,Expected
Resort Hotel,0,0,35,27,1,0,2,0.0,0,BB,Direct,Direct,0,0,0,0,0,Transient,185.0,0,0,08,2017-08-27,0,1,2.0,0,0,0,6,Guest_1538,Expected
Resort Hotel,0,6,34,24,1,3,2,0.0,0,HB,Online TA,TA/TO,0,0,0,0,0,Transient,267.0,0,2,08,2017-08-24,1,4,2.0,0,1,1,3,Guest_1539,Expected
Resort Hotel,0,36,34,25,1,2,3,0.0,0,FB,Online TA,TA/TO,0,0,0,3,0,Transient,259.0,0,0,08,2017-08-25,0,3,3.0,0,1,0,4,Guest_1540,Expected
Resort Hotel,0,17,35,28,1,3,3,0.0,0,FB,Online TA,TA/TO,0,0,0,1,0,Transient,248.29,0,0,08,2017-08-28,0,4,3.0,0,1,0,0,Guest_1541,Expected
Resort Hotel,0,102,34,21,2,5,2,0.0,0,BB,Online TA,TA/TO,0,0,0,0,0,Transient,281.43,1,0,08,2017-08-21,0,7,2.0,0,1,1,0,Guest_1542,Expected
Resort Hotel,0,5,34,24,1,3,2,0.0,0,BB,Online TA,TA/TO,0,0,0,0,0,Transient,269.0,0,3,08,2017-08-24,0,4,2.0,0,1,0,3,Guest_1543,Expected
Resort Hotel,0,43,34,24,1,3,2,1.0,0,BB,Direct,Direct,0,0,0,0,0,Transient,293.0,0,3,08,2017-08-24,0,4,3.0,0,1,1,3,Guest_1544,Expected
Resort Hotel,0,3,35,27,1,0,1,0.0,0,BB,Offline TA/TO,TA/TO,0,0,0,0,0,Transient-Party,75.0,0,1,08,2017-08-27,0,1,1.0,0,1,0,6,Guest_1545,Expected
Resort Hotel,0,3,35,27,1,0,1,0.0,0,BB,Offline TA/TO,TA/TO,0,0,0,0,0,Transient-Party,75.0,0,2,08,2017-08-27,1,1,1.0,0,1,0,6,Guest_1546,Expected
Resort Hotel,0,3,35,27,1,0,2,0.0,0,BB,Offline TA/TO,TA/TO,0,0,0,0,0,Transient-Party,80.0,0,2,08,2017-08-27,1,1,2.0,0,1,0,6,Guest_1547,Expected
Resort Hotel,0,34,34,23,2,4,2,0.0,0,HB,Online TA,TA/TO,0,0,0,0,0,Transient,207.52,0,1,08,2017-08-23,1,6,2.0,0,1,1,2,Guest_1548,Expected
Resort Hotel,0,92,34,23,2,4,3,2.0,0,BB,Direct,Direct,0,0,0,0,0,Transient,328.33,0,2,08,2017-08-23,0,6,5.0,0,1,1,2,Guest_1549,Expected
Resort Hotel,0,39,34,26,2,1,2,0.0,0,BB,Online TA,TA/TO,0,0,0,0,0,Transient,217.33,0,2,08,2017-08-26,0,3,2.0,0,1,1,5,Guest_1550,Expected
Resort Hotel,0,0,35,27,2,0,2,0.0,0,BB,Online TA,TA/TO,0,0,0,0,0,Transient,244.0,1,0,08,2017-08-27,0,2,2.0,0,1,1,6,Guest_1551,Expected
Resort Hotel,0,250,34,23,2,4,2,1.0,0,HB,Direct,Direct,0,0,0,1,0,Transient,266.43,1,2,08,2017-08-23,0,6,3.0,0,1,1,2,Guest_1552,Expected
Resort Hotel,0,204,34,26,2,1,2,1.0,0,HB,Online TA,TA/TO,0,0,0,0,0,Transient-Party,168.6,0,2,08,2017-08-26,0,3,3.0,0,1,1,5,Guest_1553,Expected
Resort Hotel,0,126,34,24,2,3,3,0.0,0,BB,Online TA,TA/TO,0,0,0,0,0,Transient,204.0,0,2,08,2017-08-24,0,5,3.0,0,1,0,3,Guest_1554,Expected
Resort Hotel,0,204,34,26,2,1,2,1.0,0,HB,Online TA,TA/TO,0,0,0,0,0,Transient-Party,168.6,0,2,08,2017-08-26,0,3,3.0,0,1,1,5,Guest_1555,Expected
Resort Hotel,0,23,34,26,2,1,2,0.0,0,BB,Online TA,TA/TO,0,0,0,0,0,Transient,168.0,0,1,08,2017-08-26,0,3,2.0,0,1,1,5,Guest_1556,Expected
Resort Hotel,0,10,34,23,2,4,2,0.0,0,BB,Online TA,TA/TO,0,0,0,0,0,Transient,225.67,0,2,08,2017-08-23,1,6,2.0,0,1,0,2,Guest_1557,Expected
Resort Hotel,0,1,35,29,0,1,2,0.0,0,BB,Direct,Direct,0,0,0,0,0,Transient,204.0,0,2,08,2017-08-29,0,1,2.0,0,0,0,1,Guest_1558,Expected
Resort Hotel,0,204,34,26,2,1,2,2.0,0,HB,Online TA,TA/TO,0,0,0,1,0,Transient,181.8,0,1,08,2017-08-26,0,3,4.0,0,1,1,5,Guest_1559,Expected
Resort Hotel,0,34,34,22,2,5,2,1.0,0,HB,Online TA,TA/TO,0,0,0,1,0,Transient,330.57,0,2,08,2017-08-22,1,7,3.0,0,1,0,1,Guest_1560,Expected
Resort Hotel,0,9,34,22,2,5,2,0.0,0,BB,Online TA,TA/TO,0,0,0,0,0,Transient,210.0,0,2,08,2017-08-22,0,7,2.0,0,1,0,1,Guest_1561,Expected
Resort Hotel,0,184,34,20,4,5,2,1.0,0,HB,Direct,Direct,0,0,0,2,0,Transient,207.5,0,2,08,2017-08-20,0,9,3.0,0,1,0,6,Guest_1562,Expected
Resort Hotel,0,184,34,20,4,5,2,1.0,0,HB,Direct,Direct,0,0,0,2,0,Transient,257.5,0,2,08,2017-08-20,0,9,3.0,0,1,0,6,Guest_1563,Expected
Resort Hotel,0,184,34,20,4,5,2,1.0,0,HB,Direct,Direct,0,0,0,1,0,Transient,235.0,0,3,08,2017-08-20,0,9,3.0,0,1,0,6,Guest_1564,Expected
Resort Hotel,0,21,34,25,2,2,2,0.0,0,BB,Online TA,TA/TO,0,0,0,0,0,Transient,224.0,0,2,08,2017-08-25,0,4,2.0,0,1,1,4,Guest_1565,Expected
Resort Hotel,0,191,34,20,4,5,2,0.0,0,SC,Offline TA/TO,TA/TO,0,0,0,2,0,Contract,1.56,0,2,08,2017-08-20,1,9,2.0,0,1,1,6,Guest_1566,Expected
Resort Hotel,0,191,33,16,4,10,2,2.0,0,BB,Online TA,TA/TO,0,0,0,0,0,Transient,144.0,0,0,08,2017-08-16,0,14,4.0,0,1,1,2,Guest_1567,Expected
Resort Hotel,0,228,34,23,2,5,2,0.0,1,HB,Online TA,TA/TO,0,0,0,2,0,Transient-Party,185.46,0,3,08,2017-08-23,0,7,3.0,0,1,1,2,Guest_1568,Expected
Resort Hotel,0,228,34,23,2,5,2,0.0,0,HB,Online TA,TA/TO,0,0,0,0,0,Transient-Party,185.46,0,2,08,2017-08-23,0,7,2.0,0,1,1,2,Guest_1569,Expected
Resort Hotel,0,41,34,26,2,2,2,0.0,0,HB,Online TA,TA/TO,0,0,0,0,0,Transient,266.0,1,2,08,2017-08-26,0,4,2.0,0,1,1,5,Guest_1570,Expected
Resort Hotel,0,202,34,21,3,6,2,2.0,0,HB,Online TA,TA/TO,0,0,0,1,0,Transient,196.5,1,0,08,2017-08-21,0,9,4.0,0,1,0,0,Guest_1571,Expected
Resort Hotel,0,76,34,23,2,5,1,0.0,0,HB,Online TA,TA/TO,0,0,0,0,0,Transient,231.69,0,1,08,2017-08-23,0,7,1.0,0,1,0,2,Guest_1572,Expected
Resort Hotel,0,163,35,27,2,1,2,2.0,0,BB,Online TA,TA/TO,0,0,0,0,0,Transient,246.0,1,1,08,2017-08-27,0,3,4.0,0,1,1,6,Guest_1573,Expected
Resort Hotel,0,26,34,24,2,4,3,0.0,0,Undefined,Direct,Direct,0,0,0,1,0,Transient,350.75,0,1,08,2017-08-24,0,6,3.0,0,1,0,3,Guest_1574,Expected
Resort Hotel,0,155,34,25,2,3,2,1.0,0,HB,Direct,Direct,0,0,0,0,0,Transient,236.85,0,3,08,2017-08-25,0,5,3.0,0,1,0,4,Guest_1575,Expected
Resort Hotel,0,85,35,27,2,1,2,0.0,0,HB,Online TA,TA/TO,0,0,0,0,0,Transient,236.0,1,2,08,2017-08-27,0,3,2.0,0,1,1,6,Guest_1576,Expected
Resort Hotel,0,40,35,28,1,1,2,1.0,0,BB,Online TA,TA/TO,0,0,0,0,0,Transient,204.16,0,3,08,2017-08-28,0,2,3.0,0,1,1,0,Guest_1577,Expected
Resort Hotel,0,125,35,28,1,1,2,0.0,0,BB,Online TA,TA/TO,0,0,0,0,0,Transient,204.0,0,1,08,2017-08-28,0,2,2.0,0,1,1,0,Guest_1578,Expected
Resort Hotel,0,125,35,28,1,1,2,2.0,0,BB,Online TA,TA/TO,0,0,0,0,0,Transient,228.89,0,1,08,2017-08-28,0,2,4.0,0,1,1,0,Guest_1579,Expected
Resort Hotel,0,106,34,23,2,5,3,0.0,0,HB,Offline TA/TO,TA/TO,0,0,0,0,0,Contract,224.25,0,0,08,2017-08-23,0,7,3.0,0,1,1,2,Guest_1580,Expected
Resort Hotel,0,26,34,25,2,3,2,1.0,1,HB,Direct,Direct,0,0,0,2,0,Transient,292.5,0,2,08,2017-08-25,0,5,4.0,0,1,0,4,Guest_1581,Expected
Resort Hotel,0,28,35,27,2,1,2,0.0,0,BB,Online TA,TA/TO,0,0,0,0,0,Transient,204.0,1,2,08,2017-08-27,0,3,2.0,0,1,1,6,Guest_1582,Expected
Resort Hotel,0,73,34,26,2,2,2,0.0,0,BB,Online TA,TA/TO,0,0,0,0,0,Transient,167.2,0,1,08,2017-08-26,0,4,2.0,0,1,1,5,Guest_1583,Expected
Resort Hotel,0,165,34,20,4,6,2,0.0,0,BB,Online TA,TA/TO,0,0,0,0,0,Transient,172.4,0,1,08,2017-08-20,0,10,2.0,0,1,1,6,Guest_1584,Expected
Resort Hotel,0,268,34,20,4,6,2,2.0,0,HB,Direct,Direct,0,0,0,1,0,Transient,275.4,0,2,08,2017-08-20,0,10,4.0,0,1,1,6,Guest_1585,Expected
Resort Hotel,0,69,35,27,2,1,2,0.0,0,BB,Online TA,TA/TO,0,0,0,0,0,Transient,190.0,0,2,08,2017-08-27,0,3,2.0,0,1,1,6,Guest_1586,Expected
Resort Hotel,0,47,34,23,2,5,3,0.0,0,HB,Offline TA/TO,TA/TO,0,0,0,1,0,Transient,234.18,0,0,08,2017-08-23,1,7,3.0,0,1,1,2,Guest_1587,Expected
Resort Hotel,0,6,35,27,2,1,2,2.0,0,HB,Online TA,TA/TO,0,0,0,0,0,Transient,344.67,0,2,08,2017-08-27,0,3,4.0,0,1,0,6,Guest_1588,Expected
Resort Hotel,0,23,34,23,2,5,2,0.0,0,HB,Offline TA/TO,TA/TO,0,0,0,0,0,Transient,146.5,0,1,08,2017-08-23,0,7,2.0,0,1,1,2,Guest_1589,Expected
Resort Hotel,0,31,34,23,2,5,2,1.0,0,BB,Online TA,TA/TO,0,0,0,0,0,Transient,229.19,0,1,08,2017-08-23,0,7,3.0,0,1,1,2,Guest_1590,Expected
Resort Hotel,0,228,35,30,0,3,2,0.0,0,HB,Direct,Direct,0,0,0,3,0,Transient,28.0,0,1,08,2017-08-30,1,3,2.0,0,1,0,2,Guest_1591,Expected
Resort Hotel,0,64,35,28,1,1,2,0.0,0,BB,Online TA,TA/TO,0,0,0,0,0,Transient,185.0,0,1,08,2017-08-28,1,2,2.0,0,1,0,0,Guest_1592,Expected
Resort Hotel,0,0,35,30,0,0,2,0.0,0,BB,Online TA,TA/TO,1,0,0,0,0,Transient,0.0,0,0,08,2017-08-30,0,0,2.0,1,1,0,2,Guest_1593,Expected
Resort Hotel,0,148,34,24,2,5,2,0.0,0,BB,Offline TA/TO,TA/TO,0,0,0,0,0,Transient,123.5,0,0,08,2017-08-24,1,7,2.0,0,1,1,3,Guest_1594,Expected
Resort Hotel,0,99,34,24,2,5,2,0.0,0,BB,Offline TA/TO,TA/TO,0,0,0,0,0,Contract,135.0,0,1,08,2017-08-24,0,7,2.0,0,1,1,3,Guest_1595,Expected
Resort Hotel,0,176,34,24,2,5,2,0.0,0,BB,Offline TA/TO,TA/TO,0,0,0,0,0,Contract,104.85,0,1,08,2017-08-24,0,7,2.0,0,1,1,3,Guest_1596,Expected
Resort Hotel,0,176,34,24,2,5,2,0.0,0,BB,Offline TA/TO,TA/TO,0,0,0,0,0,Contract,104.85,0,1,08,2017-08-24,0,7,2.0,0,1,1,3,Guest_1597,Expected
Resort Hotel,0,269,34,24,2,5,2,0.0,0,BB,Offline TA/TO,TA/TO,0,0,0,0,0,Contract,123.5,0,2,08,2017-08-24,0,7,2.0,0,1,1,3,Guest_1598,Expected
Resort Hotel,0,3,35,28,1,2,2,0.0,0,HB,Online TA,TA/TO,0,0,0,0,0,Transient,235.8,0,2,08,2017-08-28,0,3,2.0,0,1,1,0,Guest_1599,Expected
Resort Hotel,0,112,34,24,2,5,2,0.0,0,HB,Offline TA/TO,TA/TO,0,0,0,0,0,Contract,146.5,0,3,08,2017-08-24,0,7,2.0,0,1,1,3,Guest_1600,Expected
Resort Hotel,0,112,34,24,2,5,1,0.0,0,HB,Offline TA/TO,TA/TO,0,0,0,0,0,Contract,131.5,0,2,08,2017-08-24,0,7,1.0,0,1,1,3,Guest_1601,Expected
Resort Hotel,0,14,34,24,2,5,2,0.0,0,BB,Offline TA/TO,TA/TO,0,0,0,0,0,Contract,135.0,0,2,08,2017-08-24,0,7,2.0,0,1,1,3,Guest_1602,Expected
Resort Hotel,0,14,34,24,2,5,2,0.0,0,BB,Offline TA/TO,TA/TO,0,0,0,0,0,Group,135.0,0,0,08,2017-08-24,0,7,2.0,0,1,1,3,Guest_1603,Expected
Resort Hotel,0,172,34,24,2,5,2,0.0,0,BB,Direct,Direct,0,0,0,0,0,Transient,205.0,0,2,08,2017-08-24,0,7,2.0,0,1,1,3,Guest_1604,Expected
Resort Hotel,0,0,35,30,0,1,2,0.0,0,BB,Direct,Direct,0,0,0,0,0,Transient,175.0,0,1,08,2017-08-30,0,1,2.0,0,1,0,2,Guest_1605,Expected
Resort Hotel,0,8,35,30,0,1,1,0.0,0,BB,Offline TA/TO,TA/TO,0,0,0,0,0,Transient,166.5,0,0,08,2017-08-30,1,1,1.0,0,1,1,2,Guest_1606,Expected
Resort Hotel,0,308,34,24,2,5,1,0.0,0,HB,Offline TA/TO,TA/TO,0,0,0,0,0,Transient,125.3,0,1,08,2017-08-24,0,7,1.0,0,1,1,3,Guest_1607,Expected
Resort Hotel,0,308,34,24,2,5,1,0.0,0,HB,Offline TA/TO,TA/TO,0,0,0,0,0,Group,125.3,0,1,08,2017-08-24,0,7,1.0,0,1,1,3,Guest_1608,Expected
Resort Hotel,0,407,34,24,2,5,2,0.0,0,BB,Offline TA/TO,TA/TO,0,0,0,0,0,Contract,121.5,0,2,08,2017-08-24,0,7,2.0,0,1,1,3,Guest_1609,Expected
Resort Hotel,0,407,34,24,2,5,2,0.0,0,BB,Offline TA/TO,TA/TO,0,0,0,0,0,Contract,121.5,0,2,08,2017-08-24,0,7,2.0,0,1,1,3,Guest_1610,Expected
Resort Hotel,0,81,35,27,2,2,2,2.0,0,Undefined,Direct,Direct,0,0,0,0,0,Transient,351.0,1,2,08,2017-08-27,0,4,4.0,0,0,0,6,Guest_1611,Expected
Resort Hotel,0,155,34,24,2,5,3,0.0,0,HB,Online TA,TA/TO,0,0,0,0,0,Transient,208.03,1,1,08,2017-08-24,0,7,3.0,0,1,0,3,Guest_1612,Expected
Resort Hotel,0,162,34,24,2,5,2,0.0,0,HB,Offline TA/TO,TA/TO,0,0,0,0,0,Transient,152.43,1,2,08,2017-08-24,0,7,2.0,0,1,0,3,Guest_1613,Expected
Resort Hotel,0,211,34,22,2,7,2,0.0,0,BB,Direct,Direct,0,0,0,0,0,Transient,124.54,0,1,08,2017-08-22,0,9,2.0,0,1,1,1,Guest_1614,Expected
Resort Hotel,0,191,34,24,2,5,2,1.0,0,Undefined,Offline TA/TO,TA/TO,0,0,0,1,0,Transient,169.98,1,2,08,2017-08-24,1,7,3.0,0,1,0,3,Guest_1615,Expected
Resort Hotel,0,29,35,31,0,1,2,1.0,0,Undefined,Offline TA/TO,TA/TO,0,0,0,1,0,Group,204.0,1,2,08,2017-08-31,0,1,3.0,0,1,0,3,Guest_1616,Expected
Resort Hotel,0,155,34,24,2,5,2,1.0,0,FB,Online TA,TA/TO,0,0,0,3,0,Transient,220.53,1,3,08,2017-08-24,0,7,3.0,0,1,0,3,Guest_1617,Expected
Resort Hotel,0,162,34,24,2,5,2,1.0,0,FB,Offline TA/TO,TA/TO,0,0,0,0,0,Transient,173.0,0,1,08,2017-08-24,0,7,3.0,0,1,0,3,Guest_1618,Expected
Resort Hotel,0,0,35,30,0,1,2,2.0,0,BB,Direct,Direct,0,0,0,0,0,Transient,210.0,0,0,08,2017-08-30,0,1,4.0,0,0,0,2,Guest_1619,Expected
Resort Hotel,0,34,34,24,2,5,2,0.0,0,BB,Direct,Direct,0,0,0,0,0,Transient,256.0,1,3,08,2017-08-24,0,7,2.0,0,0,0,3,Guest_1620,Expected
Resort Hotel,0,59,34,26,2,3,2,0.0,0,HB,Online TA,TA/TO,0,0,0,0,0,Transient,230.0,0,4,08,2017-08-26,0,5,2.0,0,1,1,5,Guest_1621,Expected
Resort Hotel,0,7,34,25,2,4,2,0.0,0,HB,Online TA,TA/TO,0,0,0,0,0,Transient,190.27,0,1,08,2017-08-25,0,6,2.0,0,1,0,4,Guest_1622,Expected
Resort Hotel,0,28,35,28,1,2,2,0.0,0,HB,Online TA,TA/TO,0,0,0,0,0,Transient-Party,276.0,1,2,08,2017-08-28,0,3,2.0,0,1,1,0,Guest_1623,Expected
Resort Hotel,0,4,35,27,2,2,2,0.0,0,BB,Direct,Direct,0,0,0,0,0,Transient,210.0,0,2,08,2017-08-27,0,4,2.0,0,1,0,6,Guest_1624,Expected
Resort Hotel,0,123,35,27,2,2,2,0.0,0,BB,Offline TA/TO,TA/TO,0,0,0,0,0,Transient,118.5,0,0,08,2017-08-27,0,4,2.0,0,1,0,6,Guest_1625,Expected
Resort Hotel,0,185,35,27,2,2,2,0.0,0,BB,Offline TA/TO,TA/TO,0,0,0,0,0,Transient,116.5,0,2,08,2017-08-27,0,4,2.0,0,1,1,6,Guest_1626,Expected
Resort Hotel,0,229,35,27,2,2,2,0.0,0,BB,Offline TA/TO,TA/TO,0,0,0,0,0,Transient,104.85,0,0,08,2017-08-27,1,4,2.0,0,1,1,6,Guest_1627,Expected
Resort Hotel,0,26,35,27,2,2,1,0.0,0,BB,Online TA,TA/TO,0,0,0,0,0,Transient,197.0,0,3,08,2017-08-27,0,4,1.0,0,1,1,6,Guest_1628,Expected
Resort Hotel,0,12,34,26,2,3,3,0.0,0,HB,Direct,Direct,0,0,0,4,0,Transient,295.0,0,1,08,2017-08-26,0,5,3.0,0,1,0,5,Guest_1629,Expected
Resort Hotel,0,66,34,24,2,5,3,0.0,0,FB,Online TA,TA/TO,0,0,0,0,0,Transient,276.46,0,0,08,2017-08-24,0,7,3.0,0,1,0,3,Guest_1630,Expected
Resort Hotel,0,56,35,27,2,2,2,0.0,0,HB,Online TA,TA/TO,0,0,0,0,0,Transient-Party,242.0,0,3,08,2017-08-27,0,4,2.0,0,1,1,6,Guest_1631,Expected
Resort Hotel,0,56,35,27,2,2,2,0.0,0,HB,Online TA,TA/TO,0,0,0,0,0,Transient-Party,222.0,0,3,08,2017-08-27,0,4,2.0,0,1,1,6,Guest_1632,Expected
Resort Hotel,0,56,35,27,2,2,2,0.0,0,HB,Online TA,TA/TO,0,0,0,0,0,Transient-Party,262.0,0,3,08,2017-08-27,1,4,2.0,0,1,1,6,Guest_1633,Expected
Resort Hotel,0,56,35,27,2,2,2,0.0,0,HB,Online TA,TA/TO,0,0,0,0,0,Transient-Party,222.0,0,3,08,2017-08-27,0,4,2.0,0,1,1,6,Guest_1634,Expected
Resort Hotel,0,5,35,30,0,1,2,0.0,0,BB,Online TA,TA/TO,0,0,0,0,0,Transient,171.0,0,1,08,2017-08-30,0,1,2.0,0,1,1,2,Guest_1635,Expected
Resort Hotel,0,10,35,31,0,2,2,0.0,0,BB,Online TA,TA/TO,0,0,0,0,0,Transient,175.0,0,2,08,2017-08-31,0,2,2.0,0,1,1,3,Guest_1636,Expected
Resort Hotel,0,59,34,26,2,3,2,0.0,0,HB,Online TA,TA/TO,0,0,0,0,0,Transient,230.0,0,4,08,2017-08-26,0,5,2.0,0,1,1,5,Guest_1637,Expected
Resort Hotel,0,28,35,28,1,2,2,0.0,0,HB,Online TA,TA/TO,0,0,0,0,0,Transient-Party,262.0,0,2,08,2017-08-28,0,3,2.0,0,1,0,0,Guest_1638,Expected
Resort Hotel,0,34,34,24,2,5,2,0.0,0,BB,Direct,Direct,0,0,0,0,0,Transient,256.0,0,3,08,2017-08-24,0,7,2.0,0,0,0,3,Guest_1639,Expected
Resort Hotel,0,56,35,28,1,2,2,0.0,0,HB,Online TA,TA/TO,0,0,0,0,0,Transient,191.6,1,0,08,2017-08-28,0,3,2.0,0,1,1,0,Guest_1640,Expected
Resort Hotel,0,0,35,30,0,2,1,0.0,0,BB,Online TA,TA/TO,0,0,0,1,0,Transient,104.55,0,0,08,2017-08-30,0,2,1.0,0,1,1,2,Guest_1641,Expected
Resort Hotel,0,169,34,25,2,5,2,0.0,0,BB,Offline TA/TO,TA/TO,0,0,0,0,0,Contract,123.5,0,0,08,2017-08-25,0,7,2.0,0,1,1,4,Guest_1642,Expected
Resort Hotel,0,23,35,31,0,1,2,0.0,0,BB,Online TA,TA/TO,0,0,0,0,0,Transient,217.0,0,2,08,2017-08-31,1,1,2.0,0,1,1,3,Guest_1643,Expected
Resort Hotel,0,238,34,25,2,5,2,0.0,0,HB,Online TA,TA/TO,0,0,0,1,0,Transient,134.1,0,0,08,2017-08-25,0,7,2.0,0,1,0,4,Guest_1644,Expected
Resort Hotel,0,172,34,25,2,5,2,0.0,0,FB,Online TA,TA/TO,0,0,0,2,0,Transient,202.0,0,0,08,2017-08-25,0,7,2.0,0,1,0,4,Guest_1645,Expected
Resort Hotel,0,3,35,30,0,2,1,0.0,0,BB,Direct,Direct,0,0,0,0,0,Transient,217.0,0,1,08,2017-08-30,1,2,1.0,0,0,0,2,Guest_1646,Expected
Resort Hotel,0,8,35,30,0,2,2,0.0,0,Undefined,Direct,Direct,0,0,0,1,0,Transient,266.06,1,0,08,2017-08-30,0,2,2.0,0,1,0,2,Guest_1647,Expected
Resort Hotel,0,19,35,30,0,2,1,0.0,0,BB,Online TA,TA/TO,0,0,0,0,0,Transient,153.0,0,1,08,2017-08-30,1,2,1.0,0,1,1,2,Guest_1648,Expected
Resort Hotel,0,19,35,30,0,2,2,0.0,0,BB,Online TA,TA/TO,0,0,0,0,0,Transient,139.0,0,1,08,2017-08-30,1,2,2.0,0,1,1,2,Guest_1649,Expected
Resort Hotel,0,21,35,30,0,2,2,1.0,0,BB,Online TA,TA/TO,0,0,0,1,0,Transient,186.0,0,2,08,2017-08-30,1,2,3.0,0,1,1,2,Guest_1650,Expected
Resort Hotel,0,4,34,25,2,5,2,1.0,0,HB,Online TA,TA/TO,0,0,0,0,0,Transient,219.03,0,1,08,2017-08-25,0,7,3.0,0,1,0,4,Guest_1651,Expected
Resort Hotel,0,50,34,22,2,8,2,0.0,0,BB,Direct,Direct,0,0,0,0,0,Transient,241.75,1,1,08,2017-08-22,1,10,2.0,0,1,1,1,Guest_1652,Expected
Resort Hotel,0,108,34,22,2,8,2,0.0,0,BB,Offline TA/TO,TA/TO,0,0,0,0,0,Transient,208.28,0,0,08,2017-08-22,0,10,2.0,0,1,1,1,Guest_1653,Expected
Resort Hotel,0,190,34,22,2,8,2,0.0,0,BB,Online TA,TA/TO,0,0,0,2,0,Transient,207.4,0,1,08,2017-08-22,0,10,2.0,0,1,1,1,Guest_1654,Expected
Resort Hotel,0,31,35,28,1,3,2,0.0,0,BB,Online TA,TA/TO,0,0,0,0,0,Transient,196.75,1,2,08,2017-08-28,0,4,2.0,0,1,1,0,Guest_1655,Expected
Resort Hotel,0,1,35,28,1,3,2,0.0,0,BB,Online TA,TA/TO,0,0,0,1,0,Transient,212.5,0,3,08,2017-08-28,0,4,2.0,0,1,1,0,Guest_1656,Expected
Resort Hotel,0,3,34,26,2,4,3,0.0,0,BB,Direct,Direct,0,0,0,1,0,Transient,252.57,1,2,08,2017-08-26,0,6,3.0,0,1,0,5,Guest_1657,Expected
Resort Hotel,0,43,35,30,0,2,2,0.0,0,BB,Direct,Direct,0,0,0,2,0,Transient,177.75,0,1,08,2017-08-30,0,2,2.0,0,1,1,2,Guest_1658,Expected
Resort Hotel,0,82,35,29,0,3,2,0.0,0,BB,Online TA,TA/TO,0,0,0,1,0,Transient,230.0,0,3,08,2017-08-29,0,3,2.0,0,1,1,1,Guest_1659,Expected
Resort Hotel,0,42,34,23,2,7,2,0.0,0,BB,Online TA,TA/TO,0,0,0,0,0,Transient,205.18,0,0,08,2017-08-23,0,9,2.0,0,1,1,2,Guest_1660,Expected
Resort Hotel,0,128,34,25,2,5,2,2.0,0,BB,Online TA,TA/TO,0,0,0,0,0,Transient,308.57,0,2,08,2017-08-25,0,7,4.0,0,1,1,4,Guest_1661,Expected
Resort Hotel,0,37,34,26,2,4,2,0.0,0,HB,Direct,Direct,0,0,0,1,0,Transient,277.67,1,1,08,2017-08-26,0,6,2.0,0,1,1,5,Guest_1662,Expected
Resort Hotel,0,21,34,25,2,5,2,1.0,0,BB,Online TA,TA/TO,0,0,0,3,0,Transient,277.71,1,3,08,2017-08-25,0,7,3.0,0,1,1,4,Guest_1663,Expected
Resort Hotel,0,74,35,28,1,4,2,0.0,0,BB,Online TA,TA/TO,0,0,0,0,0,Transient,199.4,1,2,08,2017-08-28,0,5,2.0,0,1,1,0,Guest_1664,Expected
Resort Hotel,0,222,34,24,2,7,2,0.0,0,BB,Offline TA/TO,TA/TO,0,0,0,0,0,Contract,106.64,0,1,08,2017-08-24,0,9,2.0,0,1,1,3,Guest_1665,Expected
Resort Hotel,0,5,34,26,2,5,2,2.0,0,HB,Online TA,TA/TO,0,0,0,0,0,Transient,336.57,1,2,08,2017-08-26,0,7,4.0,0,1,1,5,Guest_1666,Expected
Resort Hotel,0,5,35,28,1,4,2,0.0,0,BB,Online TA,TA/TO,0,0,0,0,0,Transient,218.0,0,2,08,2017-08-28,0,5,2.0,0,1,1,0,Guest_1667,Expected
Resort Hotel,0,142,34,26,2,5,2,2.0,0,HB,Online TA,TA/TO,0,0,0,0,0,Transient,289.86,0,2,08,2017-08-26,0,7,4.0,0,1,0,5,Guest_1668,Expected
Resort Hotel,0,162,33,19,4,10,2,0.0,0,BB,Offline TA/TO,TA/TO,0,0,0,0,0,Contract,135.0,0,0,08,2017-08-19,0,14,2.0,0,1,1,5,Guest_1669,Expected
Resort Hotel,0,142,34,26,2,5,2,0.0,0,HB,Offline TA/TO,TA/TO,0,0,0,0,0,Transient,169.0,0,0,08,2017-08-26,0,7,2.0,0,1,0,5,Guest_1670,Expected
Resort Hotel,0,277,34,26,2,5,2,0.0,0,HB,Direct,Direct,0,0,0,0,0,Transient,182.06,0,2,08,2017-08-26,0,7,2.0,0,0,0,5,Guest_1671,Expected
Resort Hotel,0,0,35,31,0,2,4,0.0,0,BB,Direct,Direct,0,0,0,0,0,Transient,244.0,1,0,08,2017-08-31,0,2,4.0,0,1,1,3,Guest_1672,Expected
Resort Hotel,0,115,35,28,1,4,2,0.0,0,FB,Offline TA/TO,TA/TO,0,0,0,3,0,Transient,207.0,1,1,08,2017-08-28,0,5,2.0,0,1,0,0,Guest_1673,Expected
Resort Hotel,0,115,35,28,1,4,2,0.0,0,FB,Offline TA/TO,TA/TO,0,0,0,1,0,Transient,191.0,0,1,08,2017-08-28,0,5,2.0,0,1,0,0,Guest_1674,Expected
Resort Hotel,0,75,35,30,0,3,2,0.0,0,BB,Offline TA/TO,TA/TO,0,0,0,0,0,Transient,160.33,1,0,08,2017-08-30,0,3,2.0,0,1,1,2,Guest_1675,Expected
Resort Hotel,0,30,35,31,0,2,2,0.0,0,BB,Online TA,TA/TO,0,0,0,0,0,Transient,142.0,0,4,08,2017-08-31,0,2,2.0,0,1,1,3,Guest_1676,Expected
Resort Hotel,0,236,34,26,2,5,2,0.0,1,BB,Direct,Direct,0,0,0,1,0,Transient,124.54,0,2,08,2017-08-26,1,7,3.0,0,1,0,5,Guest_1677,Expected
Resort Hotel,0,30,35,31,0,2,1,0.0,0,BB,Online TA,TA/TO,0,0,0,1,0,Transient,191.0,1,3,08,2017-08-31,0,2,1.0,0,1,1,3,Guest_1678,Expected
Resort Hotel,0,0,35,28,1,4,2,0.0,0,BB,Online TA,TA/TO,0,0,0,1,0,Transient,192.8,0,1,08,2017-08-28,0,5,2.0,0,1,0,0,Guest_1679,Expected
Resort Hotel,0,30,35,29,0,4,2,0.0,0,BB,Online TA,TA/TO,0,0,0,0,0,Transient,196.5,1,2,08,2017-08-29,0,4,2.0,0,1,1,1,Guest_1680,Expected
Resort Hotel,0,128,35,28,1,4,2,0.0,0,HB,Online TA,TA/TO,0,0,0,0,0,Transient,237.0,0,2,08,2017-08-28,0,5,2.0,0,1,1,0,Guest_1681,Expected
Resort Hotel,0,184,34,26,2,5,2,0.0,1,BB,Offline TA/TO,TA/TO,0,0,0,0,0,Transient,123.0,1,3,08,2017-08-26,0,7,3.0,0,1,0,5,Guest_1682,Expected
Resort Hotel,0,184,34,26,2,5,2,1.0,0,BB,Offline TA/TO,TA/TO,0,0,0,0,0,Transient,153.75,1,3,08,2017-08-26,0,7,3.0,0,1,0,5,Guest_1683,Expected
Resort Hotel,0,37,35,28,1,4,2,2.0,0,HB,Online TA,TA/TO,0,0,0,1,0,Transient,298.0,1,3,08,2017-08-28,0,5,4.0,0,1,1,0,Guest_1684,Expected
Resort Hotel,0,10,34,26,2,5,2,0.0,0,BB,Online TA,TA/TO,0,0,0,0,0,Transient,176.86,1,1,08,2017-08-26,0,7,2.0,0,1,1,5,Guest_1685,Expected
Resort Hotel,0,45,35,31,0,2,2,0.0,0,BB,Online TA,TA/TO,0,0,0,0,0,Transient,214.0,0,2,08,2017-08-31,0,2,2.0,0,1,1,3,Guest_1686,Expected
Resort Hotel,0,59,35,27,2,4,2,0.0,0,BB,Online TA,TA/TO,0,0,0,0,0,Transient,168.0,0,0,08,2017-08-27,0,6,2.0,0,1,1,6,Guest_1687,Expected
Resort Hotel,0,50,35,28,1,4,2,0.0,0,HB,Online TA,TA/TO,0,0,0,0,0,Transient,174.4,0,1,08,2017-08-28,0,5,2.0,0,1,0,0,Guest_1688,Expected
Resort Hotel,0,217,35,29,0,4,3,0.0,0,BB,Offline TA/TO,TA/TO,0,0,0,2,0,Transient,141.55,0,1,08,2017-08-29,0,4,3.0,0,1,1,1,Guest_1689,Expected
Resort Hotel,0,217,35,29,0,4,2,0.0,0,BB,Offline TA/TO,TA/TO,0,0,0,2,0,Transient,106.35,0,1,08,2017-08-29,0,4,2.0,0,1,1,1,Guest_1690,Expected
Resort Hotel,0,40,35,31,0,2,2,0.0,0,BB,Online TA,TA/TO,0,0,0,0,0,Transient,180.0,0,3,08,2017-08-31,0,2,2.0,0,1,1,3,Guest_1691,Expected
Resort Hotel,0,142,34,26,2,5,2,0.0,0,HB,Offline TA/TO,TA/TO,0,0,0,0,0,Transient,169.0,0,0,08,2017-08-26,0,7,2.0,0,1,0,5,Guest_1692,Expected
Resort Hotel,0,6,35,29,0,4,2,0.0,0,BB,Online TA,TA/TO,0,0,0,0,0,Transient,149.45,0,0,08,2017-08-29,1,4,2.0,0,1,1,1,Guest_1693,Expected
Resort Hotel,0,1,35,31,0,2,2,0.0,0,BB,Direct,Direct,0,0,0,0,0,Transient,184.0,1,0,08,2017-08-31,0,2,2.0,0,1,1,3,Guest_1694,Expected
Resort Hotel,0,26,34,26,2,5,2,0.0,0,HB,Offline TA/TO,TA/TO,0,0,0,0,0,Transient,166.71,0,0,08,2017-08-26,0,7,2.0,0,1,1,5,Guest_1695,Expected
Resort Hotel,0,140,35,28,1,4,2,2.0,0,BB,Online TA,TA/TO,0,0,0,0,0,Transient,225.2,1,0,08,2017-08-28,1,5,4.0,0,1,0,0,Guest_1696,Expected
Resort Hotel,0,81,35,27,2,5,2,0.0,0,BB,Offline TA/TO,TA/TO,0,0,0,0,0,Group,135.0,0,0,08,2017-08-27,0,7,2.0,0,1,1,6,Guest_1697,Expected
Resort Hotel,0,63,35,28,1,5,2,0.0,0,BB,Offline TA/TO,TA/TO,0,0,0,0,0,Contract,118.5,0,1,08,2017-08-28,0,6,2.0,0,1,1,0,Guest_1698,Expected
Resort Hotel,0,38,35,27,2,5,1,2.0,0,BB,Online TA,TA/TO,0,0,0,1,0,Transient,284.29,0,1,08,2017-08-27,0,7,3.0,0,1,1,6,Guest_1699,Expected
Resort Hotel,0,151,35,27,2,5,2,0.0,0,FB,Offline TA/TO,TA/TO,0,0,0,0,0,Transient,171.5,0,0,08,2017-08-27,0,7,2.0,0,1,0,6,Guest_1700,Expected
Resort Hotel,0,178,35,27,2,5,3,1.0,0,FB,Online TA,TA/TO,0,0,0,2,0,Transient,383.0,1,3,08,2017-08-27,0,7,4.0,0,1,0,6,Guest_1701,Expected
Resort Hotel,0,95,35,27,2,5,2,0.0,0,BB,Online TA,TA/TO,0,0,0,4,0,Transient,184.29,1,2,08,2017-08-27,0,7,2.0,0,1,0,6,Guest_1702,Expected
Resort Hotel,0,2,35,31,0,3,2,0.0,0,Undefined,Direct,Direct,0,0,0,2,0,Transient,245.33,0,2,08,2017-08-31,1,3,2.0,0,1,0,3,Guest_1703,Expected
Resort Hotel,0,202,35,27,2,5,2,0.0,0,BB,Online TA,TA/TO,0,0,0,0,0,Transient,118.75,0,1,08,2017-08-27,0,7,2.0,0,1,1,6,Guest_1704,Expected
Resort Hotel,0,51,35,28,1,5,2,0.0,0,BB,Online TA,TA/TO,0,0,0,3,0,Transient,161.33,1,1,08,2017-08-28,0,6,2.0,0,1,0,0,Guest_1705,Expected
Resort Hotel,0,202,35,27,2,5,2,0.0,0,BB,Online TA,TA/TO,0,0,0,0,0,Transient,118.75,0,1,08,2017-08-27,0,7,2.0,0,1,1,6,Guest_1706,Expected
Resort Hotel,0,46,35,31,0,3,2,0.0,0,BB,Online TA,TA/TO,0,0,0,0,0,Transient,127.2,0,1,08,2017-08-31,0,3,2.0,0,1,1,3,Guest_1707,Expected
Resort Hotel,0,126,35,29,0,5,2,0.0,0,BB,Direct,Direct,0,0,0,2,0,Transient,240.6,1,1,08,2017-08-29,0,5,2.0,0,1,1,1,Guest_1708,Expected
Resort Hotel,0,171,35,27,2,5,2,0.0,0,BB,Offline TA/TO,TA/TO,0,0,0,0,0,Transient,131.4,1,0,08,2017-08-27,0,7,2.0,0,1,0,6,Guest_1709,Expected
Resort Hotel,0,171,35,27,2,5,2,0.0,0,BB,Offline TA/TO,TA/TO,0,0,0,0,0,Transient,121.5,0,0,08,2017-08-27,0,7,2.0,0,1,0,6,Guest_1710,Expected
Resort Hotel,0,2,35,31,0,3,2,0.0,0,BB,Direct,Direct,0,0,0,0,0,Transient-Party,174.0,1,0,08,2017-08-31,1,3,2.0,0,0,0,3,Guest_1711,Expected
Resort Hotel,0,2,35,31,0,3,2,2.0,0,BB,Direct,Direct,0,0,0,0,0,Transient-Party,200.0,0,2,08,2017-08-31,0,3,4.0,0,0,0,3,Guest_1712,Expected
Resort Hotel,0,3,35,31,0,3,2,0.0,0,HB,Online TA,TA/TO,0,0,0,0,0,Transient,261.0,1,2,08,2017-08-31,0,3,2.0,0,1,1,3,Guest_1713,Expected
Resort Hotel,0,95,35,28,1,5,2,1.0,0,BB,Offline TA/TO,TA/TO,0,0,0,3,0,Transient,176.25,0,1,08,2017-08-28,1,6,3.0,0,1,1,0,Guest_1714,Expected
Resort Hotel,0,17,35,31,0,3,2,0.0,0,HB,Online TA,TA/TO,0,0,0,0,0,Transient-Party,207.0,0,3,08,2017-08-31,0,3,2.0,0,1,1,3,Guest_1715,Expected
Resort Hotel,0,17,35,31,0,3,2,0.0,0,HB,Online TA,TA/TO,0,0,0,0,0,Transient-Party,221.0,0,3,08,2017-08-31,0,3,2.0,0,1,1,3,Guest_1716,Expected
Resort Hotel,0,193,35,28,1,5,2,0.0,0,BB,Direct,Direct,0,0,0,0,0,Transient,205.7,1,2,08,2017-08-28,1,6,2.0,0,1,0,0,Guest_1717,Expected
Resort Hotel,0,15,35,30,0,4,3,0.0,0,HB,Online TA,TA/TO,0,0,0,1,0,Transient,257.75,1,3,08,2017-08-30,0,4,3.0,0,1,0,2,Guest_1718,Expected
Resort Hotel,0,15,35,30,0,4,2,0.0,0,HB,Online TA,TA/TO,0,0,0,0,0,Transient,210.75,0,3,08,2017-08-30,0,4,2.0,0,1,0,2,Guest_1719,Expected
Resort Hotel,0,111,35,27,2,5,2,0.0,0,BB,Offline TA/TO,TA/TO,0,0,0,0,0,Contract,148.0,0,0,08,2017-08-27,0,7,2.0,0,1,1,6,Guest_1720,Expected
Resort Hotel,0,97,35,27,2,5,2,0.0,0,BB,Offline TA/TO,TA/TO,0,0,0,0,0,Contract,118.5,0,1,08,2017-08-27,0,7,2.0,0,1,1,6,Guest_1721,Expected
Resort Hotel,0,97,35,27,2,5,2,0.0,0,BB,Offline TA/TO,TA/TO,0,0,0,0,0,Contract,118.5,0,1,08,2017-08-27,0,7,2.0,0,1,1,6,Guest_1722,Expected
Resort Hotel,0,13,35,28,1,5,2,1.0,0,HB,Online TA,TA/TO,0,0,0,0,0,Transient,250.2,1,3,08,2017-08-28,0,6,3.0,0,1,1,0,Guest_1723,Expected
Resort Hotel,0,18,35,28,1,5,2,0.0,0,BB,Offline TA/TO,TA/TO,0,0,0,0,0,Group,135.0,0,2,08,2017-08-28,0,6,2.0,0,1,1,0,Guest_1724,Expected
Resort Hotel,0,43,35,30,0,4,2,0.0,1,HB,Online TA,TA/TO,0,0,0,0,0,Transient,169.6,0,0,08,2017-08-30,1,4,3.0,0,1,0,2,Guest_1725,Expected
Resort Hotel,0,19,35,31,0,3,2,0.0,0,HB,Online TA,TA/TO,0,0,0,0,0,Transient,165.6,0,0,08,2017-08-31,0,3,2.0,0,1,1,3,Guest_1726,Expected
Resort Hotel,0,9,35,28,1,5,2,2.0,0,BB,Online TA,TA/TO,0,0,0,0,0,Transient,232.5,0,2,08,2017-08-28,0,6,4.0,0,1,1,0,Guest_1727,Expected
Resort Hotel,0,161,34,23,3,9,2,0.0,0,HB,Offline TA/TO,TA/TO,0,0,0,0,0,Transient,158.6,0,1,08,2017-08-23,0,12,2.0,0,1,1,2,Guest_1728,Expected
Resort Hotel,0,61,35,28,2,5,2,0.0,0,BB,Offline TA/TO,TA/TO,0,0,0,0,0,Transient,137.0,0,2,08,2017-08-28,0,7,2.0,0,1,1,0,Guest_1729,Expected
Resort Hotel,0,34,35,28,2,5,2,0.0,0,BB,Offline TA/TO,TA/TO,0,0,0,0,0,Contract,137.0,0,0,08,2017-08-28,0,7,2.0,0,1,1,0,Guest_1730,Expected
Resort Hotel,0,7,35,30,1,4,2,0.0,0,BB,Online TA,TA/TO,0,0,0,0,0,Transient,192.0,1,1,08,2017-08-30,0,5,2.0,0,1,1,2,Guest_1731,Expected
Resort Hotel,0,42,35,28,2,5,2,0.0,0,BB,Offline TA/TO,TA/TO,0,0,0,0,0,Contract,118.5,0,0,08,2017-08-28,0,7,2.0,0,1,1,0,Guest_1732,Expected
Resort Hotel,0,153,35,28,2,5,2,1.0,0,HB,Direct,Direct,0,0,0,0,0,Transient,230.43,0,3,08,2017-08-28,0,7,3.0,0,0,0,0,Guest_1733,Expected
Resort Hotel,0,153,35,28,2,5,2,1.0,0,HB,Direct,Direct,0,0,0,0,0,Transient,230.43,0,3,08,2017-08-28,0,7,3.0,0,0,0,0,Guest_1734,Expected
Resort Hotel,0,153,35,28,2,5,2,0.0,0,HB,Direct,Direct,0,0,0,0,0,Transient,204.93,0,3,08,2017-08-28,0,7,2.0,0,0,0,0,Guest_1735,Expected
Resort Hotel,0,6,35,31,1,3,2,1.0,0,BB,Direct,Direct,0,0,0,0,0,Transient,207.5,0,1,08,2017-08-31,0,4,3.0,0,1,0,3,Guest_1736,Expected
Resort Hotel,0,73,35,28,2,5,2,0.0,0,HB,Online TA,TA/TO,0,0,0,1,0,Transient,221.41,0,0,08,2017-08-28,0,7,2.0,0,1,1,0,Guest_1737,Expected
Resort Hotel,0,27,35,28,2,5,2,0.0,0,BB,Direct,Direct,0,0,0,0,0,Transient,234.29,0,1,08,2017-08-28,0,7,2.0,0,1,1,0,Guest_1738,Expected
Resort Hotel,0,34,35,29,2,5,2,0.0,0,HB,Offline TA/TO,TA/TO,0,0,0,0,0,Transient,165.0,0,0,08,2017-08-29,0,7,2.0,0,1,1,1,Guest_1739,Expected
Resort Hotel,0,137,34,26,4,6,2,0.0,0,BB,Offline TA/TO,TA/TO,0,0,0,0,0,Contract,118.5,0,0,08,2017-08-26,0,10,2.0,0,1,1,5,Guest_1740,Expected
Resort Hotel,0,19,35,29,2,5,2,0.0,0,BB,Offline TA/TO,TA/TO,0,0,0,0,0,Transient,135.0,0,2,08,2017-08-29,0,7,2.0,0,1,1,1,Guest_1741,Expected
Resort Hotel,0,229,35,27,4,5,2,0.0,0,BB,Offline TA/TO,TA/TO,0,0,0,0,0,Transient,131.4,0,0,08,2017-08-27,0,9,2.0,0,1,1,6,Guest_1742,Expected
Resort Hotel,0,97,35,27,4,5,2,0.0,0,BB,Offline TA/TO,TA/TO,0,0,0,0,0,Transient,156.0,0,0,08,2017-08-27,0,9,2.0,0,1,1,6,Guest_1743,Expected
Resort Hotel,0,51,35,31,2,3,2,0.0,0,BB,Offline TA/TO,TA/TO,0,0,0,0,0,Contract,116.5,0,0,08,2017-08-31,0,5,2.0,0,1,1,3,Guest_1744,Expected
Resort Hotel,0,64,35,31,2,3,2,0.0,0,BB,Online TA,TA/TO,0,0,0,0,0,Transient,187.19,0,1,08,2017-08-31,0,5,2.0,0,1,1,3,Guest_1745,Expected
Resort Hotel,0,6,35,29,2,5,2,0.0,0,BB,Online TA,TA/TO,0,0,0,0,0,Transient,130.23,0,1,08,2017-08-29,0,7,2.0,0,1,1,1,Guest_1746,Expected
Resort Hotel,0,117,35,29,2,5,2,0.0,0,BB,Offline TA/TO,TA/TO,0,0,0,0,0,Transient,152.43,1,0,08,2017-08-29,0,7,2.0,0,1,1,1,Guest_1747,Expected
Resort Hotel,0,33,35,31,2,3,2,0.0,0,BB,Online TA,TA/TO,0,0,0,0,0,Transient,154.0,0,1,08,2017-08-31,0,5,2.0,0,1,0,3,Guest_1748,Expected
Resort Hotel,0,292,35,28,3,5,2,0.0,0,HB,Offline TA/TO,TA/TO,0,0,0,5,0,Transient-Party,166.6,0,1,08,2017-08-28,0,8,2.0,0,1,1,0,Guest_1749,Expected
Resort Hotel,0,21,35,28,3,5,1,0.0,0,HB,Offline TA/TO,TA/TO,0,0,0,3,0,Transient-Party,137.0,0,2,08,2017-08-28,0,8,1.0,0,1,1,0,Guest_1750,Expected
Resort Hotel,0,293,35,29,2,5,2,0.0,0,HB,Offline TA/TO,TA/TO,0,0,0,5,0,Transient-Party,166.6,0,1,08,2017-08-29,0,7,2.0,0,1,1,1,Guest_1751,Expected
Resort Hotel,0,30,35,31,2,3,2,0.0,0,HB,Online TA,TA/TO,0,0,0,0,0,Transient,149.45,0,1,08,2017-08-31,0,5,2.0,0,1,1,3,Guest_1752,Expected
Resort Hotel,0,48,35,29,2,5,2,1.0,0,BB,Online TA,TA/TO,0,0,0,0,0,Transient,178.58,0,1,08,2017-08-29,0,7,3.0,0,1,1,1,Guest_1753,Expected
Resort Hotel,0,137,34,26,4,6,2,0.0,0,BB,Offline TA/TO,TA/TO,0,0,0,0,0,Contract,118.5,0,1,08,2017-08-26,0,10,2.0,0,1,1,5,Guest_1754,Expected
Resort Hotel,0,0,35,29,2,5,2,0.0,0,BB,Online TA,TA/TO,0,0,0,0,0,Transient,186.43,1,2,08,2017-08-29,0,7,2.0,0,1,0,1,Guest_1755,Expected
Resort Hotel,0,30,35,29,2,5,2,1.0,0,BB,Online TA,TA/TO,0,0,0,0,0,Transient,147.01,0,0,08,2017-08-29,0,7,3.0,0,1,1,1,Guest_1756,Expected
Resort Hotel,0,87,35,30,2,4,2,0.0,0,HB,Online TA,TA/TO,0,0,0,0,0,Transient,0.0,0,0,08,2017-08-30,1,6,2.0,1,1,1,2,Guest_1757,Expected
Resort Hotel,0,191,35,28,3,6,2,0.0,0,BB,Offline TA/TO,TA/TO,0,0,0,0,0,Transient,99.0,0,0,08,2017-08-28,0,9,2.0,0,1,1,0,Guest_1758,Expected
Resort Hotel,0,58,35,30,2,5,2,0.0,0,BB,Online TA,TA/TO,0,0,0,0,0,Transient,140.57,0,0,08,2017-08-30,0,7,2.0,0,1,1,2,Guest_1759,Expected
Resort Hotel,0,172,35,28,3,6,2,0.0,0,BB,Online TA,TA/TO,0,0,0,0,0,Transient,195.11,0,2,08,2017-08-28,0,9,2.0,0,1,1,0,Guest_1760,Expected
Resort Hotel,0,20,35,30,2,5,2,0.0,0,BB,Offline TA/TO,TA/TO,0,0,0,0,0,Group,92.0,0,0,08,2017-08-30,0,7,2.0,0,1,1,2,Guest_1761,Expected
Resort Hotel,0,50,35,30,2,5,2,0.0,0,BB,Online TA,TA/TO,0,0,0,0,0,Transient,123.88,0,1,08,2017-08-30,0,7,2.0,0,1,1,2,Guest_1762,Expected
Resort Hotel,0,25,35,30,2,5,2,2.0,0,BB,Online TA,TA/TO,0,0,0,0,0,Transient,222.86,1,1,08,2017-08-30,0,7,4.0,0,1,0,2,Guest_1763,Expected
Resort Hotel,0,88,34,26,4,7,2,0.0,0,HB,Direct,Direct,0,0,0,0,0,Transient,211.2,0,2,08,2017-08-26,0,11,2.0,0,0,0,5,Guest_1764,Expected
Resort Hotel,0,41,35,29,2,6,2,0.0,0,BB,Online TA,TA/TO,0,0,0,0,0,Transient,177.5,0,2,08,2017-08-29,0,8,2.0,0,1,0,1,Guest_1765,Expected
Resort Hotel,0,161,35,30,2,5,2,0.0,0,BB,Online TA,TA/TO,0,0,0,0,0,Transient,213.43,0,2,08,2017-08-30,0,7,2.0,0,1,0,2,Guest_1766,Expected
Resort Hotel,0,206,35,31,2,4,3,0.0,0,BB,Direct,Direct,0,0,0,0,0,Transient,209.67,1,1,08,2017-08-31,0,6,3.0,0,1,0,3,Guest_1767,Expected
Resort Hotel,0,138,35,30,2,5,2,0.0,0,BB,Offline TA/TO,TA/TO,0,0,0,0,0,Transient,99.0,0,0,08,2017-08-30,0,7,2.0,0,1,1,2,Guest_1768,Expected
Resort Hotel,0,43,35,31,2,4,1,0.0,0,BB,Offline TA/TO,TA/TO,0,0,0,0,0,Transient,158.53,0,0,08,2017-08-31,0,6,1.0,0,1,0,3,Guest_1769,Expected
Resort Hotel,0,151,35,31,2,5,2,0.0,0,BB,Direct,Direct,0,0,0,0,0,Transient,167.43,0,0,08,2017-08-31,0,7,2.0,0,1,1,3,Guest_1770,Expected
Resort Hotel,0,135,35,30,2,6,2,0.0,0,HB,Offline TA/TO,TA/TO,0,0,0,1,0,Group,122.0,0,2,08,2017-08-30,0,8,2.0,0,1,1,2,Guest_1771,Expected
Resort Hotel,0,301,35,31,2,5,2,0.0,0,HB,Offline TA/TO,TA/TO,0,0,0,0,0,Transient,110.8,0,2,08,2017-08-31,0,7,2.0,0,1,1,3,Guest_1772,Expected
Resort Hotel,0,21,35,31,2,5,2,0.0,0,BB,Offline TA/TO,TA/TO,0,0,0,0,0,Contract,101.7,0,2,08,2017-08-31,0,7,2.0,0,1,1,3,Guest_1773,Expected
Resort Hotel,0,379,34,24,4,10,2,0.0,0,BB,Offline TA/TO,TA/TO,0,0,0,0,0,Contract,72.2,0,1,08,2017-08-24,0,14,2.0,0,1,1,3,Guest_1774,Expected
Resort Hotel,0,279,35,31,2,5,2,0.0,0,BB,Offline TA/TO,TA/TO,0,0,0,0,0,Contract,72.2,0,1,08,2017-08-31,0,7,2.0,0,1,1,3,Guest_1775,Expected
Resort Hotel,0,21,35,31,2,5,2,0.0,0,BB,Offline TA/TO,TA/TO,0,0,0,0,0,Contract,101.7,0,2,08,2017-08-31,0,7,2.0,0,1,1,3,Guest_1776,Expected
Resort Hotel,0,279,35,31,2,5,2,0.0,0,BB,Offline TA/TO,TA/TO,0,0,0,0,0,Contract,72.2,0,1,08,2017-08-31,0,7,2.0,0,1,1,3,Guest_1777,Expected
Resort Hotel,0,379,34,24,4,10,2,1.0,0,BB,Offline TA/TO,TA/TO,0,0,0,0,0,Contract,87.75,0,3,08,2017-08-24,0,14,3.0,0,1,1,3,Guest_1778,Expected
Resort Hotel,0,191,35,31,2,5,2,0.0,0,HB,Offline TA/TO,TA/TO,0,0,0,0,0,Contract,114.8,0,0,08,2017-08-31,0,7,2.0,0,1,1,3,Guest_1779,Expected
Resort Hotel,0,108,35,31,2,5,2,0.0,0,HB,Online TA,TA/TO,0,0,0,0,0,Transient,207.03,0,1,08,2017-08-31,0,7,2.0,0,1,1,3,Guest_1780,Expected
Resort Hotel,0,194,35,31,2,5,2,1.0,0,HB,Online TA,TA/TO,0,0,0,3,0,Transient,312.29,1,1,08,2017-08-31,0,7,3.0,0,1,1,3,Guest_1781,Expected
Resort Hotel,0,227,35,31,2,5,2,1.0,0,BB,Online TA,TA/TO,0,0,0,0,0,Transient,127.58,0,1,08,2017-08-31,0,7,3.0,0,1,1,3,Guest_1782,Expected
Resort Hotel,0,210,35,31,2,5,2,0.0,0,BB,Direct,Direct,0,0,0,0,0,Transient,187.0,0,1,08,2017-08-31,0,7,2.0,0,1,1,3,Guest_1783,Expected
Resort Hotel,0,227,35,31,2,5,2,1.0,0,BB,Online TA,TA/TO,0,0,0,0,0,Transient,125.58,0,1,08,2017-08-31,0,7,3.0,0,1,1,3,Guest_1784,Expected
Resort Hotel,0,270,34,25,4,10,2,0.0,0,HB,Offline TA/TO,TA/TO,0,0,0,0,0,Contract,112.8,0,0,08,2017-08-25,0,14,2.0,0,1,1,4,Guest_1785,Expected
Resort Hotel,0,210,34,25,4,10,2,0.0,0,BB,Offline TA/TO,TA/TO,0,0,0,0,0,Transient,103.7,0,0,08,2017-08-25,0,14,2.0,0,1,1,4,Guest_1786,Expected
Resort Hotel,0,208,34,26,4,9,2,0.0,0,HB,Offline TA/TO,TA/TO,0,0,0,0,0,Transient,101.75,0,0,08,2017-08-26,0,13,2.0,0,1,1,5,Guest_1787,Expected
Resort Hotel,0,214,35,29,2,8,2,0.0,0,BB,Offline TA/TO,TA/TO,0,0,0,0,0,Contract,85.8,0,0,08,2017-08-29,0,10,2.0,0,1,1,1,Guest_1788,Expected
Resort Hotel,0,239,35,29,2,9,2,0.0,0,BB,Online TA,TA/TO,0,0,0,0,0,Transient,184.73,0,2,08,2017-08-29,0,11,2.0,0,1,1,1,Guest_1789,Expected
Resort Hotel,0,217,35,31,2,7,2,0.0,0,HB,Offline TA/TO,TA/TO,0,0,0,0,0,Contract,110.8,0,0,08,2017-08-31,1,9,2.0,0,1,1,3,Guest_1790,Expected
Resort Hotel,0,173,35,27,4,9,2,0.0,0,HB,Offline TA/TO,TA/TO,0,0,0,1,0,Transient-Party,168.92,0,1,08,2017-08-27,0,13,2.0,0,1,0,6,Guest_1791,Expected
Resort Hotel,0,264,34,26,4,10,2,0.0,0,BB,Offline TA/TO,TA/TO,0,0,0,2,0,Transient,89.79,0,0,08,2017-08-26,0,14,2.0,0,1,1,5,Guest_1792,Expected
Resort Hotel,0,207,34,26,4,10,2,0.0,0,HB,Offline TA/TO,TA/TO,0,0,0,0,0,Transient,131.7,0,2,08,2017-08-26,0,14,2.0,0,1,1,5,Guest_1793,Expected
Resort Hotel,0,269,34,24,4,13,2,0.0,0,BB,Offline TA/TO,TA/TO,0,0,0,0,0,Contract,84.8,0,2,08,2017-08-24,0,17,2.0,0,1,1,3,Guest_1794,Expected
Resort Hotel,0,169,35,30,2,9,2,0.0,0,BB,Direct,Direct,0,0,0,0,0,Transient-Party,204.27,0,1,08,2017-08-30,0,11,2.0,0,1,1,2,Guest_1795,Expected
Resort Hotel,0,212,35,31,2,8,2,1.0,0,BB,Offline TA/TO,TA/TO,0,0,0,1,0,Transient,89.75,0,0,08,2017-08-31,0,10,3.0,0,1,1,3,Guest_1796,Expected
Resort Hotel,0,169,35,30,2,9,2,0.0,0,BB,Direct,Direct,0,0,0,0,0,Transient-Party,202.27,0,1,08,2017-08-30,0,11,2.0,0,1,1,2,Guest_1797,Expected
Resort Hotel,0,204,35,29,4,10,2,0.0,0,BB,Direct,Direct,0,0,0,0,0,Transient,153.57,0,3,08,2017-08-29,0,14,2.0,0,1,1,1,Guest_1798,Expected
Resort Hotel,0,211,35,31,4,10,2,0.0,0,HB,Offline TA/TO,TA/TO,0,0,0,0,0,Contract,112.8,0,1,08,2017-08-31,0,14,2.0,0,1,1,3,Guest_1799,Expected
Resort Hotel,0,161,35,31,4,10,2,0.0,0,HB,Offline TA/TO,TA/TO,0,0,0,0,0,Transient,99.06,0,0,08,2017-08-31,0,14,2.0,0,1,1,3,Guest_1800,Expected
City Hotel,1,493,31,1,0,1,2,0.0,0,BB,Groups,TA/TO,0,0,0,0,0,Transient,90.0,0,0,08,2017-08-01,0,1,2.0,0,1,0,1,Guest_1801,Expected
City Hotel,1,21,31,1,0,1,2,0.0,0,SC,Online TA,TA/TO,0,0,0,0,0,Transient,108.0,0,1,08,2017-08-01,0,1,2.0,0,1,0,1,Guest_1802,Expected
City Hotel,1,493,31,1,0,1,2,0.0,0,BB,Groups,TA/TO,0,0,0,0,0,Transient,90.0,0,0,08,2017-08-01,0,1,2.0,0,1,0,1,Guest_1803,Expected
City Hotel,1,493,31,1,0,1,2,0.0,0,BB,Groups,TA/TO,0,0,0,0,0,Transient,90.0,0,0,08,2017-08-01,0,1,2.0,0,1,0,1,Guest_1804,Expected
City Hotel,1,493,31,1,0,1,2,0.0,0,BB,Groups,TA/TO,0,0,0,0,0,Transient,90.0,0,0,08,2017-08-01,0,1,2.0,0,1,0,1,Guest_1805,Expected
City Hotel,1,493,31,1,0,1,2,0.0,0,BB,Groups,TA/TO,0,0,0,0,0,Transient,90.0,0,0,08,2017-08-01,0,1,2.0,0,1,0,1,Guest_1806,Expected
City Hotel,1,493,31,1,0,1,2,0.0,0,BB,Groups,TA/TO,0,0,0,0,0,Transient,90.0,0,0,08,2017-08-01,0,1,2.0,0,1,0,1,Guest_1807,Expected
City Hotel,1,493,31,1,0,1,2,0.0,0,BB,Groups,TA/TO,0,0,0,0,0,Transient,90.0,0,0,08,2017-08-01,0,1,2.0,0,1,0,1,Guest_1808,Expected
City Hotel,1,19,31,1,0,1,2,0.0,0,BB,Direct,Direct,0,0,0,0,0,Transient,140.8,0,0,08,2017-08-01,0,1,2.0,0,1,0,1,Guest_1809,Expected
City Hotel,1,64,31,1,0,1,2,0.0,0,SC,Online TA,TA/TO,0,0,0,0,0,Transient,130.0,0,1,08,2017-08-01,0,1,2.0,0,1,1,1,Guest_1810,Expected
City Hotel,1,493,31,1,0,1,2,0.0,0,BB,Groups,TA/TO,0,0,0,0,0,Transient,90.0,0,0,08,2017-08-01,0,1,2.0,0,1,0,1,Guest_1811,Expected
City Hotel,1,493,31,1,0,1,2,0.0,0,BB,Groups,TA/TO,0,0,0,0,0,Transient,90.0,0,0,08,2017-08-01,0,1,2.0,0,1,0,1,Guest_1812,Expected
City Hotel,1,493,31,1,0,1,2,0.0,0,BB,Groups,TA/TO,0,0,0,0,0,Transient,90.0,0,0,08,2017-08-01,0,1,2.0,0,1,0,1,Guest_1813,Expected
City Hotel,1,64,31,1,0,1,3,0.0,0,BB,Online TA,TA/TO,0,0,0,1,0,Transient,230.0,0,1,08,2017-08-01,0,1,3.0,0,1,1,1,Guest_1814,Expected
City Hotel,1,69,31,1,0,1,1,0.0,0,BB,Online TA,GDS,0,0,0,0,0,Transient,140.0,0,0,08,2017-08-01,0,1,1.0,0,1,1,1,Guest_1815,Expected
City Hotel,1,255,31,1,0,2,2,1.0,0,BB,Online TA,TA/TO,0,0,0,0,0,Transient,125.1,0,0,08,2017-08-01,0,2,3.0,0,1,1,1,Guest_1816,Expected
City Hotel,1,23,31,1,0,2,1,0.0,0,BB,Online TA,TA/TO,0,0,0,0,0,Transient,154.0,0,0,08,2017-08-01,0,2,1.0,0,1,1,1,Guest_1817,Expected
City Hotel,1,23,31,1,0,2,2,0.0,0,SC,Online TA,TA/TO,0,0,0,0,0,Transient,134.0,0,0,08,2017-08-01,0,2,2.0,0,1,1,1,Guest_1818,Expected
City Hotel,1,113,31,1,0,3,2,0.0,0,SC,Online TA,TA/TO,0,0,0,0,0,Transient,125.0,0,1,08,2017-08-01,0,3,2.0,0,1,1,1,Guest_1819,Expected
City Hotel,1,21,31,1,0,3,2,0.0,0,BB,Online TA,TA/TO,0,0,0,0,0,Transient,138.67,0,1,08,2017-08-01,0,3,2.0,0,1,1,1,Guest_1820,Expected
City Hotel,1,87,31,1,0,3,2,0.0,0,SC,Online TA,TA/TO,0,0,0,0,0,Transient,125.0,0,1,08,2017-08-01,0,3,2.0,0,1,1,1,Guest_1821,Expected
City Hotel,1,29,31,1,0,3,3,0.0,0,BB,Direct,Direct,0,0,0,0,0,Transient,201.0,0,0,08,2017-08-01,0,3,3.0,0,1,1,1,Guest_1822,Expected
City Hotel,1,102,31,1,0,3,2,0.0,0,BB,Direct,Direct,0,0,0,0,0,Transient,112.5,0,0,08,2017-08-01,0,3,2.0,0,1,1,1,Guest_1823,Expected
City Hotel,1,139,31,1,0,3,2,0.0,0,BB,Online TA,TA/TO,0,0,0,0,0,Transient,140.17,0,1,08,2017-08-01,0,3,2.0,0,1,1,1,Guest_1824,Expected
City Hotel,1,253,31,1,0,3,2,0.0,0,BB,Online TA,TA/TO,0,0,0,0,0,Transient,107.1,0,1,08,2017-08-01,0,3,2.0,0,1,1,1,Guest_1825,Expected
City Hotel,1,36,31,1,0,3,2,0.0,0,SC,Online TA,TA/TO,0,0,0,0,0,Transient,140.0,0,0,08,2017-08-01,0,3,2.0,0,1,1,1,Guest_1826,Expected
City Hotel,1,141,31,1,0,4,2,1.0,0,BB,Online TA,TA/TO,0,0,0,0,0,Transient,148.5,0,0,08,2017-08-01,0,4,3.0,0,1,1,1,Guest_1827,Expected
City Hotel,1,132,31,1,0,4,2,1.0,0,HB,Online TA,TA/TO,0,0,0,0,0,Transient,209.7,0,0,08,2017-08-01,0,4,3.0,0,1,0,1,Guest_1828,Expected
City Hotel,1,188,31,1,0,4,2,0.0,0,BB,Offline TA/TO,TA/TO,0,0,0,0,0,Transient,85.0,0,0,08,2017-08-01,1,4,2.0,0,1,0,1,Guest_1829,Expected
City Hotel,1,52,31,1,0,4,2,0.0,0,SC,Online TA,TA/TO,0,0,0,0,0,Transient,140.0,0,0,08,2017-08-01,0,4,2.0,0,1,1,1,Guest_1830,Expected
City Hotel,1,149,31,1,0,4,2,1.0,0,BB,Online TA,TA/TO,0,0,0,0,0,Transient,148.5,0,0,08,2017-08-01,0,4,3.0,0,1,1,1,Guest_1831,Expected
City Hotel,1,97,31,1,0,4,2,0.0,0,SC,Online TA,TA/TO,0,0,0,0,0,Transient,125.0,0,1,08,2017-08-01,0,4,2.0,0,1,1,1,Guest_1832,Expected
City Hotel,1,207,31,1,0,4,2,0.0,0,BB,Online TA,TA/TO,0,0,0,0,0,Transient,130.5,0,0,08,2017-08-01,0,4,2.0,0,1,1,1,Guest_1833,Expected
City Hotel,1,247,31,1,0,4,2,0.0,0,SC,Online TA,TA/TO,0,0,0,0,0,Transient,89.1,0,1,08,2017-08-01,0,4,2.0,0,1,1,1,Guest_1834,Expected
City Hotel,1,300,31,1,0,4,1,0.0,0,SC,Online TA,TA/TO,0,0,0,0,0,Transient,89.1,0,1,08,2017-08-01,0,4,1.0,0,1,1,1,Guest_1835,Expected
City Hotel,1,138,31,1,0,4,3,0.0,0,BB,Online TA,TA/TO,0,0,0,0,0,Transient,175.5,0,0,08,2017-08-01,0,4,3.0,0,1,1,1,Guest_1836,Expected
City Hotel,1,331,31,1,0,4,2,0.0,0,SC,Online TA,TA/TO,0,0,0,2,0,Transient,91.58,0,1,08,2017-08-01,0,4,2.0,0,1,1,1,Guest_1837,Expected
City Hotel,1,285,31,1,0,5,2,0.0,0,BB,Online TA,TA/TO,0,0,0,0,0,Transient,107.1,0,1,08,2017-08-01,0,5,2.0,0,1,1,1,Guest_1838,Expected
City Hotel,1,200,31,1,0,5,2,1.0,0,BB,Online TA,TA/TO,0,0,0,0,0,Transient,148.5,0,0,08,2017-08-01,0,5,3.0,0,1,1,1,Guest_1839,Expected
City Hotel,1,85,31,1,1,5,2,0.0,0,HB,Online TA,TA/TO,0,0,0,0,0,Transient,144.33,0,1,08,2017-08-01,0,6,2.0,0,1,1,1,Guest_1840,Expected
City Hotel,1,170,31,1,1,5,2,0.0,0,BB,Online TA,TA/TO,0,0,0,0,0,Transient,130.5,0,0,08,2017-08-01,0,6,2.0,0,1,1,1,Guest_1841,Expected
City Hotel,1,20,31,1,2,5,3,0.0,0,BB,Online TA,TA/TO,0,0,0,0,0,Transient,230.0,0,1,08,2017-08-01,0,7,3.0,0,1,1,1,Guest_1842,Expected
City Hotel,1,111,31,1,2,5,3,0.0,0,BB,Online TA,TA/TO,0,0,0,0,0,Transient,225.0,0,0,08,2017-08-01,0,7,3.0,0,1,1,1,Guest_1843,Expected
City Hotel,1,64,31,1,2,5,2,0.0,0,BB,Online TA,TA/TO,0,0,0,0,0,Transient,141.43,0,1,08,2017-08-01,0,7,2.0,0,1,1,1,Guest_1844,Expected
City Hotel,1,63,31,1,2,5,2,0.0,0,SC,Online TA,TA/TO,0,0,0,0,0,Transient,130.0,0,1,08,2017-08-01,0,7,2.0,0,1,0,1,Guest_1845,Expected
City Hotel,1,168,31,1,2,6,2,1.0,0,BB,Online TA,TA/TO,0,0,0,0,0,Transient,148.5,0,0,08,2017-08-01,0,8,3.0,0,1,1,1,Guest_1846,Expected
City Hotel,1,72,31,1,2,6,2,0.0,0,BB,Online TA,TA/TO,0,0,0,0,0,Transient,132.5,0,1,08,2017-08-01,0,8,2.0,0,1,1,1,Guest_1847,Expected
City Hotel,1,168,31,1,2,6,2,0.0,0,BB,Online TA,TA/TO,0,0,0,0,0,Transient,130.5,0,0,08,2017-08-01,0,8,2.0,0,1,1,1,Guest_1848,Expected
City Hotel,1,306,31,1,2,6,2,2.0,0,BB,Online TA,TA/TO,0,0,0,0,0,Transient,196.51,0,2,08,2017-08-01,0,8,4.0,0,1,1,1,Guest_1849,Expected
City Hotel,1,65,31,2,0,1,2,0.0,0,BB,Online TA,TA/TO,0,0,0,0,0,Transient,80.1,0,0,08,2017-08-02,0,1,2.0,0,1,0,2,Guest_1850,Expected
City Hotel,1,208,31,2,0,1,2,0.0,0,HB,Groups,TA/TO,0,0,0,0,0,Transient-Party,125.0,0,0,08,2017-08-02,0,1,2.0,0,1,0,2,Guest_1851,Expected
City Hotel,1,75,31,2,0,2,2,0.0,0,HB,Online TA,TA/TO,0,0,0,0,0,Transient,198.0,0,1,08,2017-08-02,0,2,2.0,0,1,1,2,Guest_1852,Expected
City Hotel,1,22,31,2,0,3,2,0.0,0,BB,Online TA,TA/TO,0,0,0,0,0,Transient,166.0,0,1,08,2017-08-02,0,3,2.0,0,1,1,2,Guest_1853,Expected
City Hotel,1,130,31,2,0,3,2,0.0,0,BB,Online TA,TA/TO,0,0,0,0,0,Transient,155.0,0,2,08,2017-08-02,0,3,2.0,0,1,1,2,Guest_1854,Expected
City Hotel,1,130,31,2,0,3,2,0.0,0,SC,Online TA,TA/TO,0,0,0,0,0,Transient,125.0,0,2,08,2017-08-02,0,3,2.0,0,1,1,2,Guest_1855,Expected
City Hotel,1,130,31,2,0,3,2,0.0,0,SC,Online TA,TA/TO,0,0,0,0,0,Transient,125.0,0,2,08,2017-08-02,0,3,2.0,0,1,1,2,Guest_1856,Expected
City Hotel,1,200,31,2,0,3,3,0.0,0,BB,Online TA,TA/TO,0,0,0,0,0,Transient,177.3,0,0,08,2017-08-02,0,3,3.0,0,1,1,2,Guest_1857,Expected
City Hotel,1,69,31,2,0,3,2,0.0,0,SC,Online TA,TA/TO,0,0,0,0,0,Transient,117.0,0,1,08,2017-08-02,0,3,2.0,0,1,1,2,Guest_1858,Expected
City Hotel,1,92,31,2,0,3,2,0.0,0,SC,Online TA,TA/TO,0,0,0,0,0,Transient,125.0,0,2,08,2017-08-02,0,3,2.0,0,1,1,2,Guest_1859,Expected
City Hotel,1,130,31,2,0,3,2,0.0,0,BB,Online TA,TA/TO,0,0,0,0,0,Transient,155.0,0,2,08,2017-08-02,0,3,2.0,0,1,1,2,Guest_1860,Expected
City Hotel,1,104,31,2,0,4,2,0.0,0,SC,Online TA,TA/TO,0,0,0,0,0,Transient,125.0,0,2,08,2017-08-02,0,4,2.0,0,1,1,2,Guest_1861,Expected
City Hotel,1,102,31,2,0,4,2,0.0,0,BB,Online TA,TA/TO,0,0,0,0,0,Transient,147.25,0,1,08,2017-08-02,0,4,2.0,0,1,0,2,Guest_1862,Expected
City Hotel,1,24,31,2,0,4,2,0.0,0,BB,Online TA,TA/TO,0,0,0,1,0,Transient,212.0,0,1,08,2017-08-02,0,4,2.0,0,1,1,2,Guest_1863,Expected
City Hotel,1,182,31,2,0,4,2,0.0,0,BB,Online TA,TA/TO,0,0,0,2,0,Transient,130.5,0,0,08,2017-08-02,0,4,2.0,0,1,1,2,Guest_1864,Expected
City Hotel,1,334,31,2,0,4,2,0.0,0,BB,Online TA,TA/TO,0,0,0,0,0,Transient,116.1,0,2,08,2017-08-02,0,4,2.0,0,1,1,2,Guest_1865,Expected
City Hotel,1,157,31,2,0,4,2,0.0,0,SC,Online TA,TA/TO,0,0,0,0,0,Transient,125.0,0,0,08,2017-08-02,0,4,2.0,0,1,1,2,Guest_1866,Expected
City Hotel,1,24,31,2,0,4,1,0.0,0,BB,Online TA,TA/TO,0,0,0,1,0,Transient,144.5,0,1,08,2017-08-02,0,4,1.0,0,1,1,2,Guest_1867,Expected
City Hotel,1,224,31,2,0,4,2,2.0,0,BB,Online TA,TA/TO,0,0,0,0,0,Transient,202.5,0,0,08,2017-08-02,0,4,4.0,0,1,1,2,Guest_1868,Expected
City Hotel,1,230,31,2,1,4,2,0.0,0,BB,Online TA,TA/TO,0,0,0,0,0,Transient,144.0,0,1,08,2017-08-02,0,5,2.0,0,1,1,2,Guest_1869,Expected
City Hotel,1,96,31,2,1,4,2,0.0,0,BB,Online TA,TA/TO,0,0,0,0,0,Transient,155.0,0,1,08,2017-08-02,0,5,2.0,0,1,1,2,Guest_1870,Expected
City Hotel,1,190,31,2,1,4,2,1.0,0,BB,Online TA,TA/TO,0,0,0,2,0,Transient,151.8,0,1,08,2017-08-02,0,5,3.0,0,1,1,2,Guest_1871,Expected
City Hotel,1,230,31,2,1,4,2,1.0,0,BB,Online TA,TA/TO,0,0,0,0,0,Transient,148.5,0,1,08,2017-08-02,0,5,3.0,0,1,1,2,Guest_1872,Expected
City Hotel,1,199,31,2,1,4,2,0.0,0,BB,Online TA,TA/TO,0,0,0,2,0,Transient,166.5,0,0,08,2017-08-02,0,5,2.0,0,1,1,2,Guest_1873,Expected
City Hotel,1,307,31,2,2,5,2,0.0,0,HB,Online TA,TA/TO,0,0,0,0,0,Transient,154.8,0,2,08,2017-08-02,0,7,2.0,0,1,1,2,Guest_1874,Expected
City Hotel,1,306,31,2,2,5,2,0.0,0,BB,Online TA,TA/TO,0,0,0,0,0,Transient,120.6,0,3,08,2017-08-02,0,7,2.0,0,1,1,2,Guest_1875,Expected
City Hotel,1,328,31,2,2,5,2,0.0,0,HB,Online TA,TA/TO,0,0,0,0,0,Transient,172.0,0,2,08,2017-08-02,0,7,2.0,0,1,1,2,Guest_1876,Expected
City Hotel,1,243,31,2,2,8,2,1.0,0,BB,Online TA,TA/TO,0,0,0,0,0,Transient,148.5,0,1,08,2017-08-02,0,10,3.0,0,1,1,2,Guest_1877,Expected
City Hotel,1,243,31,2,2,8,2,0.0,0,SC,Online TA,TA/TO,0,0,0,0,0,Transient,112.5,0,1,08,2017-08-02,0,10,2.0,0,1,1,2,Guest_1878,Expected
City Hotel,1,155,31,2,2,8,2,0.0,0,SC,Online TA,TA/TO,0,0,0,0,0,Transient,122.5,0,0,08,2017-08-02,0,10,2.0,0,1,1,2,Guest_1879,Expected
City Hotel,1,227,31,2,3,9,2,0.0,0,SC,Online TA,TA/TO,0,0,0,0,0,Transient,112.5,0,0,08,2017-08-02,0,12,2.0,0,1,1,2,Guest_1880,Expected
City Hotel,1,60,31,2,2,6,2,0.0,0,BB,Online TA,TA/TO,0,0,0,0,0,Transient,160.0,0,1,08,2017-08-02,0,8,2.0,0,1,1,2,Guest_1881,Expected
City Hotel,1,41,31,3,0,1,1,0.0,0,SC,Online TA,TA/TO,0,0,0,0,0,Transient,126.0,0,0,08,2017-08-03,0,1,1.0,0,1,1,3,Guest_1882,Expected
City Hotel,1,2,31,3,0,1,1,0.0,0,HB,Groups,TA/TO,0,0,0,1,0,Transient-Party,17.6,0,0,08,2017-08-03,0,1,1.0,0,1,0,3,Guest_1883,Expected
City Hotel,1,2,31,3,0,1,2,0.0,0,HB,Groups,TA/TO,0,0,0,0,0,Transient-Party,166.0,0,0,08,2017-08-03,0,1,2.0,0,1,0,3,Guest_1884,Expected
City Hotel,1,25,31,3,0,2,2,0.0,0,SC,Online TA,TA/TO,0,0,0,0,0,Transient,134.0,0,1,08,2017-08-03,0,2,2.0,0,1,1,3,Guest_1885,Expected
City Hotel,1,308,31,3,0,2,2,0.0,0,SC,Online TA,TA/TO,0,0,0,2,0,Transient,80.19,0,1,08,2017-08-03,0,2,2.0,0,1,1,3,Guest_1886,Expected
City Hotel,1,62,31,3,0,2,2,0.0,0,BB,Online TA,TA/TO,0,0,0,0,0,Transient,150.0,0,0,08,2017-08-03,0,2,2.0,0,1,0,3,Guest_1887,Expected
City Hotel,1,320,31,3,0,2,2,0.0,0,SC,Online TA,TA/TO,0,0,0,0,0,Transient,89.1,0,1,08,2017-08-03,0,2,2.0,0,1,1,3,Guest_1888,Expected
City Hotel,1,69,31,3,0,3,2,0.0,0,BB,Online TA,TA/TO,0,0,0,0,0,Transient,80.1,0,0,08,2017-08-03,0,3,2.0,0,1,0,3,Guest_1889,Expected
City Hotel,1,157,31,3,0,3,2,0.0,0,SC,Online TA,TA/TO,0,0,0,0,0,Transient,125.0,0,0,08,2017-08-03,0,3,2.0,0,1,1,3,Guest_1890,Expected
City Hotel,1,64,31,3,0,3,1,0.0,0,BB,Online TA,TA/TO,0,0,0,0,0,Transient,140.0,0,1,08,2017-08-03,0,3,1.0,0,1,1,3,Guest_1891,Expected
City Hotel,1,110,31,3,0,3,3,0.0,0,BB,Online TA,TA/TO,0,0,0,0,0,Transient,155.0,0,1,08,2017-08-03,0,3,3.0,0,1,1,3,Guest_1892,Expected
City Hotel,1,101,31,3,0,3,2,0.0,0,BB,Direct,Direct,0,0,0,0,0,Transient,112.5,0,2,08,2017-08-03,0,3,2.0,0,1,0,3,Guest_1893,Expected
City Hotel,1,19,31,3,0,3,2,0.0,0,SC,Online TA,TA/TO,0,0,0,0,0,Transient,160.0,0,1,08,2017-08-03,0,3,2.0,0,1,1,3,Guest_1894,Expected
City Hotel,1,170,31,3,0,3,3,0.0,0,BB,Online TA,TA/TO,0,0,0,2,0,Transient,175.5,0,0,08,2017-08-03,0,3,3.0,0,1,1,3,Guest_1895,Expected
City Hotel,1,155,31,3,0,3,2,0.0,0,SC,Online TA,TA/TO,0,0,0,0,0,Transient,125.0,0,0,08,2017-08-03,0,3,2.0,0,1,1,3,Guest_1896,Expected
City Hotel,1,171,31,3,0,3,2,0.0,0,BB,Online TA,TA/TO,0,0,0,0,0,Transient,130.5,0,0,08,2017-08-03,0,3,2.0,0,1,1,3,Guest_1897,Expected
City Hotel,1,107,31,3,0,3,2,0.0,0,SC,Online TA,TA/TO,0,0,0,0,0,Transient,125.0,0,2,08,2017-08-03,0,3,2.0,0,1,1,3,Guest_1898,Expected
City Hotel,1,146,31,3,0,3,2,0.0,0,SC,Online TA,TA/TO,0,0,0,0,0,Transient,125.0,0,0,08,2017-08-03,0,3,2.0,0,1,1,3,Guest_1899,Expected
City Hotel,1,101,31,3,0,3,2,0.0,0,BB,Direct,Direct,0,0,0,0,0,Transient,112.5,0,2,08,2017-08-03,0,3,2.0,0,1,0,3,Guest_1900,Expected
City Hotel,1,110,31,3,0,3,2,0.0,0,BB,Online TA,TA/TO,0,0,0,0,0,Transient,195.0,0,1,08,2017-08-03,0,3,2.0,0,1,1,3,Guest_1901,Expected
City Hotel,1,107,31,3,0,3,2,0.0,0,SC,Online TA,TA/TO,0,0,0,0,0,Transient,125.0,0,2,08,2017-08-03,0,3,2.0,0,1,1,3,Guest_1902,Expected
City Hotel,1,141,31,3,0,3,2,1.0,0,BB,Online TA,TA/TO,0,0,0,0,0,Transient,148.5,0,0,08,2017-08-03,0,3,3.0,0,1,1,3,Guest_1903,Expected
City Hotel,1,173,31,3,0,3,2,0.0,0,BB,Online TA,TA/TO,0,0,0,0,0,Transient,139.5,0,1,08,2017-08-03,0,3,2.0,0,1,1,3,Guest_1904,Expected
City Hotel,1,194,31,3,0,3,2,0.0,0,SC,Online TA,TA/TO,0,0,0,0,0,Transient,116.67,0,3,08,2017-08-03,0,3,2.0,0,1,1,3,Guest_1905,Expected
City Hotel,1,157,31,3,0,3,1,0.0,0,BB,Online TA,TA/TO,0,0,0,0,0,Transient,130.5,0,1,08,2017-08-03,0,3,1.0,0,1,1,3,Guest_1906,Expected
City Hotel,1,106,31,3,0,3,2,0.0,0,SC,Online TA,TA/TO,0,0,0,0,0,Transient,125.0,0,1,08,2017-08-03,0,3,2.0,0,1,1,3,Guest_1907,Expected
City Hotel,1,211,31,3,1,3,3,0.0,0,SC,Online TA,TA/TO,0,0,0,0,0,Transient,115.63,0,0,08,2017-08-03,0,4,3.0,0,1,1,3,Guest_1908,Expected
City Hotel,1,51,31,3,1,3,2,0.0,0,SC,Online TA,TA/TO,0,0,0,0,0,Transient,140.0,0,1,08,2017-08-03,0,4,2.0,0,1,0,3,Guest_1909,Expected
City Hotel,1,211,31,3,1,3,2,0.0,0,SC,Online TA,TA/TO,0,0,0,1,0,Transient,115.63,0,0,08,2017-08-03,0,4,2.0,0,1,1,3,Guest_1910,Expected
City Hotel,1,211,31,3,1,3,2,0.0,0,BB,Online TA,TA/TO,0,0,0,1,0,Transient,170.0,0,0,08,2017-08-03,0,4,2.0,0,1,1,3,Guest_1911,Expected
City Hotel,1,16,31,3,1,3,3,0.0,0,BB,Online TA,TA/TO,0,0,0,0,0,Transient,239.0,0,2,08,2017-08-03,0,4,3.0,0,1,1,3,Guest_1912,Expected
City Hotel,1,62,31,3,2,3,2,0.0,0,BB,Online TA,TA/TO,0,0,0,0,0,Transient,152.0,0,0,08,2017-08-03,0,5,2.0,0,1,0,3,Guest_1913,Expected
City Hotel,1,156,31,3,2,3,2,0.0,0,SC,Online TA,TA/TO,0,0,0,0,0,Transient,122.5,0,0,08,2017-08-03,0,5,2.0,0,1,1,3,Guest_1914,Expected
City Hotel,1,331,31,3,2,3,2,0.0,0,BB,Online TA,TA/TO,0,0,0,0,0,Transient,107.1,0,1,08,2017-08-03,0,5,2.0,0,1,1,3,Guest_1915,Expected
City Hotel,1,174,31,3,2,3,2,1.0,0,BB,Online TA,TA/TO,0,0,0,0,0,Transient,148.5,0,0,08,2017-08-03,0,5,3.0,0,1,1,3,Guest_1916,Expected
City Hotel,1,92,31,3,2,3,2,0.0,0,HB,Online TA,TA/TO,0,0,0,0,0,Transient,183.0,0,1,08,2017-08-03,0,5,2.0,0,1,1,3,Guest_1917,Expected
City Hotel,1,315,31,3,2,5,2,0.0,0,SC,Online TA,TA/TO,0,0,0,0,0,Transient,89.1,0,2,08,2017-08-03,0,7,2.0,0,1,1,3,Guest_1918,Expected
City Hotel,1,180,31,3,2,5,2,0.0,0,BB,Offline TA/TO,TA/TO,0,0,0,0,0,Transient,80.1,0,1,08,2017-08-03,0,7,2.0,0,1,0,3,Guest_1919,Expected
City Hotel,1,87,31,3,2,5,2,0.0,0,SC,Online TA,TA/TO,0,0,0,0,0,Transient,133.29,0,1,08,2017-08-03,0,7,2.0,0,1,1,3,Guest_1920,Expected
City Hotel,1,314,31,3,2,5,2,0.0,0,SC,Online TA,TA/TO,0,0,0,0,0,Transient,89.1,0,2,08,2017-08-03,0,7,2.0,0,1,1,3,Guest_1921,Expected
City Hotel,1,158,31,3,2,5,3,0.0,0,HB,Online TA,TA/TO,0,0,0,0,0,Transient,226.8,0,0,08,2017-08-03,0,7,3.0,0,1,1,3,Guest_1922,Expected
City Hotel,1,266,31,3,2,7,2,1.0,0,HB,Online TA,TA/TO,0,0,0,0,0,Transient,256.0,0,1,08,2017-08-03,0,9,3.0,0,1,1,3,Guest_1923,Expected
City Hotel,1,84,31,3,4,9,2,0.0,1,BB,Direct,Direct,0,0,0,1,0,Transient-Party,112.0,0,3,08,2017-08-03,0,13,3.0,0,0,0,3,Guest_1924,Expected
City Hotel,1,84,31,3,4,9,2,0.0,0,BB,Direct,Direct,0,0,0,1,0,Transient-Party,112.0,0,2,08,2017-08-03,0,13,2.0,0,0,0,3,Guest_1925,Expected
City Hotel,1,2,31,4,0,1,2,0.0,0,BB,Direct,Direct,0,0,0,2,0,Transient,75.0,0,2,08,2017-08-04,1,1,2.0,0,0,0,4,Guest_1926,Expected
City Hotel,1,2,31,4,0,1,3,0.0,0,BB,Online TA,TA/TO,0,0,0,0,0,Transient,200.0,0,2,08,2017-08-04,0,1,3.0,0,1,0,4,Guest_1927,Expected
City Hotel,1,128,31,4,0,1,3,0.0,0,BB,Online TA,TA/TO,0,0,0,0,0,Transient,195.0,0,0,08,2017-08-04,0,1,3.0,0,1,1,4,Guest_1928,Expected
City Hotel,1,389,31,4,0,2,1,0.0,0,SC,Online TA,TA/TO,0,0,0,6,0,Transient,118.75,0,2,08,2017-08-04,0,2,1.0,0,1,1,4,Guest_1929,Expected
City Hotel,1,80,31,4,0,2,2,0.0,0,SC,Online TA,TA/TO,0,0,0,0,0,Transient,130.0,0,0,08,2017-08-04,0,2,2.0,0,1,1,4,Guest_1930,Expected
City Hotel,1,158,31,4,0,2,2,0.0,0,SC,Online TA,TA/TO,0,0,0,0,0,Transient,125.0,0,0,08,2017-08-04,0,2,2.0,0,1,1,4,Guest_1931,Expected
City Hotel,1,185,31,4,0,2,3,0.0,0,BB,Online TA,TA/TO,0,0,0,0,0,Transient,175.5,0,0,08,2017-08-04,0,2,3.0,0,1,1,4,Guest_1932,Expected
City Hotel,1,195,31,4,0,2,2,0.0,0,SC,Online TA,TA/TO,0,0,0,0,0,Transient,118.75,0,0,08,2017-08-04,0,2,2.0,0,1,1,4,Guest_1933,Expected
City Hotel,1,340,31,4,1,2,2,2.0,0,BB,Online TA,TA/TO,0,0,0,1,0,Transient,175.5,0,0,08,2017-08-04,0,3,4.0,0,1,1,4,Guest_1934,Expected
City Hotel,1,65,31,4,1,2,3,0.0,0,BB,Online TA,TA/TO,0,0,0,0,0,Transient,200.0,0,0,08,2017-08-04,0,3,3.0,0,1,1,4,Guest_1935,Expected
City Hotel,1,151,31,4,1,2,3,0.0,0,BB,Online TA,TA/TO,0,0,0,0,0,Transient,175.5,0,0,08,2017-08-04,0,3,3.0,0,1,1,4,Guest_1936,Expected
City Hotel,1,159,31,4,1,2,3,0.0,0,BB,Online TA,TA/TO,0,0,0,0,0,Transient,175.5,0,0,08,2017-08-04,0,3,3.0,0,1,1,4,Guest_1937,Expected
City Hotel,1,300,31,4,1,2,3,0.0,0,SC,Online TA,TA/TO,0,0,0,0,0,Transient,109.2,0,2,08,2017-08-04,0,3,3.0,0,1,0,4,Guest_1938,Expected
City Hotel,1,300,31,4,1,2,3,0.0,0,SC,Online TA,TA/TO,0,0,0,0,0,Transient,98.28,0,2,08,2017-08-04,0,3,3.0,0,1,0,4,Guest_1939,Expected
City Hotel,1,340,31,4,1,2,3,0.0,0,BB,Online TA,TA/TO,0,0,0,1,0,Transient,135.9,0,0,08,2017-08-04,0,3,3.0,0,1,1,4,Guest_1940,Expected
City Hotel,1,78,31,4,1,2,2,0.0,0,BB,Direct,Direct,0,0,0,0,0,Transient,117.0,0,1,08,2017-08-04,0,3,2.0,0,1,1,4,Guest_1941,Expected
City Hotel,1,340,31,4,1,2,3,0.0,0,BB,Online TA,TA/TO,0,0,0,0,0,Transient,135.9,0,0,08,2017-08-04,0,3,3.0,0,1,1,4,Guest_1942,Expected
City Hotel,1,81,31,4,2,2,2,0.0,0,SC,Online TA,TA/TO,0,0,0,0,0,Transient,125.0,0,1,08,2017-08-04,0,4,2.0,0,1,1,4,Guest_1943,Expected
City Hotel,1,49,31,4,2,2,2,0.0,0,BB,Online TA,TA/TO,0,0,0,0,0,Transient,160.0,0,1,08,2017-08-04,0,4,2.0,0,1,1,4,Guest_1944,Expected
City Hotel,1,200,31,4,2,2,3,0.0,0,BB,Online TA,TA/TO,0,0,0,0,0,Transient,175.5,0,1,08,2017-08-04,0,4,3.0,0,1,1,4,Guest_1945,Expected
City Hotel,1,210,31,4,2,3,2,0.0,0,BB,Online TA,TA/TO,0,0,0,0,0,Transient,130.5,0,1,08,2017-08-04,0,5,2.0,0,1,1,4,Guest_1946,Expected
City Hotel,1,178,31,4,2,3,2,0.0,0,SC,Online TA,TA/TO,0,0,0,0,0,Transient,112.5,0,1,08,2017-08-04,0,5,2.0,0,1,0,4,Guest_1947,Expected
City Hotel,1,79,31,4,2,3,2,0.0,0,SC,Online TA,TA/TO,0,0,0,0,0,Transient,130.0,0,2,08,2017-08-04,0,5,2.0,0,1,1,4,Guest_1948,Expected
City Hotel,1,210,31,4,2,3,2,0.0,0,SC,Online TA,TA/TO,0,0,0,0,0,Transient,112.5,0,1,08,2017-08-04,0,5,2.0,0,1,1,4,Guest_1949,Expected
City Hotel,1,54,31,4,2,4,2,0.0,0,SC,Online TA,TA/TO,0,0,0,0,0,Transient,140.0,0,1,08,2017-08-04,0,6,2.0,0,1,1,4,Guest_1950,Expected
City Hotel,1,198,31,4,2,5,2,0.0,0,BB,Online TA,TA/TO,0,0,0,0,0,Transient,130.5,0,0,08,2017-08-04,0,7,2.0,0,1,1,4,Guest_1951,Expected
City Hotel,1,198,31,4,2,5,2,0.0,0,BB,Online TA,TA/TO,0,0,0,0,0,Transient,130.5,0,0,08,2017-08-04,0,7,2.0,0,1,1,4,Guest_1952,Expected
City Hotel,1,164,31,4,2,7,2,0.0,1,SC,Offline TA/TO,TA/TO,0,0,0,0,0,Transient,67.15,0,2,08,2017-08-04,0,9,3.0,0,1,0,4,Guest_1953,Expected
City Hotel,1,8,31,5,0,1,3,0.0,0,BB,Online TA,TA/TO,0,0,0,0,0,Transient,230.0,0,1,08,2017-08-05,0,1,3.0,0,1,0,5,Guest_1954,Expected
City Hotel,1,82,31,5,0,1,3,0.0,0,BB,Online TA,TA/TO,0,0,0,0,0,Transient,195.0,0,1,08,2017-08-05,0,1,3.0,0,1,1,5,Guest_1955,Expected
City Hotel,1,191,31,5,1,1,2,0.0,0,BB,Online TA,TA/TO,0,0,0,5,0,Transient,139.5,0,0,08,2017-08-05,0,2,2.0,0,1,1,5,Guest_1956,Expected
City Hotel,1,170,31,5,1,1,2,0.0,0,BB,Online TA,TA/TO,0,0,0,3,0,Transient,139.5,0,0,08,2017-08-05,0,2,2.0,0,1,1,5,Guest_1957,Expected
City Hotel,1,191,31,5,1,1,2,0.0,0,BB,Online TA,TA/TO,0,0,0,3,0,Transient,139.5,0,0,08,2017-08-05,0,2,2.0,0,1,1,5,Guest_1958,Expected
City Hotel,1,138,31,5,1,1,1,0.0,0,BB,Online TA,TA/TO,0,0,0,2,0,Transient,147.25,0,0,08,2017-08-05,0,2,1.0,0,1,1,5,Guest_1959,Expected
City Hotel,1,191,31,5,1,1,2,0.0,0,BB,Online TA,TA/TO,0,0,0,3,0,Transient,139.5,0,0,08,2017-08-05,0,2,2.0,0,1,1,5,Guest_1960,Expected
City Hotel,1,223,31,5,2,1,2,0.0,0,BB,Online TA,TA/TO,0,0,0,0,0,Transient,130.5,0,0,08,2017-08-05,0,3,2.0,0,1,1,5,Guest_1961,Expected
City Hotel,1,223,31,5,2,1,2,0.0,0,HB,Online TA,TA/TO,0,0,0,0,0,Transient,166.5,0,1,08,2017-08-05,0,3,2.0,0,1,1,5,Guest_1962,Expected
City Hotel,1,314,31,5,2,1,3,0.0,0,BB,Online TA,TA/TO,0,0,0,0,0,Transient,139.5,0,0,08,2017-08-05,0,3,3.0,0,1,1,5,Guest_1963,Expected
City Hotel,1,98,31,5,2,1,2,0.0,0,BB,Online TA,TA/TO,0,0,0,0,0,Transient,155.0,0,1,08,2017-08-05,0,3,2.0,0,1,1,5,Guest_1964,Expected
City Hotel,1,140,31,5,2,1,2,1.0,0,BB,Online TA,TA/TO,0,0,0,2,0,Transient,154.0,0,0,08,2017-08-05,0,3,3.0,0,1,1,5,Guest_1965,Expected
City Hotel,1,62,31,5,2,1,2,0.0,0,BB,Direct,Direct,0,0,0,0,0,Transient,135.0,0,0,08,2017-08-05,0,3,2.0,0,1,1,5,Guest_1966,Expected
City Hotel,1,72,31,5,2,1,2,0.0,0,BB,Online TA,TA/TO,0,0,0,0,0,Transient,150.0,0,1,08,2017-08-05,0,3,2.0,0,1,0,5,Guest_1967,Expected
City Hotel,1,72,31,5,2,1,3,2.0,0,BB,Online TA,TA/TO,0,0,0,0,0,Transient,305.0,0,1,08,2017-08-05,0,3,5.0,0,1,0,5,Guest_1968,Expected
City Hotel,1,19,31,5,2,2,3,0.0,0,BB,Online TA,TA/TO,0,0,0,0,0,Transient,260.0,0,1,08,2017-08-05,0,4,3.0,0,1,1,5,Guest_1969,Expected
City Hotel,1,49,31,5,2,2,2,0.0,0,SC,Online TA,TA/TO,0,0,0,0,0,Transient,140.0,0,1,08,2017-08-05,0,4,2.0,0,1,1,5,Guest_1970,Expected
City Hotel,1,63,31,5,2,3,2,0.0,0,BB,Online TA,TA/TO,0,0,0,0,0,Transient,160.0,0,1,08,2017-08-05,0,5,2.0,0,1,1,5,Guest_1971,Expected
City Hotel,1,216,31,5,2,3,2,2.0,0,HB,Online TA,TA/TO,0,0,0,0,0,Transient,256.5,0,0,08,2017-08-05,0,5,4.0,0,1,1,5,Guest_1972,Expected
City Hotel,1,120,31,5,2,3,2,0.0,0,BB,Online TA,TA/TO,0,0,0,0,0,Transient,111.6,0,0,08,2017-08-05,0,5,2.0,0,1,0,5,Guest_1973,Expected
City Hotel,1,124,31,5,2,3,3,0.0,0,BB,Online TA,TA/TO,0,0,0,1,0,Transient,225.0,0,1,08,2017-08-05,0,5,3.0,0,1,1,5,Guest_1974,Expected
City Hotel,1,146,31,5,2,4,2,0.0,0,BB,Online TA,TA/TO,0,0,0,0,0,Transient,135.33,0,0,08,2017-08-05,0,6,2.0,0,1,1,5,Guest_1975,Expected
City Hotel,1,139,31,5,2,5,2,0.0,0,SC,Online TA,TA/TO,0,0,0,0,0,Transient,125.0,0,0,08,2017-08-05,0,7,2.0,0,1,1,5,Guest_1976,Expected
City Hotel,1,139,31,5,2,5,2,0.0,0,BB,Online TA,TA/TO,0,0,0,0,0,Transient,139.5,0,0,08,2017-08-05,0,7,2.0,0,1,1,5,Guest_1977,Expected
City Hotel,1,173,31,5,2,5,2,1.0,0,BB,Online TA,TA/TO,0,0,0,0,0,Transient,148.5,0,0,08,2017-08-05,0,7,3.0,0,1,1,5,Guest_1978,Expected
City Hotel,1,102,31,5,2,5,1,0.0,0,BB,Online TA,TA/TO,0,0,0,0,0,Transient,121.5,0,1,08,2017-08-05,0,7,1.0,0,1,1,5,Guest_1979,Expected
City Hotel,1,173,31,5,2,5,1,0.0,0,BB,Online TA,TA/TO,0,0,0,0,0,Transient,121.5,0,0,08,2017-08-05,0,7,1.0,0,1,1,5,Guest_1980,Expected
City Hotel,1,265,31,5,3,6,2,0.0,0,SC,Online TA,TA/TO,0,0,0,0,0,Transient,89.1,0,0,08,2017-08-05,0,9,2.0,0,1,0,5,Guest_1981,Expected
City Hotel,1,265,31,5,3,6,2,0.0,0,SC,Online TA,TA/TO,0,0,0,0,0,Transient,89.1,0,0,08,2017-08-05,0,9,2.0,0,1,0,5,Guest_1982,Expected
City Hotel,1,4,32,6,1,0,1,0.0,0,BB,Offline TA/TO,TA/TO,0,0,0,0,0,Transient,144.5,0,0,08,2017-08-06,1,1,1.0,0,1,0,6,Guest_1983,Expected
City Hotel,1,147,32,6,1,0,2,1.0,0,BB,Online TA,TA/TO,0,0,0,0,0,Transient,148.5,0,0,08,2017-08-06,0,1,3.0,0,1,1,6,Guest_1984,Expected
City Hotel,1,4,32,6,1,0,1,0.0,0,BB,Offline TA/TO,TA/TO,0,0,0,0,0,Transient,144.5,0,0,08,2017-08-06,1,1,1.0,0,1,0,6,Guest_1985,Expected
City Hotel,1,103,32,6,2,0,2,0.0,0,BB,Online TA,TA/TO,0,0,0,3,0,Transient,234.0,0,1,08,2017-08-06,0,2,2.0,0,1,1,6,Guest_1986,Expected
City Hotel,1,258,32,6,2,0,2,0.0,0,SC,Online TA,TA/TO,0,0,0,0,0,Transient,89.1,0,0,08,2017-08-06,0,2,2.0,0,1,1,6,Guest_1987,Expected
City Hotel,1,138,32,6,2,1,2,1.0,0,BB,Online TA,TA/TO,0,0,0,0,0,Transient,148.5,0,0,08,2017-08-06,0,3,3.0,0,1,1,6,Guest_1988,Expected
City Hotel,1,84,32,6,2,1,2,1.0,0,BB,Direct,Direct,0,0,0,0,0,Transient,160.0,0,0,08,2017-08-06,0,3,3.0,0,1,1,6,Guest_1989,Expected
City Hotel,1,333,32,6,2,1,2,0.0,0,SC,Online TA,TA/TO,0,0,0,0,0,Transient,89.1,0,1,08,2017-08-06,0,3,2.0,0,1,1,6,Guest_1990,Expected
City Hotel,1,271,32,6,2,1,2,2.0,0,BB,Online TA,TA/TO,0,0,0,0,0,Transient,179.1,0,1,08,2017-08-06,0,3,4.0,0,1,1,6,Guest_1991,Expected
City Hotel,1,262,32,6,2,1,2,0.0,0,BB,Online TA,TA/TO,0,0,0,0,0,Transient,107.1,0,2,08,2017-08-06,0,3,2.0,0,1,1,6,Guest_1992,Expected
City Hotel,1,172,32,6,2,2,2,0.0,0,SC,Online TA,TA/TO,0,0,0,0,0,Transient,115.63,0,0,08,2017-08-06,0,4,2.0,0,1,1,6,Guest_1993,Expected
City Hotel,1,185,32,6,2,2,2,2.0,0,BB,Online TA,TA/TO,0,0,0,0,0,Transient,235.0,0,0,08,2017-08-06,0,4,4.0,0,1,1,6,Guest_1994,Expected
City Hotel,1,22,32,6,2,3,2,0.0,0,BB,Online TA,TA/TO,0,0,0,0,0,Transient,180.0,0,2,08,2017-08-06,0,5,2.0,0,1,1,6,Guest_1995,Expected
City Hotel,1,127,32,6,2,3,2,0.0,0,BB,Online TA,TA/TO,0,0,0,0,0,Transient,155.0,0,2,08,2017-08-06,0,5,2.0,0,1,1,6,Guest_1996,Expected
City Hotel,1,22,32,6,2,3,2,0.0,0,BB,Online TA,TA/TO,0,0,0,0,0,Transient,190.0,0,2,08,2017-08-06,0,5,2.0,0,1,1,6,Guest_1997,Expected
City Hotel,1,181,32,6,2,3,2,0.0,0,SC,Online TA,TA/TO,0,0,0,0,0,Transient,112.5,0,0,08,2017-08-06,0,5,2.0,0,1,1,6,Guest_1998,Expected
City Hotel,1,87,32,6,2,3,2,0.0,0,BB,Online TA,TA/TO,0,0,0,0,0,Transient,155.0,0,1,08,2017-08-06,0,5,2.0,0,1,1,6,Guest_1999,Expected
City Hotel,1,265,32,6,2,4,2,0.0,0,SC,Online TA,TA/TO,0,0,0,0,0,Transient,89.1,0,1,08,2017-08-06,0,6,2.0,0,1,1,6,Guest_2000,Expected
City Hotel,1,111,32,6,2,5,3,0.0,0,BB,Online TA,TA/TO,0,0,0,0,0,Transient,195.0,0,0,08,2017-08-06,0,7,3.0,0,1,1,6,Guest_2001,Expected
City Hotel,1,107,32,6,2,5,3,0.0,0,BB,Online TA,TA/TO,0,0,0,0,0,Transient,225.0,0,1,08,2017-08-06,0,7,3.0,0,1,1,6,Guest_2002,Expected
City Hotel,1,318,32,6,2,5,2,0.0,0,BB,Offline TA/TO,TA/TO,0,0,0,0,0,Transient,80.1,0,0,08,2017-08-06,0,7,2.0,0,1,0,6,Guest_2003,Expected
City Hotel,1,335,32,6,2,5,2,0.0,0,SC,Online TA,TA/TO,0,0,0,0,0,Transient,89.1,0,3,08,2017-08-06,0,7,2.0,0,1,1,6,Guest_2004,Expected
City Hotel,1,168,32,6,4,10,1,0.0,0,BB,Online TA,TA/TO,0,0,0,0,0,Transient,119.83,0,1,08,2017-08-06,0,14,1.0,0,1,1,6,Guest_2005,Expected
City Hotel,1,172,32,6,4,10,2,0.0,0,SC,Online TA,TA/TO,0,0,0,0,0,Transient,113.32,0,0,08,2017-08-06,0,14,2.0,0,1,1,6,Guest_2006,Expected
City Hotel,1,172,32,6,4,10,3,0.0,0,BB,Online TA,TA/TO,0,0,0,0,0,Transient,173.83,0,0,08,2017-08-06,0,14,3.0,0,1,1,6,Guest_2007,Expected
City Hotel,1,172,32,6,4,10,1,0.0,0,BB,Online TA,TA/TO,0,0,0,0,0,Transient,128.83,0,1,08,2017-08-06,0,14,1.0,0,1,1,6,Guest_2008,Expected
City Hotel,1,0,32,7,1,0,2,0.0,0,SC,Online TA,TA/TO,0,0,0,0,0,Transient,140.0,0,0,08,2017-08-07,0,1,2.0,0,1,1,0,Guest_2009,Expected
City Hotel,1,48,32,7,1,0,2,0.0,0,BB,Online TA,TA/TO,0,0,0,0,0,Transient,160.0,0,0,08,2017-08-07,0,1,2.0,0,1,1,0,Guest_2010,Expected
City Hotel,1,112,32,7,1,1,3,0.0,0,BB,Direct,Direct,0,0,0,0,0,Transient,175.0,0,0,08,2017-08-07,0,2,3.0,0,1,1,0,Guest_2011,Expected
City Hotel,1,123,32,7,1,1,2,0.0,0,SC,Online TA,TA/TO,0,0,0,0,0,Transient,125.0,0,0,08,2017-08-07,0,2,2.0,0,1,1,0,Guest_2012,Expected
City Hotel,1,150,32,7,1,1,2,0.0,0,BB,Online TA,TA/TO,0,0,0,0,0,Transient,130.5,0,0,08,2017-08-07,0,2,2.0,0,1,1,0,Guest_2013,Expected
City Hotel,1,188,32,7,1,1,3,0.0,0,BB,Online TA,TA/TO,0,0,0,0,0,Transient,175.5,0,0,08,2017-08-07,0,2,3.0,0,1,1,0,Guest_2014,Expected
City Hotel,1,169,32,7,1,1,2,1.0,0,BB,Online TA,TA/TO,0,0,0,0,0,Transient,148.5,0,0,08,2017-08-07,0,2,3.0,0,1,1,0,Guest_2015,Expected
City Hotel,1,26,32,7,1,1,2,1.0,0,BB,Online TA,TA/TO,0,0,0,0,0,Transient,165.49,0,1,08,2017-08-07,0,2,3.0,0,1,0,0,Guest_2016,Expected
City Hotel,1,123,32,7,1,1,2,0.0,0,SC,Online TA,TA/TO,0,0,0,0,0,Transient,125.0,0,1,08,2017-08-07,0,2,2.0,0,1,1,0,Guest_2017,Expected
City Hotel,1,112,32,7,1,1,2,0.0,0,SC,Online TA,TA/TO,0,0,0,0,0,Transient,125.0,0,1,08,2017-08-07,0,2,2.0,0,1,1,0,Guest_2018,Expected
City Hotel,1,150,32,7,1,1,2,0.0,0,BB,Online TA,TA/TO,0,0,0,0,0,Transient,130.5,0,0,08,2017-08-07,0,2,2.0,0,1,1,0,Guest_2019,Expected
City Hotel,1,7,32,7,1,1,2,0.0,0,BB,Online TA,TA/TO,0,0,0,0,0,Transient,190.0,0,0,08,2017-08-07,0,2,2.0,0,1,1,0,Guest_2020,Expected
City Hotel,1,78,32,7,1,2,2,0.0,0,BB,Online TA,TA/TO,0,0,0,2,0,Transient,136.67,0,0,08,2017-08-07,0,3,2.0,0,1,1,0,Guest_2021,Expected
City Hotel,1,89,32,7,1,2,2,0.0,0,BB,Online TA,TA/TO,0,0,0,0,0,Transient,145.0,0,0,08,2017-08-07,0,3,2.0,0,1,1,0,Guest_2022,Expected
City Hotel,1,179,32,7,1,2,2,0.0,0,BB,Online TA,TA/TO,0,0,0,0,0,Transient,130.5,0,0,08,2017-08-07,0,3,2.0,0,1,1,0,Guest_2023,Expected
City Hotel,1,206,32,7,1,2,2,1.0,0,BB,Direct,Direct,0,0,0,0,0,Transient,141.5,0,0,08,2017-08-07,0,3,3.0,0,1,1,0,Guest_2024,Expected
City Hotel,1,115,32,7,1,2,2,0.0,0,BB,Online TA,TA/TO,0,0,0,0,0,Transient,155.0,0,1,08,2017-08-07,0,3,2.0,0,1,1,0,Guest_2025,Expected
City Hotel,1,0,32,7,1,2,2,0.0,0,BB,Direct,Direct,0,0,0,0,0,Transient,150.0,0,0,08,2017-08-07,0,3,2.0,0,0,0,0,Guest_2026,Expected
City Hotel,1,111,32,7,1,3,2,0.0,0,HB,Online TA,TA/TO,0,0,0,0,0,Transient,183.0,0,3,08,2017-08-07,0,4,2.0,0,1,1,0,Guest_2027,Expected
City Hotel,1,148,32,7,1,3,2,1.0,0,BB,Online TA,TA/TO,0,0,0,0,0,Transient,148.5,0,0,08,2017-08-07,0,4,3.0,0,1,1,0,Guest_2028,Expected
City Hotel,1,46,32,7,1,2,1,0.0,0,SC,Online TA,TA/TO,0,0,0,0,0,Transient,140.0,0,1,08,2017-08-07,0,3,1.0,0,1,1,0,Guest_2029,Expected
City Hotel,1,281,32,7,1,3,2,0.0,0,BB,Online TA,TA/TO,0,0,0,0,0,Transient,107.1,0,1,08,2017-08-07,0,4,2.0,0,1,1,0,Guest_2030,Expected
City Hotel,1,111,32,7,1,3,2,0.0,0,HB,Online TA,TA/TO,0,0,0,0,0,Transient,183.0,0,3,08,2017-08-07,0,4,2.0,0,1,1,0,Guest_2031,Expected
City Hotel,1,194,32,7,1,3,2,0.0,0,SC,Online TA,TA/TO,0,0,0,0,0,Transient,112.5,0,1,08,2017-08-07,0,4,2.0,0,1,1,0,Guest_2032,Expected
City Hotel,1,274,32,7,1,3,2,0.0,0,HB,Online TA,TA/TO,0,0,0,0,0,Transient,141.3,0,1,08,2017-08-07,0,4,2.0,0,1,1,0,Guest_2033,Expected
City Hotel,1,104,32,7,1,3,2,0.0,0,BB,Direct,Direct,0,0,0,0,0,Transient,107.1,0,1,08,2017-08-07,0,4,2.0,0,0,1,0,Guest_2034,Expected
City Hotel,1,15,32,7,1,3,2,0.0,0,BB,Direct,Direct,0,0,0,0,0,Transient,175.0,0,0,08,2017-08-07,0,4,2.0,0,1,1,0,Guest_2035,Expected
City Hotel,1,131,32,7,1,4,3,0.0,0,HB,Online TA,TA/TO,0,0,0,0,0,Transient,252.0,0,2,08,2017-08-07,0,5,3.0,0,1,1,0,Guest_2036,Expected
City Hotel,1,204,32,7,1,4,3,0.0,0,BB,Online TA,TA/TO,0,0,0,0,0,Transient,177.3,0,0,08,2017-08-07,0,5,3.0,0,1,1,0,Guest_2037,Expected
City Hotel,1,143,32,7,1,4,2,1.0,0,BB,Online TA,TA/TO,0,0,0,0,0,Transient,148.5,0,0,08,2017-08-07,0,5,3.0,0,1,1,0,Guest_2038,Expected
City Hotel,1,257,32,7,1,4,2,0.0,0,SC,Online TA,TA/TO,0,0,0,0,0,Transient,89.1,0,0,08,2017-08-07,0,5,2.0,0,1,1,0,Guest_2039,Expected
City Hotel,1,262,32,7,1,4,2,2.0,0,BB,Online TA,TA/TO,0,0,0,0,0,Transient,179.1,0,0,08,2017-08-07,0,5,4.0,0,1,1,0,Guest_2040,Expected
City Hotel,1,14,32,7,1,4,2,0.0,0,BB,Direct,Direct,0,0,0,1,0,Transient,170.0,0,0,08,2017-08-07,0,5,2.0,0,1,1,0,Guest_2041,Expected
City Hotel,1,152,32,7,1,5,2,1.0,0,BB,Online TA,TA/TO,0,0,0,0,0,Transient,148.5,0,0,08,2017-08-07,0,6,3.0,0,1,1,0,Guest_2042,Expected
City Hotel,1,82,32,7,1,5,3,0.0,0,BB,Online TA,TA/TO,0,0,0,0,0,Transient,230.0,0,1,08,2017-08-07,0,6,3.0,0,1,1,0,Guest_2043,Expected
City Hotel,1,160,32,7,2,5,2,0.0,0,BB,Online TA,TA/TO,0,0,0,0,0,Transient,139.5,0,0,08,2017-08-07,0,7,2.0,0,1,0,0,Guest_2044,Expected
City Hotel,1,21,32,7,2,5,2,0.0,0,SC,Online TA,TA/TO,0,0,0,0,0,Transient,160.0,0,1,08,2017-08-07,0,7,2.0,0,1,1,0,Guest_2045,Expected
City Hotel,1,35,32,8,0,1,2,0.0,0,BB,Offline TA/TO,TA/TO,0,0,0,0,0,Transient-Party,90.0,0,0,08,2017-08-08,0,1,2.0,0,1,0,1,Guest_2046,Expected
City Hotel,1,478,32,8,0,1,2,0.0,0,BB,Offline TA/TO,TA/TO,0,0,0,0,0,Transient,90.0,0,0,08,2017-08-08,0,1,2.0,0,1,0,1,Guest_2047,Expected
City Hotel,1,478,32,8,0,1,2,0.0,0,BB,Offline TA/TO,TA/TO,0,0,0,0,0,Transient,90.0,0,0,08,2017-08-08,0,1,2.0,0,1,0,1,Guest_2048,Expected
City Hotel,1,478,32,8,0,1,2,0.0,0,BB,Offline TA/TO,TA/TO,0,0,0,0,0,Transient,90.0,0,0,08,2017-08-08,0,1,2.0,0,1,0,1,Guest_2049,Expected
City Hotel,1,120,32,8,0,1,2,0.0,0,BB,Groups,TA/TO,0,0,0,0,0,Transient-Party,114.75,0,2,08,2017-08-08,0,1,2.0,0,1,0,1,Guest_2050,Expected
City Hotel,1,478,32,8,0,1,2,0.0,0,BB,Offline TA/TO,TA/TO,0,0,0,0,0,Transient,90.0,0,0,08,2017-08-08,0,1,2.0,0,1,0,1,Guest_2051,Expected
City Hotel,1,120,32,8,0,1,2,0.0,0,BB,Groups,TA/TO,0,0,0,0,0,Transient-Party,114.75,0,2,08,2017-08-08,0,1,2.0,0,1,0,1,Guest_2052,Expected
City Hotel,1,478,32,8,0,1,2,0.0,0,BB,Offline TA/TO,TA/TO,0,0,0,0,0,Transient,90.0,0,0,08,2017-08-08,0,1,2.0,0,1,0,1,Guest_2053,Expected
City Hotel,1,478,32,8,0,1,2,0.0,0,BB,Offline TA/TO,TA/TO,0,0,0,0,0,Transient,90.0,0,0,08,2017-08-08,0,1,2.0,0,1,0,1,Guest_2054,Expected
City Hotel,1,478,32,8,0,1,2,0.0,0,BB,Offline TA/TO,TA/TO,0,0,0,0,0,Transient,90.0,0,0,08,2017-08-08,0,1,2.0,0,1,0,1,Guest_2055,Expected
City Hotel,1,478,32,8,0,1,2,0.0,0,BB,Offline TA/TO,TA/TO,0,0,0,0,0,Transient,90.0,0,0,08,2017-08-08,0,1,2.0,0,1,0,1,Guest_2056,Expected
City Hotel,1,158,32,8,0,2,2,0.0,0,SC,Online TA,TA/TO,0,0,0,0,0,Transient,118.75,0,1,08,2017-08-08,0,2,2.0,0,1,1,1,Guest_2057,Expected
City Hotel,1,36,32,8,0,2,2,2.0,0,BB,Online TA,TA/TO,0,0,0,0,0,Transient,250.0,0,0,08,2017-08-08,0,2,4.0,0,1,1,1,Guest_2058,Expected
City Hotel,1,177,32,8,0,2,3,0.0,0,BB,Online TA,TA/TO,0,0,0,0,0,Transient,175.5,0,0,08,2017-08-08,0,2,3.0,0,1,1,1,Guest_2059,Expected
City Hotel,1,86,32,8,0,2,2,0.0,0,BB,Online TA,TA/TO,0,0,0,0,0,Transient,145.0,0,2,08,2017-08-08,0,2,2.0,0,1,1,1,Guest_2060,Expected
City Hotel,1,478,32,8,0,1,2,0.0,0,BB,Offline TA/TO,TA/TO,0,0,0,0,0,Transient,90.0,0,0,08,2017-08-08,0,1,2.0,0,1,0,1,Guest_2061,Expected
City Hotel,1,478,32,8,0,1,2,0.0,0,BB,Offline TA/TO,TA/TO,0,0,0,0,0,Transient,90.0,0,0,08,2017-08-08,0,1,2.0,0,1,0,1,Guest_2062,Expected
City Hotel,1,35,32,8,0,1,2,0.0,0,BB,Offline TA/TO,TA/TO,0,0,0,0,0,Transient-Party,90.0,0,0,08,2017-08-08,0,1,2.0,0,1,0,1,Guest_2063,Expected
City Hotel,1,326,32,8,0,2,2,2.0,0,BB,Online TA,TA/TO,0,0,0,0,0,Transient,199.0,0,0,08,2017-08-08,0,2,4.0,0,1,1,1,Guest_2064,Expected
City Hotel,1,187,32,8,0,2,2,0.0,0,HB,Online TA,TA/TO,0,0,0,0,0,Transient,166.5,0,0,08,2017-08-08,0,2,2.0,0,1,1,1,Guest_2065,Expected
City Hotel,1,30,32,8,0,2,2,0.0,0,BB,Online TA,TA/TO,0,0,0,0,0,Transient,180.0,0,2,08,2017-08-08,0,2,2.0,0,1,1,1,Guest_2066,Expected
City Hotel,1,86,32,8,0,2,2,0.0,0,BB,Online TA,TA/TO,0,0,0,0,0,Transient,145.0,0,2,08,2017-08-08,0,2,2.0,0,1,1,1,Guest_2067,Expected
City Hotel,1,0,32,8,0,2,1,0.0,0,BB,Aviation,Corporate,0,0,0,0,0,Transient,80.0,0,0,08,2017-08-08,0,2,1.0,0,0,0,1,Guest_2068,Expected
City Hotel,1,174,32,8,0,3,2,0.0,0,BB,Offline TA/TO,TA/TO,0,0,0,0,0,Transient,80.1,0,0,08,2017-08-08,0,3,2.0,0,1,0,1,Guest_2069,Expected
City Hotel,1,174,32,8,0,3,2,0.0,0,BB,Offline TA/TO,TA/TO,0,0,0,0,0,Transient,80.1,0,0,08,2017-08-08,0,3,2.0,0,1,0,1,Guest_2070,Expected
City Hotel,1,161,32,8,0,3,2,0.0,0,HB,Online TA,TA/TO,0,0,0,0,0,Transient,164.7,0,0,08,2017-08-08,0,3,2.0,0,1,1,1,Guest_2071,Expected
City Hotel,1,174,32,8,0,3,1,0.0,0,BB,Offline TA/TO,TA/TO,0,0,0,0,0,Transient,75.6,0,0,08,2017-08-08,0,3,1.0,0,1,0,1,Guest_2072,Expected
City Hotel,1,170,32,8,0,4,3,0.0,0,BB,Online TA,TA/TO,0,0,0,0,0,Transient,130.5,0,0,08,2017-08-08,0,4,3.0,0,1,1,1,Guest_2073,Expected
City Hotel,1,169,32,8,0,4,3,0.0,0,BB,Online TA,TA/TO,0,0,0,0,0,Transient,184.5,0,0,08,2017-08-08,0,4,3.0,0,1,1,1,Guest_2074,Expected
City Hotel,1,478,32,8,0,4,1,0.0,0,BB,Offline TA/TO,TA/TO,0,0,0,2,0,Transient-Party,88.5,0,0,08,2017-08-08,1,4,1.0,0,1,0,1,Guest_2075,Expected
City Hotel,1,169,32,8,0,4,2,0.0,0,BB,Online TA,TA/TO,0,0,0,0,0,Transient,139.5,0,0,08,2017-08-08,0,4,2.0,0,1,1,1,Guest_2076,Expected
City Hotel,1,239,32,8,0,4,2,0.0,0,BB,Online TA,TA/TO,0,0,0,0,0,Transient,130.5,0,0,08,2017-08-08,0,4,2.0,0,1,1,1,Guest_2077,Expected
City Hotel,1,310,32,8,0,4,3,0.0,0,BB,Online TA,TA/TO,0,0,0,0,0,Transient,139.5,0,2,08,2017-08-08,0,4,3.0,0,1,1,1,Guest_2078,Expected
City Hotel,1,275,32,8,0,4,2,0.0,0,SC,Online TA,TA/TO,0,0,0,0,0,Transient,89.1,0,2,08,2017-08-08,0,4,2.0,0,1,1,1,Guest_2079,Expected
City Hotel,1,170,32,8,0,4,2,0.0,0,BB,Online TA,TA/TO,0,0,0,0,0,Transient,175.5,0,0,08,2017-08-08,0,4,2.0,0,1,1,1,Guest_2080,Expected
City Hotel,1,324,32,8,0,5,2,0.0,0,BB,Online TA,TA/TO,0,0,0,0,0,Transient,107.1,0,2,08,2017-08-08,0,5,2.0,0,1,1,1,Guest_2081,Expected
City Hotel,1,185,32,8,0,5,2,0.0,0,HB,Online TA,TA/TO,0,0,0,0,0,Transient,164.7,0,0,08,2017-08-08,0,5,2.0,0,1,1,1,Guest_2082,Expected
City Hotel,1,185,32,8,0,5,3,0.0,0,HB,Offline TA/TO,TA/TO,0,0,0,0,0,Transient,155.1,0,0,08,2017-08-08,0,5,3.0,0,1,0,1,Guest_2083,Expected
City Hotel,1,324,32,8,0,5,2,0.0,0,BB,Online TA,TA/TO,0,0,0,0,0,Transient,107.1,0,2,08,2017-08-08,0,5,2.0,0,1,1,1,Guest_2084,Expected
City Hotel,1,364,32,8,2,5,2,0.0,0,HB,Offline TA/TO,TA/TO,0,0,0,0,0,Transient,116.0,0,0,08,2017-08-08,0,7,2.0,0,1,0,1,Guest_2085,Expected
City Hotel,1,66,32,8,2,5,2,0.0,0,BB,Offline TA/TO,TA/TO,0,0,0,0,0,Transient,80.1,0,0,08,2017-08-08,0,7,2.0,0,1,0,1,Guest_2086,Expected
City Hotel,1,216,32,8,2,6,2,0.0,0,BB,Online TA,TA/TO,0,0,0,0,0,Transient,130.5,0,0,08,2017-08-08,0,8,2.0,0,1,1,1,Guest_2087,Expected
City Hotel,1,180,32,8,2,6,2,0.0,0,HB,Online TA,TA/TO,0,0,0,0,0,Transient,223.0,0,1,08,2017-08-08,0,8,2.0,0,1,1,1,Guest_2088,Expected
City Hotel,1,201,32,8,2,8,2,0.0,0,BB,Online TA,TA/TO,0,0,0,0,0,Transient,166.5,0,0,08,2017-08-08,0,10,2.0,0,1,1,1,Guest_2089,Expected
City Hotel,1,0,32,9,0,1,2,0.0,0,BB,Direct,Direct,0,0,0,1,0,Transient,150.0,0,1,08,2017-08-09,0,1,2.0,0,0,0,2,Guest_2090,Expected
City Hotel,1,73,32,9,0,1,2,2.0,0,BB,Online TA,TA/TO,0,0,0,0,0,Transient,240.0,0,0,08,2017-08-09,0,1,4.0,0,1,1,2,Guest_2091,Expected
City Hotel,1,37,32,9,0,1,2,2.0,0,BB,Online TA,TA/TO,0,0,0,0,0,Transient,250.0,0,0,08,2017-08-09,0,1,4.0,0,1,1,2,Guest_2092,Expected
City Hotel,1,278,32,9,0,1,2,0.0,0,BB,Online TA,TA/TO,0,0,0,0,0,Transient,120.6,0,1,08,2017-08-09,0,1,2.0,0,1,1,2,Guest_2093,Expected
City Hotel,1,0,32,9,0,1,2,0.0,0,SC,Online TA,TA/TO,0,0,0,0,0,Transient,160.0,0,2,08,2017-08-09,0,1,2.0,0,1,1,2,Guest_2094,Expected
City Hotel,1,22,32,9,0,1,2,0.0,0,SC,Online TA,TA/TO,0,0,0,0,0,Transient,160.0,0,2,08,2017-08-09,0,1,2.0,0,1,1,2,Guest_2095,Expected
City Hotel,1,246,32,9,0,2,1,0.0,0,BB,Online TA,TA/TO,0,0,0,0,0,Transient,123.3,0,0,08,2017-08-09,0,2,1.0,0,1,1,2,Guest_2096,Expected
City Hotel,1,28,32,9,0,2,2,0.0,0,BB,Online TA,TA/TO,0,0,0,0,0,Transient,190.0,0,0,08,2017-08-09,0,2,2.0,0,1,1,2,Guest_2097,Expected
City Hotel,1,28,32,9,0,2,2,0.0,0,BB,Online TA,TA/TO,0,0,0,0,0,Transient,190.0,0,0,08,2017-08-09,0,2,2.0,0,1,1,2,Guest_2098,Expected
City Hotel,1,102,32,9,0,2,2,0.0,0,HB,Online TA,TA/TO,0,0,0,0,0,Transient,183.0,0,1,08,2017-08-09,0,2,2.0,0,1,1,2,Guest_2099,Expected
City Hotel,1,195,32,9,0,2,2,0.0,0,SC,Online TA,TA/TO,0,0,0,0,0,Transient,112.5,0,1,08,2017-08-09,0,2,2.0,0,1,1,2,Guest_2100,Expected
City Hotel,1,6,32,9,0,3,2,0.0,0,BB,Direct,Direct,0,0,0,0,0,Transient,144.0,0,1,08,2017-08-09,0,3,2.0,0,1,1,2,Guest_2101,Expected
City Hotel,1,268,32,9,0,3,2,1.0,0,HB,Online TA,TA/TO,0,0,0,0,0,Transient,167.85,0,2,08,2017-08-09,0,3,3.0,0,1,1,2,Guest_2102,Expected
City Hotel,1,36,32,9,0,3,2,0.0,0,BB,Offline TA/TO,TA/TO,0,0,0,1,0,Transient-Party,112.67,0,0,08,2017-08-09,0,3,2.0,0,1,0,2,Guest_2103,Expected
City Hotel,1,23,32,9,0,3,3,1.0,0,BB,Online TA,TA/TO,0,0,0,0,0,Transient,241.48,0,1,08,2017-08-09,0,3,4.0,0,1,0,2,Guest_2104,Expected
City Hotel,1,479,32,9,0,3,2,0.0,0,BB,Offline TA/TO,TA/TO,0,0,0,0,0,Transient-Party,112.67,0,1,08,2017-08-09,0,3,2.0,0,1,0,2,Guest_2105,Expected
City Hotel,1,7,32,9,0,3,2,0.0,0,BB,Direct,Direct,0,0,0,0,0,Transient,199.0,0,4,08,2017-08-09,0,3,2.0,0,1,0,2,Guest_2106,Expected
City Hotel,1,479,32,9,0,3,2,0.0,0,BB,Offline TA/TO,TA/TO,0,0,0,1,0,Transient-Party,112.67,0,0,08,2017-08-09,0,3,2.0,0,1,0,2,Guest_2107,Expected
City Hotel,1,132,32,9,0,3,3,0.0,0,BB,Online TA,TA/TO,0,0,0,0,0,Transient,195.0,0,2,08,2017-08-09,0,3,3.0,0,1,1,2,Guest_2108,Expected
City Hotel,1,269,32,9,0,3,2,0.0,0,HB,Online TA,TA/TO,0,0,0,2,0,Transient,160.53,0,0,08,2017-08-09,0,3,2.0,0,1,1,2,Guest_2109,Expected
City Hotel,1,132,32,9,0,3,3,0.0,0,BB,Online TA,TA/TO,0,0,0,0,0,Transient,195.0,0,2,08,2017-08-09,0,3,3.0,0,1,1,2,Guest_2110,Expected
City Hotel,1,268,32,9,0,3,2,0.0,0,HB,Online TA,TA/TO,0,0,0,0,0,Transient,154.8,0,2,08,2017-08-09,0,3,2.0,0,1,1,2,Guest_2111,Expected
City Hotel,1,269,32,9,0,3,2,1.0,0,HB,Online TA,TA/TO,0,0,0,2,0,Transient,174.07,0,0,08,2017-08-09,0,3,3.0,0,1,1,2,Guest_2112,Expected
City Hotel,1,28,32,9,0,3,2,0.0,0,SC,Online TA,TA/TO,0,0,0,0,0,Transient,160.0,0,1,08,2017-08-09,0,3,2.0,0,1,1,2,Guest_2113,Expected
City Hotel,1,479,32,9,0,3,2,0.0,0,BB,Offline TA/TO,TA/TO,0,0,0,0,0,Transient-Party,112.67,0,0,08,2017-08-09,0,3,2.0,0,1,0,2,Guest_2114,Expected
City Hotel,1,6,32,9,0,3,2,0.0,0,BB,Direct,Direct,0,0,0,0,0,Transient,144.0,0,1,08,2017-08-09,0,3,2.0,0,1,1,2,Guest_2115,Expected
City Hotel,1,128,32,9,0,4,2,0.0,0,SC,Online TA,TA/TO,0,0,0,1,0,Transient,125.0,0,1,08,2017-08-09,0,4,2.0,0,1,1,2,Guest_2116,Expected
City Hotel,1,191,32,9,0,4,2,0.0,0,SC,Online TA,TA/TO,0,0,0,0,0,Transient,112.5,0,2,08,2017-08-09,0,4,2.0,0,1,1,2,Guest_2117,Expected
City Hotel,1,191,32,9,0,4,2,0.0,0,SC,Online TA,TA/TO,0,0,0,0,0,Transient,112.5,0,1,08,2017-08-09,0,4,2.0,0,1,1,2,Guest_2118,Expected
City Hotel,1,128,32,9,0,4,2,2.0,0,BB,Online TA,TA/TO,0,0,0,1,0,Transient,235.0,0,1,08,2017-08-09,0,4,4.0,0,1,1,2,Guest_2119,Expected
City Hotel,1,128,32,9,0,4,3,0.0,0,BB,Online TA,TA/TO,0,0,0,1,0,Transient,195.0,0,1,08,2017-08-09,0,4,3.0,0,1,1,2,Guest_2120,Expected
City Hotel,1,128,32,9,0,4,2,0.0,0,SC,Online TA,TA/TO,0,0,0,1,0,Transient,125.0,0,1,08,2017-08-09,0,4,2.0,0,1,1,2,Guest_2121,Expected
City Hotel,1,148,32,9,0,4,2,0.0,0,SC,Offline TA/TO,TA/TO,0,0,0,0,0,Transient,71.1,0,1,08,2017-08-09,0,4,2.0,0,1,0,2,Guest_2122,Expected
City Hotel,1,201,32,9,0,4,3,0.0,0,BB,Online TA,TA/TO,0,0,0,0,0,Transient,175.5,0,0,08,2017-08-09,0,4,3.0,0,1,1,2,Guest_2123,Expected
City Hotel,1,191,32,9,0,4,2,0.0,0,SC,Online TA,TA/TO,0,0,0,0,0,Transient,112.5,0,1,08,2017-08-09,0,4,2.0,0,1,1,2,Guest_2124,Expected
City Hotel,1,42,32,9,0,4,2,0.0,0,SC,Online TA,TA/TO,0,0,0,0,0,Transient,140.0,0,0,08,2017-08-09,0,4,2.0,0,1,1,2,Guest_2125,Expected
City Hotel,1,43,32,9,1,4,2,0.0,0,SC,Online TA,TA/TO,0,0,0,0,0,Transient,140.0,0,1,08,2017-08-09,0,5,2.0,0,1,1,2,Guest_2126,Expected
City Hotel,1,41,32,9,1,4,1,0.0,0,SC,Online TA,TA/TO,0,0,0,0,0,Transient,142.0,0,0,08,2017-08-09,0,5,1.0,0,1,1,2,Guest_2127,Expected
City Hotel,1,226,32,9,2,4,2,0.0,0,SC,Online TA,TA/TO,0,0,0,0,0,Transient,112.5,0,1,08,2017-08-09,0,6,2.0,0,1,1,2,Guest_2128,Expected
City Hotel,1,121,32,9,2,5,2,0.0,0,SC,Online TA,TA/TO,0,0,0,0,0,Transient,125.0,0,2,08,2017-08-09,0,7,2.0,0,1,1,2,Guest_2129,Expected
City Hotel,1,224,32,9,2,6,2,1.0,0,BB,Online TA,TA/TO,0,0,0,0,0,Transient,148.5,0,1,08,2017-08-09,0,8,3.0,0,1,1,2,Guest_2130,Expected
City Hotel,1,0,32,10,0,1,2,0.0,0,BB,Direct,Direct,0,0,0,0,0,Transient,12.0,0,0,08,2017-08-10,0,1,2.0,0,0,0,3,Guest_2131,Expected
City Hotel,1,180,32,10,0,1,3,0.0,0,BB,Online TA,TA/TO,0,0,0,0,0,Transient,130.5,0,0,08,2017-08-10,0,1,3.0,0,1,1,3,Guest_2132,Expected
City Hotel,1,167,32,10,0,1,2,0.0,0,BB,Online TA,TA/TO,0,0,0,0,0,Transient,130.5,0,0,08,2017-08-10,0,1,2.0,0,1,1,3,Guest_2133,Expected
City Hotel,1,167,32,10,0,1,2,1.0,0,BB,Online TA,TA/TO,0,0,0,0,0,Transient,148.5,0,0,08,2017-08-10,0,1,3.0,0,1,1,3,Guest_2134,Expected
City Hotel,1,180,32,10,0,1,2,0.0,0,BB,Online TA,TA/TO,0,0,0,0,0,Transient,175.5,0,0,08,2017-08-10,0,1,2.0,0,1,1,3,Guest_2135,Expected
City Hotel,1,186,32,10,0,2,2,0.0,0,SC,Online TA,TA/TO,0,0,0,0,0,Transient,112.5,0,0,08,2017-08-10,0,2,2.0,0,1,1,3,Guest_2136,Expected
City Hotel,1,45,32,10,0,2,1,0.0,0,SC,Online TA,TA/TO,0,0,0,0,0,Transient,140.0,0,2,08,2017-08-10,0,2,1.0,0,1,1,3,Guest_2137,Expected
City Hotel,1,217,32,10,0,2,1,0.0,0,BB,Online TA,TA/TO,0,0,0,0,0,Transient,123.3,0,1,08,2017-08-10,0,2,1.0,0,1,1,3,Guest_2138,Expected
City Hotel,1,45,32,10,0,2,2,0.0,0,SC,Online TA,TA/TO,0,0,0,0,0,Transient,140.0,0,2,08,2017-08-10,0,2,2.0,0,1,1,3,Guest_2139,Expected
City Hotel,1,164,32,10,0,3,2,0.0,0,BB,Online TA,TA/TO,0,0,0,0,0,Transient,130.5,0,0,08,2017-08-10,0,3,2.0,0,1,1,3,Guest_2140,Expected
City Hotel,1,152,32,10,0,3,2,0.0,0,BB,Online TA,TA/TO,0,0,0,0,0,Transient,130.5,0,0,08,2017-08-10,0,3,2.0,0,1,1,3,Guest_2141,Expected
City Hotel,1,184,32,10,0,3,2,0.0,0,HB,Online TA,TA/TO,0,0,0,2,0,Transient,164.7,0,0,08,2017-08-10,0,3,2.0,0,1,1,3,Guest_2142,Expected
City Hotel,1,125,32,10,0,3,2,0.0,0,BB,Online TA,TA/TO,0,0,0,0,0,Transient,114.39,0,0,08,2017-08-10,0,3,2.0,0,1,0,3,Guest_2143,Expected
City Hotel,1,202,32,10,0,3,3,0.0,0,BB,Online TA,TA/TO,0,0,0,0,0,Transient,175.5,0,0,08,2017-08-10,0,3,3.0,0,1,1,3,Guest_2144,Expected
City Hotel,1,125,32,10,0,3,2,0.0,0,BB,Online TA,TA/TO,0,0,0,0,0,Transient,114.39,0,0,08,2017-08-10,0,3,2.0,0,1,0,3,Guest_2145,Expected
City Hotel,1,109,32,10,0,3,2,0.0,0,SC,Online TA,TA/TO,0,0,0,2,0,Transient,125.0,0,1,08,2017-08-10,0,3,2.0,0,1,1,3,Guest_2146,Expected
City Hotel,1,125,32,10,0,3,2,0.0,0,BB,Online TA,TA/TO,0,0,0,0,0,Transient,114.39,0,0,08,2017-08-10,0,3,2.0,0,1,0,3,Guest_2147,Expected
City Hotel,1,55,32,10,0,3,2,0.0,0,SC,Online TA,TA/TO,0,0,0,0,0,Transient,140.0,0,1,08,2017-08-10,0,3,2.0,0,1,1,3,Guest_2148,Expected
City Hotel,1,184,32,10,0,3,3,0.0,0,HB,Online TA,TA/TO,0,0,0,1,0,Transient,173.7,0,0,08,2017-08-10,0,3,3.0,0,1,1,3,Guest_2149,Expected
City Hotel,1,125,32,10,0,3,2,0.0,0,BB,Online TA,TA/TO,0,0,0,0,0,Transient,114.39,0,0,08,2017-08-10,0,3,2.0,0,1,0,3,Guest_2150,Expected
City Hotel,1,184,32,10,0,3,2,0.0,0,HB,Online TA,TA/TO,0,0,0,1,0,Transient,226.8,0,0,08,2017-08-10,0,3,2.0,0,1,1,3,Guest_2151,Expected
City Hotel,1,125,32,10,0,3,2,1.0,0,BB,Online TA,TA/TO,0,0,0,0,0,Transient,114.39,0,0,08,2017-08-10,0,3,3.0,0,1,0,3,Guest_2152,Expected
City Hotel,1,156,32,10,0,3,3,0.0,0,BB,Online TA,TA/TO,0,0,0,0,0,Transient,175.5,0,0,08,2017-08-10,0,3,3.0,0,1,1,3,Guest_2153,Expected
City Hotel,1,152,32,10,0,3,2,0.0,0,BB,Online TA,TA/TO,0,0,0,0,0,Transient,130.5,0,0,08,2017-08-10,0,3,2.0,0,1,1,3,Guest_2154,Expected
City Hotel,1,45,32,10,0,3,2,0.0,0,BB,Online TA,TA/TO,0,0,0,0,0,Transient,170.0,0,1,08,2017-08-10,0,3,2.0,0,1,1,3,Guest_2155,Expected
City Hotel,1,188,32,10,1,3,2,1.0,1,BB,Online TA,TA/TO,0,0,0,1,0,Transient,207.33,0,2,08,2017-08-10,0,4,4.0,0,1,0,3,Guest_2156,Expected
City Hotel,1,159,32,10,1,3,1,0.0,0,BB,Online TA,TA/TO,0,0,0,0,0,Transient,121.5,0,0,08,2017-08-10,0,4,1.0,0,1,1,3,Guest_2157,Expected
City Hotel,1,112,32,10,1,3,2,0.0,0,BB,Online TA,TA/TO,0,0,0,0,0,Transient,195.0,0,0,08,2017-08-10,0,4,2.0,0,1,1,3,Guest_2158,Expected
City Hotel,1,256,32,10,1,3,2,0.0,0,SC,Online TA,TA/TO,0,0,0,0,0,Transient,89.1,0,0,08,2017-08-10,0,4,2.0,0,1,1,3,Guest_2159,Expected
City Hotel,1,112,32,10,1,3,3,0.0,0,SC,Online TA,TA/TO,0,0,0,0,0,Transient,125.0,0,0,08,2017-08-10,0,4,3.0,0,1,1,3,Guest_2160,Expected
City Hotel,1,94,32,10,1,3,2,0.0,0,BB,Online TA,TA/TO,0,0,0,1,0,Transient,155.0,0,0,08,2017-08-10,0,4,2.0,0,1,1,3,Guest_2161,Expected
City Hotel,1,337,32,10,1,3,2,0.0,0,BB,Online TA,TA/TO,0,0,0,2,0,Transient,107.1,0,1,08,2017-08-10,0,4,2.0,0,1,1,3,Guest_2162,Expected
City Hotel,1,94,32,10,1,3,2,0.0,0,SC,Online TA,TA/TO,0,0,0,1,0,Transient,125.0,0,0,08,2017-08-10,0,4,2.0,0,1,1,3,Guest_2163,Expected
City Hotel,1,22,32,10,1,3,2,0.0,0,SC,Online TA,TA/TO,0,0,0,0,0,Transient,160.0,0,1,08,2017-08-10,0,4,2.0,0,1,1,3,Guest_2164,Expected
City Hotel,1,181,32,10,2,3,2,0.0,0,BB,Online TA,TA/TO,0,0,0,0,0,Transient,133.2,0,0,08,2017-08-10,0,5,2.0,0,1,0,3,Guest_2165,Expected
City Hotel,1,164,32,10,2,4,2,0.0,0,BB,Offline TA/TO,TA/TO,0,0,0,0,0,Transient,80.1,0,0,08,2017-08-10,0,6,2.0,0,1,0,3,Guest_2166,Expected
City Hotel,1,179,32,10,2,4,2,0.0,0,SC,Online TA,TA/TO,0,0,0,0,0,Transient,114.58,0,0,08,2017-08-10,0,6,2.0,0,1,1,3,Guest_2167,Expected
City Hotel,1,166,32,10,2,4,3,0.0,0,BB,Online TA,TA/TO,0,0,0,2,0,Transient,124.0,0,0,08,2017-08-10,0,6,3.0,0,1,0,3,Guest_2168,Expected
City Hotel,1,178,32,10,2,5,2,0.0,0,BB,Offline TA/TO,TA/TO,0,0,0,0,0,Transient,75.65,0,1,08,2017-08-10,0,7,2.0,0,1,0,3,Guest_2169,Expected
City Hotel,1,121,32,10,2,5,2,0.0,0,BB,Direct,Direct,0,0,0,0,0,Transient,112.5,0,0,08,2017-08-10,0,7,2.0,0,1,1,3,Guest_2170,Expected
City Hotel,1,54,32,10,2,6,1,0.0,0,BB,Online TA,TA/TO,0,0,0,2,0,Transient,170.0,0,1,08,2017-08-10,0,8,1.0,0,1,1,3,Guest_2171,Expected
City Hotel,1,54,32,10,2,6,2,0.0,0,SC,Online TA,TA/TO,0,0,0,0,0,Transient,140.0,0,1,08,2017-08-10,0,8,2.0,0,1,1,3,Guest_2172,Expected
City Hotel,1,109,32,10,2,4,2,0.0,0,SC,Online TA,TA/TO,0,0,0,0,0,Transient,125.0,0,1,08,2017-08-10,0,6,2.0,0,1,1,3,Guest_2173,Expected
City Hotel,1,31,32,11,0,1,2,3.0,0,BB,Online TA,TA/TO,0,0,0,0,0,Transient,352.5,0,1,08,2017-08-11,0,1,5.0,0,1,0,4,Guest_2174,Expected
City Hotel,1,0,32,11,0,0,0,0.0,0,SC,Online TA,TA/TO,0,0,0,0,0,Transient,0.0,0,0,08,2017-08-11,0,0,0.0,1,0,0,4,Guest_2175,Expected
City Hotel,1,0,32,11,0,0,0,0.0,0,SC,Online TA,TA/TO,0,0,0,0,0,Transient,0.0,0,0,08,2017-08-11,0,0,0.0,1,0,0,4,Guest_2176,Expected
City Hotel,1,88,32,11,0,1,2,0.0,0,BB,Online TA,TA/TO,0,0,0,0,0,Transient,155.0,0,1,08,2017-08-11,0,1,2.0,0,1,1,4,Guest_2177,Expected
City Hotel,1,132,32,11,0,1,2,0.0,0,SC,Online TA,TA/TO,0,0,0,2,0,Transient,125.0,0,1,08,2017-08-11,0,1,2.0,0,1,1,4,Guest_2178,Expected
City Hotel,1,264,32,11,0,1,2,0.0,0,BB,Online TA,TA/TO,0,0,0,0,0,Transient,116.1,0,0,08,2017-08-11,0,1,2.0,0,1,1,4,Guest_2179,Expected
City Hotel,1,27,32,11,0,1,2,0.0,0,SC,Online TA,TA/TO,0,0,0,1,0,Transient,160.0,0,1,08,2017-08-11,1,1,2.0,0,1,1,4,Guest_2180,Expected
City Hotel,1,23,32,11,0,2,2,0.0,0,BB,Online TA,TA/TO,0,0,0,0,0,Transient,180.0,0,1,08,2017-08-11,0,2,2.0,0,1,1,4,Guest_2181,Expected
City Hotel,1,111,32,11,0,2,2,0.0,0,SC,Online TA,TA/TO,0,0,0,0,0,Transient,134.0,0,1,08,2017-08-11,0,2,2.0,0,1,1,4,Guest_2182,Expected
City Hotel,1,347,32,11,0,2,2,1.0,0,BB,Online TA,TA/TO,0,0,0,0,0,Transient,119.7,0,1,08,2017-08-11,0,2,3.0,0,1,1,4,Guest_2183,Expected
City Hotel,1,118,32,11,0,2,2,0.0,0,BB,Online TA,TA/TO,0,0,0,0,0,Transient,155.0,0,1,08,2017-08-11,0,2,2.0,0,1,1,4,Guest_2184,Expected
City Hotel,1,160,32,11,1,2,2,0.0,0,SC,Online TA,TA/TO,0,0,0,0,0,Transient,120.83,0,0,08,2017-08-11,0,3,2.0,0,1,1,4,Guest_2185,Expected
City Hotel,1,178,32,11,1,2,2,1.0,0,BB,Online TA,TA/TO,0,0,0,0,0,Transient,148.5,0,0,08,2017-08-11,0,3,3.0,0,1,1,4,Guest_2186,Expected
City Hotel,1,283,32,11,1,2,3,0.0,0,BB,Online TA,TA/TO,0,0,0,0,0,Transient,156.6,0,0,08,2017-08-11,0,3,3.0,0,1,1,4,Guest_2187,Expected
City Hotel,1,283,32,11,1,2,2,1.0,0,BB,Online TA,TA/TO,0,0,0,0,0,Transient,125.1,0,0,08,2017-08-11,0,3,3.0,0,1,1,4,Guest_2188,Expected
City Hotel,1,169,32,11,1,2,2,0.0,0,SC,Online TA,TA/TO,0,0,0,0,0,Transient,116.67,0,0,08,2017-08-11,0,3,2.0,0,1,1,4,Guest_2189,Expected
City Hotel,1,88,32,11,1,2,3,0.0,0,BB,Online TA,TA/TO,0,0,0,0,0,Transient,195.0,0,0,08,2017-08-11,0,3,3.0,0,1,1,4,Guest_2190,Expected
City Hotel,1,87,32,11,1,2,2,0.0,0,BB,Online TA,TA/TO,0,0,0,0,0,Transient,145.0,0,1,08,2017-08-11,0,3,2.0,0,1,1,4,Guest_2191,Expected
City Hotel,1,187,32,11,1,2,2,0.0,0,SC,Online TA,TA/TO,0,0,0,0,0,Transient,112.5,0,0,08,2017-08-11,0,3,2.0,0,1,1,4,Guest_2192,Expected
City Hotel,1,170,32,11,2,2,3,0.0,0,BB,Online TA,TA/TO,0,0,0,0,0,Transient,139.5,0,0,08,2017-08-11,0,4,3.0,0,1,1,4,Guest_2193,Expected
City Hotel,1,54,32,11,2,2,3,0.0,0,BB,Online TA,TA/TO,0,0,0,0,0,Transient,210.0,0,1,08,2017-08-11,0,4,3.0,0,1,1,4,Guest_2194,Expected
City Hotel,1,257,32,11,2,2,2,0.0,0,SC,Online TA,TA/TO,0,0,0,0,0,Transient,89.1,0,1,08,2017-08-11,0,4,2.0,0,1,1,4,Guest_2195,Expected
City Hotel,1,29,32,11,2,2,2,0.0,0,SC,Online TA,TA/TO,0,0,0,0,0,Transient,160.0,0,0,08,2017-08-11,0,4,2.0,0,1,1,4,Guest_2196,Expected
City Hotel,1,160,32,11,1,2,2,0.0,0,SC,Online TA,TA/TO,0,0,0,0,0,Transient,120.83,0,0,08,2017-08-11,0,3,2.0,0,1,1,4,Guest_2197,Expected
City Hotel,1,237,32,11,2,2,2,0.0,0,BB,Online TA,TA/TO,0,0,0,0,0,Transient,130.5,0,1,08,2017-08-11,0,4,2.0,0,1,1,4,Guest_2198,Expected
City Hotel,1,29,32,11,2,2,2,0.0,0,BB,Online TA,TA/TO,0,0,0,0,0,Transient,199.0,0,0,08,2017-08-11,0,4,2.0,0,1,1,4,Guest_2199,Expected
City Hotel,1,144,32,11,2,2,2,0.0,0,BB,Online TA,TA/TO,0,0,0,0,0,Transient,130.5,0,0,08,2017-08-11,0,4,2.0,0,1,1,4,Guest_2200,Expected
City Hotel,1,303,32,11,2,2,2,1.0,0,BB,Online TA,TA/TO,0,0,0,0,0,Transient,123.75,0,1,08,2017-08-11,0,4,3.0,0,1,1,4,Guest_2201,Expected
City Hotel,1,260,32,11,2,2,2,0.0,0,BB,Online TA,TA/TO,0,0,0,0,0,Transient,107.1,0,0,08,2017-08-11,0,4,2.0,0,1,1,4,Guest_2202,Expected
City Hotel,1,170,32,11,2,2,2,0.0,0,BB,Online TA,TA/TO,0,0,0,0,0,Transient,175.5,0,0,08,2017-08-11,0,4,2.0,0,1,1,4,Guest_2203,Expected
City Hotel,1,259,32,11,2,3,2,1.0,0,BB,Online TA,TA/TO,0,0,0,0,0,Transient,125.1,0,0,08,2017-08-11,0,5,3.0,0,1,1,4,Guest_2204,Expected
City Hotel,1,226,32,11,2,4,3,0.0,0,HB,Online TA,TA/TO,0,0,0,0,0,Transient,202.5,0,2,08,2017-08-11,0,6,3.0,0,1,1,4,Guest_2205,Expected
City Hotel,1,43,32,11,2,5,2,0.0,0,BB,Online TA,TA/TO,0,0,0,0,0,Transient,160.0,0,2,08,2017-08-11,0,7,2.0,0,1,1,4,Guest_2206,Expected
City Hotel,1,288,32,11,2,5,2,0.0,0,BB,Online TA,TA/TO,0,0,0,0,0,Transient,107.1,0,2,08,2017-08-11,0,7,2.0,0,1,1,4,Guest_2207,Expected
City Hotel,1,0,32,12,0,1,2,0.0,0,BB,Direct,Direct,0,0,0,0,0,Transient,219.0,0,0,08,2017-08-12,0,1,2.0,0,1,0,5,Guest_2208,Expected
City Hotel,1,92,32,12,0,1,3,0.0,0,BB,Online TA,TA/TO,0,0,0,0,0,Transient,195.0,0,1,08,2017-08-12,0,1,3.0,0,1,0,5,Guest_2209,Expected
City Hotel,1,188,32,12,1,1,3,0.0,0,BB,Online TA,TA/TO,0,0,0,0,0,Transient,175.5,0,0,08,2017-08-12,0,2,3.0,0,1,1,5,Guest_2210,Expected
City Hotel,1,140,32,12,1,1,2,0.0,0,SC,Online TA,TA/TO,0,0,0,0,0,Transient,125.0,0,0,08,2017-08-12,0,2,2.0,0,1,1,5,Guest_2211,Expected
City Hotel,1,197,32,12,2,1,2,0.0,0,BB,Direct,Direct,0,0,0,0,0,Transient,112.5,0,0,08,2017-08-12,0,3,2.0,0,1,1,5,Guest_2212,Expected
City Hotel,1,197,32,12,2,1,2,0.0,0,BB,Direct,Direct,0,0,0,0,0,Transient,112.5,0,0,08,2017-08-12,0,3,2.0,0,1,1,5,Guest_2213,Expected
City Hotel,1,251,32,12,2,1,2,0.0,0,SC,Online TA,TA/TO,0,0,0,0,0,Transient,112.5,0,2,08,2017-08-12,0,3,2.0,0,1,1,5,Guest_2214,Expected
City Hotel,1,143,32,12,2,1,2,0.0,0,BB,Online TA,TA/TO,0,0,0,0,0,Transient,130.5,0,0,08,2017-08-12,0,3,2.0,0,1,1,5,Guest_2215,Expected
City Hotel,1,189,32,12,2,1,2,0.0,0,BB,Online TA,TA/TO,0,0,0,0,0,Transient,139.5,0,0,08,2017-08-12,0,3,2.0,0,1,1,5,Guest_2216,Expected
City Hotel,1,504,32,12,2,1,2,0.0,0,BB,Offline TA/TO,TA/TO,0,0,0,0,0,Transient-Party,90.0,0,0,08,2017-08-12,0,3,2.0,0,1,0,5,Guest_2217,Expected
City Hotel,1,504,32,12,2,1,2,0.0,0,BB,Offline TA/TO,TA/TO,0,0,0,0,0,Transient-Party,90.0,0,0,08,2017-08-12,0,3,2.0,0,1,0,5,Guest_2218,Expected
City Hotel,1,504,32,12,2,1,2,0.0,0,BB,Offline TA/TO,TA/TO,0,0,0,0,0,Transient-Party,90.0,0,0,08,2017-08-12,0,3,2.0,0,1,0,5,Guest_2219,Expected
City Hotel,1,504,32,12,2,1,1,0.0,0,BB,Offline TA/TO,TA/TO,0,0,0,0,0,Transient-Party,80.0,0,0,08,2017-08-12,0,3,1.0,0,1,0,5,Guest_2220,Expected
City Hotel,1,164,32,12,2,1,2,1.0,0,SC,Online TA,TA/TO,0,0,0,0,0,Transient,90.0,0,0,08,2017-08-12,0,3,3.0,0,1,0,5,Guest_2221,Expected
City Hotel,1,143,32,12,2,1,2,0.0,0,BB,Online TA,TA/TO,0,0,0,0,0,Transient,130.5,0,0,08,2017-08-12,0,3,2.0,0,1,1,5,Guest_2222,Expected
City Hotel,1,164,32,12,2,1,3,0.0,0,BB,Online TA,TA/TO,0,0,0,0,0,Transient,175.5,0,0,08,2017-08-12,0,3,3.0,0,1,1,5,Guest_2223,Expected
City Hotel,1,27,32,12,2,1,2,0.0,0,SC,Online TA,TA/TO,0,0,0,0,0,Transient,160.0,0,1,08,2017-08-12,0,3,2.0,0,1,1,5,Guest_2224,Expected
City Hotel,1,504,32,12,2,1,2,0.0,0,BB,Offline TA/TO,TA/TO,0,0,0,0,0,Transient-Party,90.0,0,0,08,2017-08-12,0,3,2.0,0,1,0,5,Guest_2225,Expected
City Hotel,1,172,32,12,2,2,2,0.0,0,BB,Online TA,TA/TO,0,0,0,0,0,Transient,130.5,0,1,08,2017-08-12,0,4,2.0,0,1,1,5,Guest_2226,Expected
City Hotel,1,115,32,12,2,2,2,0.0,0,SC,Online TA,TA/TO,0,0,0,0,0,Transient,125.0,0,1,08,2017-08-12,0,4,2.0,0,1,1,5,Guest_2227,Expected
City Hotel,1,30,32,12,2,2,2,0.0,0,BB,Online TA,TA/TO,0,0,0,0,0,Transient,180.0,0,1,08,2017-08-12,0,4,2.0,0,1,1,5,Guest_2228,Expected
City Hotel,1,283,32,12,2,2,2,0.0,0,BB,Online TA,TA/TO,0,0,0,0,0,Transient,107.1,0,0,08,2017-08-12,0,4,2.0,0,1,1,5,Guest_2229,Expected
City Hotel,1,115,32,12,2,2,2,0.0,0,BB,Online TA,TA/TO,0,0,0,0,0,Transient,155.0,0,2,08,2017-08-12,0,4,2.0,0,1,1,5,Guest_2230,Expected
City Hotel,1,283,32,12,2,2,2,0.0,0,BB,Online TA,TA/TO,0,0,0,0,0,Transient,107.1,0,0,08,2017-08-12,0,4,2.0,0,1,1,5,Guest_2231,Expected
City Hotel,1,153,32,12,2,2,2,0.0,0,BB,Online TA,TA/TO,0,0,0,0,0,Transient,130.5,0,0,08,2017-08-12,0,4,2.0,0,1,1,5,Guest_2232,Expected
City Hotel,1,50,32,12,2,2,2,0.0,0,SC,Online TA,TA/TO,0,0,0,0,0,Transient,140.0,0,2,08,2017-08-12,0,4,2.0,0,1,1,5,Guest_2233,Expected
City Hotel,1,289,32,12,2,2,2,0.0,0,SC,Online TA,TA/TO,0,0,0,0,0,Transient,89.1,0,1,08,2017-08-12,0,4,2.0,0,1,0,5,Guest_2234,Expected
City Hotel,1,172,32,12,2,2,2,0.0,0,BB,Online TA,TA/TO,0,0,0,2,0,Transient,139.5,0,1,08,2017-08-12,0,4,2.0,0,1,1,5,Guest_2235,Expected
City Hotel,1,102,32,12,2,2,2,0.0,0,SC,Online TA,TA/TO,0,0,0,0,0,Transient,125.0,0,0,08,2017-08-12,0,4,2.0,0,1,1,5,Guest_2236,Expected
City Hotel,1,123,32,12,2,3,2,0.0,0,HB,Online TA,TA/TO,0,0,0,0,0,Transient,146.68,0,1,08,2017-08-12,0,5,2.0,0,1,0,5,Guest_2237,Expected
City Hotel,1,160,32,12,2,3,2,0.0,0,SC,Online TA,TA/TO,0,0,0,0,0,Transient,115.0,0,0,08,2017-08-12,0,5,2.0,0,1,1,5,Guest_2238,Expected
City Hotel,1,167,32,12,2,3,2,0.0,0,BB,Online TA,TA/TO,0,0,0,0,0,Transient,130.5,0,0,08,2017-08-12,0,5,2.0,0,1,1,5,Guest_2239,Expected
City Hotel,1,123,32,12,2,3,3,0.0,0,HB,Online TA,TA/TO,0,0,0,0,0,Transient,177.08,0,1,08,2017-08-12,0,5,3.0,0,1,0,5,Guest_2240,Expected
City Hotel,1,125,32,12,2,3,2,0.0,0,HB,Online TA,TA/TO,0,0,0,0,0,Transient,193.0,0,2,08,2017-08-12,0,5,2.0,0,1,1,5,Guest_2241,Expected
City Hotel,1,125,32,12,2,3,2,0.0,0,HB,Online TA,TA/TO,0,0,0,0,0,Transient,193.0,0,2,08,2017-08-12,0,5,2.0,0,1,1,5,Guest_2242,Expected
City Hotel,1,154,32,12,2,3,2,0.0,0,BB,Direct,Direct,0,0,0,0,0,Transient,112.5,0,0,08,2017-08-12,0,5,2.0,0,1,1,5,Guest_2243,Expected
City Hotel,1,85,32,12,2,3,3,0.0,0,BB,Online TA,TA/TO,0,0,0,0,0,Transient,200.0,0,0,08,2017-08-12,0,5,3.0,0,1,1,5,Guest_2244,Expected
City Hotel,1,51,32,12,2,4,2,0.0,0,SC,Online TA,TA/TO,0,0,0,0,0,Transient,140.0,0,2,08,2017-08-12,0,6,2.0,0,1,1,5,Guest_2245,Expected
City Hotel,1,181,32,12,2,4,1,0.0,0,BB,Online TA,TA/TO,0,0,0,0,0,Transient,121.5,0,0,08,2017-08-12,0,6,1.0,0,1,1,5,Guest_2246,Expected
City Hotel,1,51,32,12,2,4,2,0.0,0,SC,Online TA,TA/TO,0,0,0,0,0,Transient,140.0,0,3,08,2017-08-12,0,6,2.0,0,1,1,5,Guest_2247,Expected
City Hotel,1,181,32,12,2,4,1,0.0,0,BB,Online TA,TA/TO,0,0,0,0,0,Transient,121.5,0,0,08,2017-08-12,0,6,1.0,0,1,1,5,Guest_2248,Expected
City Hotel,1,88,32,12,2,5,3,0.0,0,BB,Online TA,TA/TO,0,0,0,0,0,Transient,195.0,0,1,08,2017-08-12,0,7,3.0,0,1,1,5,Guest_2249,Expected
City Hotel,1,264,32,12,2,5,2,1.0,0,HB,Online TA,TA/TO,0,0,0,0,0,Transient,167.85,0,0,08,2017-08-12,0,7,3.0,0,1,1,5,Guest_2250,Expected
City Hotel,1,118,32,12,2,5,2,0.0,0,HB,Online TA,TA/TO,0,0,0,0,0,Transient,193.0,0,1,08,2017-08-12,0,7,2.0,0,1,1,5,Guest_2251,Expected
City Hotel,1,13,33,13,1,0,2,0.0,0,SC,Online TA,TA/TO,0,0,0,0,0,Transient,160.0,0,1,08,2017-08-13,0,1,2.0,0,1,1,6,Guest_2252,Expected
City Hotel,1,78,33,13,1,0,2,0.0,0,SC,Online TA,TA/TO,0,0,0,0,0,Transient,130.0,0,1,08,2017-08-13,0,1,2.0,0,1,1,6,Guest_2253,Expected
City Hotel,1,13,33,13,1,0,1,0.0,0,BB,Online TA,TA/TO,0,0,0,0,0,Transient,170.0,0,0,08,2017-08-13,0,1,1.0,0,1,1,6,Guest_2254,Expected
City Hotel,1,29,33,13,2,0,2,0.0,0,BB,Online TA,TA/TO,0,0,0,0,0,Transient,190.0,0,2,08,2017-08-13,0,2,2.0,0,1,1,6,Guest_2255,Expected
City Hotel,1,20,33,13,2,0,2,0.0,0,SC,Online TA,TA/TO,0,0,0,0,0,Transient,160.0,0,1,08,2017-08-13,0,2,2.0,0,1,1,6,Guest_2256,Expected
City Hotel,1,63,33,13,2,1,2,0.0,0,SC,Online TA,TA/TO,0,0,0,0,0,Transient,140.0,0,1,08,2017-08-13,0,3,2.0,0,1,1,6,Guest_2257,Expected
City Hotel,1,51,33,13,2,1,3,0.0,0,BB,Online TA,TA/TO,0,0,0,0,0,Transient,210.0,0,1,08,2017-08-13,0,3,3.0,0,1,0,6,Guest_2258,Expected
City Hotel,1,33,33,13,2,0,2,0.0,0,SC,Online TA,TA/TO,0,0,0,0,0,Transient,140.0,0,1,08,2017-08-13,0,2,2.0,0,1,1,6,Guest_2259,Expected
City Hotel,1,46,33,13,2,1,2,1.0,0,BB,Online TA,TA/TO,0,0,0,0,0,Transient,180.0,0,0,08,2017-08-13,0,3,3.0,0,1,1,6,Guest_2260,Expected
City Hotel,1,63,33,13,2,1,2,0.0,0,SC,Online TA,TA/TO,0,0,0,0,0,Transient,140.0,0,1,08,2017-08-13,0,3,2.0,0,1,1,6,Guest_2261,Expected
City Hotel,1,39,33,13,2,1,3,0.0,0,BB,Online TA,TA/TO,0,0,0,0,0,Transient,210.0,0,0,08,2017-08-13,0,3,3.0,0,1,1,6,Guest_2262,Expected
City Hotel,1,63,33,13,2,1,2,0.0,0,SC,Online TA,TA/TO,0,0,0,0,0,Transient,140.0,0,1,08,2017-08-13,0,3,2.0,0,1,1,6,Guest_2263,Expected
City Hotel,1,70,33,13,2,1,2,0.0,0,BB,Online TA,TA/TO,0,0,0,0,0,Transient,160.0,0,0,08,2017-08-13,0,3,2.0,0,1,1,6,Guest_2264,Expected
City Hotel,1,33,33,13,2,1,2,0.0,0,SC,Online TA,TA/TO,0,0,0,0,0,Transient,140.0,0,1,08,2017-08-13,0,3,2.0,0,1,1,6,Guest_2265,Expected
City Hotel,1,325,33,13,2,2,2,0.0,0,BB,Online TA,TA/TO,0,0,0,2,0,Transient,107.1,0,0,08,2017-08-13,0,4,2.0,0,1,1,6,Guest_2266,Expected
City Hotel,1,257,33,13,2,2,3,0.0,0,BB,Online TA,TA/TO,0,0,0,0,0,Transient,180.0,0,1,08,2017-08-13,0,4,3.0,0,1,1,6,Guest_2267,Expected
City Hotel,1,162,33,13,2,2,3,0.0,0,BB,Online TA,TA/TO,0,0,0,0,0,Transient,175.5,0,0,08,2017-08-13,0,4,3.0,0,1,1,6,Guest_2268,Expected
City Hotel,1,105,33,13,2,2,2,0.0,0,SC,Online TA,TA/TO,0,0,0,0,0,Transient,125.0,0,0,08,2017-08-13,0,4,2.0,0,1,1,6,Guest_2269,Expected
City Hotel,1,115,33,13,2,3,2,2.0,0,HB,Online TA,TA/TO,0,0,0,0,0,Transient,198.44,0,0,08,2017-08-13,0,5,4.0,0,1,0,6,Guest_2270,Expected
City Hotel,1,63,33,13,2,3,2,1.0,0,BB,Online TA,TA/TO,0,0,0,0,0,Transient,180.0,0,1,08,2017-08-13,0,5,3.0,0,1,1,6,Guest_2271,Expected
City Hotel,1,133,33,13,2,3,3,0.0,0,HB,Online TA,TA/TO,0,0,0,0,0,Transient,252.0,0,2,08,2017-08-13,0,5,3.0,0,1,1,6,Guest_2272,Expected
City Hotel,1,158,33,13,2,4,3,0.0,0,BB,Online TA,TA/TO,0,0,0,0,0,Transient,175.5,0,0,08,2017-08-13,0,6,3.0,0,1,1,6,Guest_2273,Expected
City Hotel,1,155,33,13,2,4,3,0.0,0,BB,Online TA,TA/TO,0,0,0,0,0,Transient,175.5,0,0,08,2017-08-13,0,6,3.0,0,1,1,6,Guest_2274,Expected
City Hotel,1,170,33,13,2,4,2,0.0,0,SC,Online TA,TA/TO,0,0,0,0,0,Transient,112.5,0,0,08,2017-08-13,0,6,2.0,0,1,1,6,Guest_2275,Expected
City Hotel,1,140,33,13,2,4,2,0.0,0,BB,Online TA,TA/TO,0,0,0,0,0,Transient,147.25,0,0,08,2017-08-13,0,6,2.0,0,1,0,6,Guest_2276,Expected
City Hotel,1,143,33,13,2,4,2,1.0,0,BB,Online TA,TA/TO,0,0,0,0,0,Transient,148.5,0,1,08,2017-08-13,0,6,3.0,0,1,0,6,Guest_2277,Expected
City Hotel,1,130,33,13,2,5,2,0.0,0,SC,Online TA,TA/TO,0,0,0,0,0,Transient,125.0,0,2,08,2017-08-13,0,7,2.0,0,1,1,6,Guest_2278,Expected
City Hotel,1,102,33,13,2,4,2,0.0,0,BB,Online TA,TA/TO,0,0,0,0,0,Transient,155.0,0,1,08,2017-08-13,0,6,2.0,0,1,1,6,Guest_2279,Expected
City Hotel,1,116,33,13,2,5,2,0.0,0,HB,Online TA,TA/TO,0,0,0,0,0,Transient,183.0,0,2,08,2017-08-13,0,7,2.0,0,1,1,6,Guest_2280,Expected
City Hotel,1,130,33,13,2,5,2,0.0,0,SC,Online TA,TA/TO,0,0,0,0,0,Transient,125.0,0,2,08,2017-08-13,0,7,2.0,0,1,1,6,Guest_2281,Expected
City Hotel,1,207,33,13,2,5,3,0.0,0,HB,Online TA,TA/TO,0,0,0,0,0,Transient,199.16,0,3,08,2017-08-13,0,7,3.0,0,1,1,6,Guest_2282,Expected
City Hotel,1,105,33,13,4,10,3,0.0,0,BB,Online TA,TA/TO,0,0,0,0,0,Transient,195.0,0,1,08,2017-08-13,0,14,3.0,0,1,1,6,Guest_2283,Expected
City Hotel,1,105,33,14,1,0,2,0.0,0,BB,Online TA,TA/TO,0,0,0,0,0,Transient,155.0,0,1,08,2017-08-14,0,1,2.0,0,1,1,0,Guest_2284,Expected
City Hotel,1,32,33,14,1,0,3,0.0,0,BB,Online TA,TA/TO,0,0,0,0,0,Transient,230.0,0,2,08,2017-08-14,0,1,3.0,0,1,1,0,Guest_2285,Expected
City Hotel,1,61,33,14,1,0,3,0.0,0,BB,Online TA,TA/TO,0,0,0,0,0,Transient,219.0,0,4,08,2017-08-14,0,1,3.0,0,1,1,0,Guest_2286,Expected
City Hotel,1,73,33,14,1,0,3,0.0,0,BB,Online TA,TA/TO,0,0,0,1,0,Transient,200.0,0,0,08,2017-08-14,0,1,3.0,0,1,1,0,Guest_2287,Expected
City Hotel,1,73,33,14,1,0,2,0.0,0,SC,Online TA,TA/TO,0,0,0,1,0,Transient,130.0,0,0,08,2017-08-14,0,1,2.0,0,1,1,0,Guest_2288,Expected
City Hotel,1,27,33,14,1,1,3,0.0,0,BB,Online TA,TA/TO,0,0,0,1,0,Transient,239.0,0,1,08,2017-08-14,0,2,3.0,0,1,1,0,Guest_2289,Expected
City Hotel,1,36,33,14,1,1,2,0.0,0,SC,Online TA,TA/TO,0,0,0,0,0,Transient,140.0,0,0,08,2017-08-14,0,2,2.0,0,1,0,0,Guest_2290,Expected
City Hotel,1,49,33,14,1,1,2,0.0,0,SC,Online TA,TA/TO,0,0,0,0,0,Transient,140.0,0,1,08,2017-08-14,0,2,2.0,0,1,1,0,Guest_2291,Expected
City Hotel,1,27,33,14,1,1,2,0.0,0,BB,Online TA,TA/TO,0,0,0,1,0,Transient,189.0,0,0,08,2017-08-14,0,2,2.0,0,1,1,0,Guest_2292,Expected
City Hotel,1,224,33,14,1,1,2,0.0,0,SC,Online TA,TA/TO,0,0,0,0,0,Transient,112.5,0,0,08,2017-08-14,0,2,2.0,0,1,1,0,Guest_2293,Expected
City Hotel,1,101,33,14,1,1,1,0.0,0,SC,Online TA,TA/TO,0,0,0,0,0,Transient,125.0,0,0,08,2017-08-14,0,2,1.0,0,1,1,0,Guest_2294,Expected
City Hotel,1,186,33,14,1,2,2,0.0,0,BB,Online TA,TA/TO,0,0,0,0,0,Transient,130.5,0,0,08,2017-08-14,0,3,2.0,0,1,1,0,Guest_2295,Expected
City Hotel,1,122,33,14,1,2,3,0.0,0,BB,Online TA,TA/TO,0,0,0,0,0,Transient,195.0,0,0,08,2017-08-14,0,3,3.0,0,1,1,0,Guest_2296,Expected
City Hotel,1,108,33,14,1,2,2,0.0,0,SC,Online TA,TA/TO,0,0,0,0,0,Transient,125.0,0,1,08,2017-08-14,0,3,2.0,0,1,1,0,Guest_2297,Expected
City Hotel,1,108,33,14,1,2,2,0.0,0,SC,Online TA,TA/TO,0,0,0,0,0,Transient,125.0,0,1,08,2017-08-14,0,3,2.0,0,1,1,0,Guest_2298,Expected
City Hotel,1,83,33,14,1,2,2,1.0,0,BB,Online TA,TA/TO,0,0,0,0,0,Transient,170.0,0,1,08,2017-08-14,0,3,3.0,0,1,1,0,Guest_2299,Expected
City Hotel,1,32,33,14,1,2,1,0.0,0,SC,Online TA,TA/TO,0,0,0,0,0,Transient,160.0,0,1,08,2017-08-14,0,3,1.0,0,1,1,0,Guest_2300,Expected
City Hotel,1,100,33,14,1,2,2,0.0,0,BB,Online TA,TA/TO,0,0,0,0,0,Transient,155.0,0,1,08,2017-08-14,0,3,2.0,0,1,1,0,Guest_2301,Expected
City Hotel,1,146,33,14,1,2,2,0.0,0,BB,Online TA,TA/TO,0,0,0,0,0,Transient,130.5,0,0,08,2017-08-14,0,3,2.0,0,1,1,0,Guest_2302,Expected
City Hotel,1,140,33,14,1,3,2,0.0,0,BB,Direct,Direct,0,0,0,0,0,Transient,175.0,0,3,08,2017-08-14,0,4,2.0,0,1,0,0,Guest_2303,Expected
City Hotel,1,274,33,14,1,3,2,0.0,0,BB,Online TA,TA/TO,0,0,0,0,0,Transient,107.1,0,1,08,2017-08-14,0,4,2.0,0,1,1,0,Guest_2304,Expected
City Hotel,1,164,33,14,1,3,2,1.0,0,BB,Online TA,TA/TO,0,0,0,0,0,Transient,148.5,0,0,08,2017-08-14,0,4,3.0,0,1,1,0,Guest_2305,Expected
City Hotel,1,118,33,14,1,3,2,0.0,0,SC,Online TA,TA/TO,0,0,0,0,0,Transient,125.0,0,1,08,2017-08-14,0,4,2.0,0,1,1,0,Guest_2306,Expected
City Hotel,1,153,33,14,1,4,2,0.0,0,BB,Online TA,TA/TO,0,0,0,0,0,Transient,130.5,0,0,08,2017-08-14,0,5,2.0,0,1,1,0,Guest_2307,Expected
City Hotel,1,135,33,14,1,4,3,0.0,0,BB,Direct,Direct,0,0,0,0,0,Transient,175.0,0,3,08,2017-08-14,0,5,3.0,0,1,1,0,Guest_2308,Expected
City Hotel,1,176,33,14,1,5,2,1.0,0,BB,Online TA,TA/TO,0,0,0,0,0,Transient,144.6,0,0,08,2017-08-14,0,6,3.0,0,1,1,0,Guest_2309,Expected
City Hotel,1,145,33,14,1,5,2,1.0,0,HB,Online TA,TA/TO,0,0,0,0,0,Transient,190.8,0,0,08,2017-08-14,0,6,3.0,0,1,1,0,Guest_2310,Expected
City Hotel,1,204,33,14,2,5,2,0.0,0,HB,Online TA,TA/TO,0,0,0,0,0,Transient,161.23,0,0,08,2017-08-14,0,7,2.0,0,1,1,0,Guest_2311,Expected
City Hotel,1,142,33,14,2,5,2,0.0,0,HB,Direct,Direct,0,0,0,0,0,Transient,157.5,0,2,08,2017-08-14,0,7,2.0,0,1,0,0,Guest_2312,Expected
City Hotel,1,148,33,14,2,5,2,0.0,0,HB,Direct,Direct,0,0,0,3,0,Transient,157.5,0,1,08,2017-08-14,0,7,2.0,0,1,0,0,Guest_2313,Expected
City Hotel,1,201,33,14,2,5,2,0.0,0,HB,Offline TA/TO,TA/TO,0,0,0,0,0,Transient,89.0,0,0,08,2017-08-14,0,7,2.0,0,1,0,0,Guest_2314,Expected
City Hotel,1,189,33,14,2,5,2,1.0,0,BB,Online TA,TA/TO,0,0,0,0,0,Transient,143.23,0,0,08,2017-08-14,0,7,3.0,0,1,1,0,Guest_2315,Expected
City Hotel,1,229,33,14,3,7,2,1.0,0,BB,Online TA,TA/TO,0,0,0,0,0,Transient,140.76,0,1,08,2017-08-14,0,10,3.0,0,1,1,0,Guest_2316,Expected
City Hotel,1,183,33,14,3,8,3,0.0,0,BB,Online TA,TA/TO,0,0,0,0,0,Transient,167.24,0,0,08,2017-08-14,0,11,3.0,0,1,1,0,Guest_2317,Expected
City Hotel,1,507,33,15,0,1,2,0.0,0,BB,Offline TA/TO,TA/TO,0,0,0,0,0,Transient,90.0,0,0,08,2017-08-15,0,1,2.0,0,1,0,1,Guest_2318,Expected
City Hotel,1,507,33,15,0,1,2,0.0,0,BB,Offline TA/TO,TA/TO,0,0,0,0,0,Transient,90.0,0,0,08,2017-08-15,0,1,2.0,0,1,0,1,Guest_2319,Expected
City Hotel,1,507,33,15,0,1,2,0.0,0,BB,Offline TA/TO,TA/TO,0,0,0,0,0,Transient,90.0,0,0,08,2017-08-15,0,1,2.0,0,1,0,1,Guest_2320,Expected
City Hotel,1,507,33,15,0,1,2,0.0,0,BB,Offline TA/TO,TA/TO,0,0,0,0,0,Transient,90.0,0,0,08,2017-08-15,0,1,2.0,0,1,0,1,Guest_2321,Expected
City Hotel,1,507,33,15,0,1,2,0.0,0,BB,Offline TA/TO,TA/TO,0,0,0,0,0,Transient,90.0,0,0,08,2017-08-15,0,1,2.0,0,1,0,1,Guest_2322,Expected
City Hotel,1,507,33,15,0,1,2,0.0,0,BB,Offline TA/TO,TA/TO,0,0,0,0,0,Transient,90.0,0,0,08,2017-08-15,0,1,2.0,0,1,0,1,Guest_2323,Expected
City Hotel,1,40,33,15,0,1,2,0.0,0,BB,Online TA,TA/TO,0,0,0,0,0,Transient,160.0,0,1,08,2017-08-15,0,1,2.0,0,1,1,1,Guest_2324,Expected
City Hotel,1,507,33,15,0,1,2,0.0,0,BB,Offline TA/TO,TA/TO,0,0,0,0,0,Transient,90.0,0,0,08,2017-08-15,0,1,2.0,0,1,0,1,Guest_2325,Expected
City Hotel,1,507,33,15,0,1,2,0.0,0,BB,Offline TA/TO,TA/TO,0,0,0,0,0,Transient,90.0,0,0,08,2017-08-15,0,1,2.0,0,1,0,1,Guest_2326,Expected
City Hotel,1,60,33,15,0,1,2,0.0,0,BB,Online TA,TA/TO,0,0,0,2,0,Transient,180.0,0,1,08,2017-08-15,0,1,2.0,0,1,1,1,Guest_2327,Expected
City Hotel,1,507,33,15,0,1,2,0.0,0,BB,Offline TA/TO,TA/TO,0,0,0,0,0,Transient,90.0,0,0,08,2017-08-15,0,1,2.0,0,1,0,1,Guest_2328,Expected
City Hotel,1,507,33,15,0,1,2,0.0,0,BB,Offline TA/TO,TA/TO,0,0,0,0,0,Transient,90.0,0,0,08,2017-08-15,0,1,2.0,0,1,0,1,Guest_2329,Expected
City Hotel,1,35,33,15,0,1,1,0.0,0,SC,Online TA,TA/TO,0,0,0,1,0,Transient,140.0,0,1,08,2017-08-15,0,1,1.0,0,1,1,1,Guest_2330,Expected
City Hotel,1,11,33,15,0,2,2,0.0,0,BB,Direct,Direct,0,0,0,0,0,Transient,12.0,0,0,08,2017-08-15,0,2,2.0,0,0,0,1,Guest_2331,Expected
City Hotel,1,78,33,15,0,2,2,2.0,0,BB,Online TA,TA/TO,0,0,0,0,0,Transient,240.0,0,2,08,2017-08-15,0,2,4.0,0,1,1,1,Guest_2332,Expected
City Hotel,1,11,33,15,0,2,2,0.0,0,BB,Direct,Direct,0,0,0,0,0,Transient,12.0,0,0,08,2017-08-15,0,2,2.0,0,0,0,1,Guest_2333,Expected
City Hotel,1,63,33,15,0,2,2,0.0,0,SC,Online TA,TA/TO,0,0,0,0,0,Transient,140.0,0,1,08,2017-08-15,0,2,2.0,0,1,1,1,Guest_2334,Expected
City Hotel,1,209,33,15,0,3,2,0.0,0,BB,Online TA,TA/TO,0,0,0,0,0,Transient,130.5,0,1,08,2017-08-15,0,3,2.0,0,1,1,1,Guest_2335,Expected
City Hotel,1,37,33,15,0,3,2,0.0,0,SC,Online TA,TA/TO,0,0,0,0,0,Transient,140.0,0,2,08,2017-08-15,0,3,2.0,0,1,1,1,Guest_2336,Expected
City Hotel,1,54,33,15,0,2,2,0.0,0,HB,Online TA,TA/TO,0,0,0,0,0,Transient,198.0,0,1,08,2017-08-15,0,2,2.0,0,1,1,1,Guest_2337,Expected
City Hotel,1,31,33,15,0,3,2,0.0,0,BB,Online TA,TA/TO,0,0,0,0,0,Transient,180.0,0,1,08,2017-08-15,0,3,2.0,0,1,1,1,Guest_2338,Expected
City Hotel,1,148,33,15,0,3,3,0.0,0,BB,Online TA,TA/TO,0,0,0,0,0,Transient,175.5,0,0,08,2017-08-15,0,3,3.0,0,1,1,1,Guest_2339,Expected
City Hotel,1,158,33,15,0,3,2,1.0,0,BB,Online TA,TA/TO,0,0,0,0,0,Transient,148.5,0,0,08,2017-08-15,0,3,3.0,0,1,1,1,Guest_2340,Expected
City Hotel,1,267,33,15,0,3,2,0.0,0,BB,Offline TA/TO,TA/TO,0,0,0,0,0,Transient,90.0,0,0,08,2017-08-15,0,3,2.0,0,1,0,1,Guest_2341,Expected
City Hotel,1,209,33,15,0,3,2,1.0,0,BB,Online TA,TA/TO,0,0,0,0,0,Transient,148.5,0,2,08,2017-08-15,0,3,3.0,0,1,1,1,Guest_2342,Expected
City Hotel,1,97,33,15,0,3,2,0.0,0,BB,Online TA,TA/TO,0,0,0,0,0,Transient,145.0,0,1,08,2017-08-15,0,3,2.0,0,1,1,1,Guest_2343,Expected
City Hotel,1,308,33,15,0,4,0,2.0,0,BB,Online TA,TA/TO,0,0,0,0,0,Transient,96.25,0,0,08,2017-08-15,0,4,2.0,0,1,1,1,Guest_2344,Expected
City Hotel,1,309,33,15,0,4,2,0.0,0,BB,Online TA,TA/TO,0,0,0,1,0,Transient,96.25,0,0,08,2017-08-15,0,4,2.0,0,1,1,1,Guest_2345,Expected
City Hotel,1,309,33,15,0,4,2,0.0,0,SC,Online TA,TA/TO,0,0,0,0,0,Transient,89.1,0,0,08,2017-08-15,0,4,2.0,0,1,1,1,Guest_2346,Expected
City Hotel,1,114,33,15,0,4,3,0.0,0,BB,Online TA,TA/TO,0,0,0,0,0,Transient,195.0,0,0,08,2017-08-15,0,4,3.0,0,1,1,1,Guest_2347,Expected
City Hotel,1,217,33,15,0,4,2,0.0,0,BB,Online TA,TA/TO,0,0,0,0,0,Transient,130.5,0,0,08,2017-08-15,0,4,2.0,0,1,1,1,Guest_2348,Expected
City Hotel,1,191,33,15,0,4,3,0.0,0,BB,Online TA,TA/TO,0,0,0,1,0,Transient,175.5,0,0,08,2017-08-15,0,4,3.0,0,1,1,1,Guest_2349,Expected
City Hotel,1,309,33,15,0,4,2,0.0,0,SC,Online TA,TA/TO,0,0,0,0,0,Transient,89.1,0,0,08,2017-08-15,0,4,2.0,0,1,1,1,Guest_2350,Expected
City Hotel,1,57,33,15,0,4,2,0.0,0,BB,Online TA,TA/TO,0,0,0,0,0,Transient,160.0,0,1,08,2017-08-15,0,4,2.0,0,1,1,1,Guest_2351,Expected
City Hotel,1,281,33,15,0,4,2,0.0,0,BB,Offline TA/TO,TA/TO,0,0,0,0,0,Transient,90.0,0,0,08,2017-08-15,0,4,2.0,0,1,0,1,Guest_2352,Expected
City Hotel,1,215,33,15,0,4,2,0.0,0,BB,Direct,Direct,0,0,0,4,0,Transient,123.3,0,0,08,2017-08-15,0,4,2.0,0,1,1,1,Guest_2353,Expected
City Hotel,1,49,33,15,0,4,2,0.0,0,SC,Online TA,TA/TO,0,0,0,0,0,Transient,140.0,0,1,08,2017-08-15,0,4,2.0,0,1,1,1,Guest_2354,Expected
City Hotel,1,191,33,15,0,4,2,0.0,0,BB,Online TA,TA/TO,0,0,0,1,0,Transient,130.5,0,0,08,2017-08-15,0,4,2.0,0,1,1,1,Guest_2355,Expected
City Hotel,1,314,33,15,0,5,2,0.0,0,BB,Online TA,TA/TO,0,0,0,0,0,Transient,107.1,0,1,08,2017-08-15,0,5,2.0,0,1,1,1,Guest_2356,Expected
City Hotel,1,90,33,15,2,5,3,0.0,0,BB,Offline TA/TO,TA/TO,0,0,0,1,0,Transient,116.1,0,0,08,2017-08-15,0,7,3.0,0,1,0,1,Guest_2357,Expected
City Hotel,1,276,33,15,2,5,2,0.0,0,SC,Online TA,TA/TO,0,0,0,0,0,Transient,94.24,0,1,08,2017-08-15,0,7,2.0,0,1,1,1,Guest_2358,Expected
City Hotel,1,135,33,15,2,6,3,0.0,0,BB,Online TA,TA/TO,0,0,0,0,0,Transient,195.0,0,1,08,2017-08-15,0,8,3.0,0,1,1,1,Guest_2359,Expected
City Hotel,1,287,33,16,0,1,2,0.0,0,BB,Online TA,TA/TO,0,0,0,0,0,Transient,107.1,0,0,08,2017-08-16,0,1,2.0,0,1,1,2,Guest_2360,Expected
City Hotel,1,303,33,16,0,1,1,0.0,0,BB,Online TA,TA/TO,0,0,0,0,0,Transient,99.9,0,1,08,2017-08-16,0,1,1.0,0,1,1,2,Guest_2361,Expected
City Hotel,1,36,33,16,0,1,2,0.0,0,BB,Online TA,TA/TO,0,0,0,1,0,Transient,100.0,0,0,08,2017-08-16,0,1,2.0,0,1,0,2,Guest_2362,Expected
City Hotel,1,41,33,16,0,1,2,2.0,0,BB,Online TA,TA/TO,0,0,0,0,0,Transient,250.0,0,0,08,2017-08-16,0,1,4.0,0,1,1,2,Guest_2363,Expected
City Hotel,1,303,33,16,0,1,1,0.0,0,BB,Online TA,TA/TO,0,0,0,0,0,Transient,99.9,0,1,08,2017-08-16,0,1,1.0,0,1,1,2,Guest_2364,Expected
City Hotel,1,168,33,16,0,1,2,0.0,0,HB,Online TA,TA/TO,0,0,0,0,0,Transient,164.7,0,0,08,2017-08-16,0,1,2.0,0,1,1,2,Guest_2365,Expected
City Hotel,1,132,33,16,0,1,3,0.0,0,BB,Offline TA/TO,TA/TO,0,0,0,0,0,Transient,116.1,0,0,08,2017-08-16,0,1,3.0,0,1,0,2,Guest_2366,Expected
City Hotel,1,25,33,16,0,1,2,2.0,0,BB,Online TA,TA/TO,0,0,0,0,0,Transient,266.96,0,1,08,2017-08-16,0,1,4.0,0,1,0,2,Guest_2367,Expected
City Hotel,1,54,33,16,0,1,2,1.0,0,BB,Online TA,TA/TO,0,0,0,0,0,Transient,189.0,0,2,08,2017-08-16,0,1,3.0,0,1,1,2,Guest_2368,Expected
City Hotel,1,0,33,16,0,1,2,0.0,0,BB,Direct,Direct,0,0,0,0,0,Transient,12.0,0,0,08,2017-08-16,0,1,2.0,0,0,0,2,Guest_2369,Expected
City Hotel,1,180,33,16,0,1,1,1.0,0,SC,Online TA,TA/TO,0,0,0,0,0,Transient,121.0,0,0,08,2017-08-16,0,1,2.0,0,1,0,2,Guest_2370,Expected
City Hotel,1,158,33,16,0,1,2,0.0,0,HB,Online TA,TA/TO,0,0,0,0,0,Transient,164.7,0,0,08,2017-08-16,0,1,2.0,0,1,1,2,Guest_2371,Expected
City Hotel,1,75,33,16,0,1,1,0.0,0,SC,Online TA,TA/TO,0,0,0,0,0,Transient,130.0,0,1,08,2017-08-16,0,1,1.0,0,1,1,2,Guest_2372,Expected
City Hotel,1,132,33,16,0,1,2,0.0,0,BB,Offline TA/TO,TA/TO,0,0,0,0,0,Transient,80.1,0,0,08,2017-08-16,0,1,2.0,0,1,0,2,Guest_2373,Expected
City Hotel,1,168,33,16,0,1,2,0.0,0,HB,Online TA,TA/TO,0,0,0,0,0,Transient,164.7,0,0,08,2017-08-16,0,1,2.0,0,1,1,2,Guest_2374,Expected
City Hotel,1,176,33,16,0,1,2,0.0,0,BB,Online TA,TA/TO,0,0,0,2,0,Transient,130.5,0,0,08,2017-08-16,0,1,2.0,0,1,1,2,Guest_2375,Expected
City Hotel,1,15,33,16,0,1,2,0.0,0,SC,Online TA,TA/TO,0,0,0,0,0,Transient,160.0,0,1,08,2017-08-16,0,1,2.0,0,1,1,2,Guest_2376,Expected
City Hotel,1,182,33,16,0,1,2,2.0,0,BB,Online TA,TA/TO,0,0,0,0,0,Transient,235.0,0,0,08,2017-08-16,0,1,4.0,0,1,1,2,Guest_2377,Expected
City Hotel,1,36,33,16,0,1,2,0.0,0,BB,Online TA,TA/TO,0,0,0,1,0,Transient,100.0,0,0,08,2017-08-16,0,1,2.0,0,1,0,2,Guest_2378,Expected
City Hotel,1,158,33,16,0,1,2,0.0,0,HB,Online TA,TA/TO,0,0,0,0,0,Transient,164.7,0,0,08,2017-08-16,0,1,2.0,0,1,1,2,Guest_2379,Expected
City Hotel,1,303,33,16,0,1,1,0.0,0,BB,Online TA,TA/TO,0,0,0,0,0,Transient,99.9,0,1,08,2017-08-16,0,1,1.0,0,1,1,2,Guest_2380,Expected
City Hotel,1,335,33,16,0,2,2,1.0,0,BB,Online TA,TA/TO,0,0,0,0,0,Transient,139.0,0,1,08,2017-08-16,0,2,3.0,0,1,1,2,Guest_2381,Expected
City Hotel,1,180,33,16,0,2,1,1.0,0,SC,Online TA,TA/TO,0,0,0,0,0,Transient,121.0,0,0,08,2017-08-16,0,2,2.0,0,1,0,2,Guest_2382,Expected
City Hotel,1,13,33,16,0,2,2,0.0,0,BB,Direct,Direct,0,0,0,0,0,Transient,160.0,0,0,08,2017-08-16,0,2,2.0,0,0,0,2,Guest_2383,Expected
City Hotel,1,47,33,16,0,2,1,0.0,0,SC,Online TA,TA/TO,0,0,0,0,0,Transient,93.6,0,0,08,2017-08-16,0,2,1.0,0,1,0,2,Guest_2384,Expected
City Hotel,1,94,33,16,0,2,2,0.0,0,SC,Online TA,TA/TO,0,0,0,0,0,Transient,112.5,0,0,08,2017-08-16,0,2,2.0,0,1,1,2,Guest_2385,Expected
City Hotel,1,41,33,16,0,2,2,1.0,0,BB,Online TA,TA/TO,0,0,0,0,0,Transient,180.0,0,0,08,2017-08-16,0,2,3.0,0,1,1,2,Guest_2386,Expected
City Hotel,1,13,33,16,0,2,2,0.0,0,BB,Direct,Direct,0,0,0,0,0,Transient,160.0,0,0,08,2017-08-16,0,2,2.0,0,0,0,2,Guest_2387,Expected
City Hotel,1,71,33,16,0,3,2,0.0,0,SC,Online TA,TA/TO,0,0,0,0,0,Transient,140.0,0,1,08,2017-08-16,0,3,2.0,0,1,1,2,Guest_2388,Expected
City Hotel,1,195,33,16,0,3,2,2.0,0,BB,Online TA,TA/TO,0,0,0,0,0,Transient,235.0,0,0,08,2017-08-16,0,3,4.0,0,1,1,2,Guest_2389,Expected
City Hotel,1,84,33,16,0,3,2,0.0,0,SC,Online TA,TA/TO,0,0,0,0,0,Transient,130.0,0,1,08,2017-08-16,0,3,2.0,0,1,1,2,Guest_2390,Expected
City Hotel,1,88,33,16,0,3,3,0.0,0,BB,Online TA,TA/TO,0,0,0,0,0,Transient,200.0,0,0,08,2017-08-16,0,3,3.0,0,1,1,2,Guest_2391,Expected
City Hotel,1,25,33,16,0,3,2,0.0,0,SC,Online TA,TA/TO,0,0,0,0,0,Transient,160.0,0,1,08,2017-08-16,0,3,2.0,0,1,1,2,Guest_2392,Expected
City Hotel,1,316,33,16,0,3,0,2.0,0,BB,Online TA,TA/TO,0,0,0,0,0,Transient,104.05,0,3,08,2017-08-16,0,3,2.0,0,1,1,2,Guest_2393,Expected
City Hotel,1,92,33,16,0,3,2,0.0,0,BB,Offline TA/TO,TA/TO,0,0,0,0,0,Transient,80.1,0,0,08,2017-08-16,0,3,2.0,0,1,0,2,Guest_2394,Expected
City Hotel,1,84,33,16,0,3,3,0.0,0,BB,Online TA,TA/TO,0,0,0,0,0,Transient,200.0,0,0,08,2017-08-16,0,3,3.0,0,1,1,2,Guest_2395,Expected
City Hotel,1,293,33,16,0,3,3,0.0,0,BB,Online TA,TA/TO,0,0,0,0,0,Transient,156.6,0,2,08,2017-08-16,0,3,3.0,0,1,1,2,Guest_2396,Expected
City Hotel,1,330,33,16,0,3,2,1.0,0,BB,Online TA,TA/TO,0,0,0,1,0,Transient,129.73,0,2,08,2017-08-16,1,3,3.0,0,1,1,2,Guest_2397,Expected
City Hotel,1,185,33,16,0,3,2,0.0,0,BB,Online TA,TA/TO,0,0,0,0,0,Transient,139.5,0,0,08,2017-08-16,0,3,2.0,0,1,1,2,Guest_2398,Expected
City Hotel,1,92,33,16,0,3,2,1.0,0,BB,Offline TA/TO,TA/TO,0,0,0,0,0,Transient,93.6,0,0,08,2017-08-16,0,3,3.0,0,1,0,2,Guest_2399,Expected
City Hotel,1,293,33,16,0,3,2,0.0,0,BB,Online TA,TA/TO,0,0,0,0,0,Transient,107.1,0,2,08,2017-08-16,0,3,2.0,0,1,1,2,Guest_2400,Expected
City Hotel,1,106,33,16,0,3,2,1.0,0,BB,Direct,Direct,0,0,0,0,0,Transient,141.5,0,3,08,2017-08-16,0,3,3.0,0,1,1,2,Guest_2401,Expected
City Hotel,1,77,33,16,0,3,3,0.0,0,BB,Online TA,TA/TO,0,0,0,0,0,Transient,200.0,0,0,08,2017-08-16,0,3,3.0,0,1,1,2,Guest_2402,Expected
City Hotel,1,92,33,16,0,3,2,0.0,0,BB,Offline TA/TO,TA/TO,0,0,0,0,0,Transient,80.1,0,0,08,2017-08-16,0,3,2.0,0,1,0,2,Guest_2403,Expected
City Hotel,1,35,33,16,0,4,2,0.0,0,SC,Online TA,TA/TO,0,0,0,0,0,Transient,160.0,0,1,08,2017-08-16,0,4,2.0,0,1,0,2,Guest_2404,Expected
City Hotel,1,210,33,16,0,4,2,0.0,0,SC,Online TA,TA/TO,0,0,0,0,0,Transient,115.65,0,1,08,2017-08-16,0,4,2.0,0,1,1,2,Guest_2405,Expected
City Hotel,1,233,33,16,0,4,2,0.0,0,SC,Online TA,TA/TO,0,0,0,0,0,Transient,106.65,0,0,08,2017-08-16,0,4,2.0,0,1,1,2,Guest_2406,Expected
City Hotel,1,136,33,16,0,4,2,0.0,0,BB,Online TA,TA/TO,0,0,0,0,0,Transient,195.0,0,0,08,2017-08-16,0,4,2.0,0,1,1,2,Guest_2407,Expected
City Hotel,1,142,33,16,0,4,2,0.0,0,BB,Online TA,TA/TO,0,0,0,0,0,Transient,155.0,0,0,08,2017-08-16,0,4,2.0,0,1,1,2,Guest_2408,Expected
City Hotel,1,274,33,16,0,4,2,2.0,0,BB,Online TA,TA/TO,0,0,0,0,0,Transient,179.1,0,1,08,2017-08-16,0,4,4.0,0,1,1,2,Guest_2409,Expected
City Hotel,1,142,33,16,0,4,2,0.0,0,BB,Online TA,TA/TO,0,0,0,0,0,Transient,195.0,0,0,08,2017-08-16,0,4,2.0,0,1,1,2,Guest_2410,Expected
City Hotel,1,216,33,16,0,4,2,0.0,0,BB,Online TA,TA/TO,0,0,0,0,0,Transient,124.65,0,0,08,2017-08-16,0,4,2.0,0,1,1,2,Guest_2411,Expected
City Hotel,1,142,33,16,0,4,3,0.0,0,BB,Online TA,TA/TO,0,0,0,0,0,Transient,190.13,0,0,08,2017-08-16,0,4,3.0,0,1,1,2,Guest_2412,Expected
City Hotel,1,142,33,16,0,4,3,0.0,0,SC,Online TA,TA/TO,0,0,0,0,0,Transient,125.0,0,0,08,2017-08-16,0,4,3.0,0,1,1,2,Guest_2413,Expected
City Hotel,1,136,33,16,0,4,3,0.0,0,SC,Online TA,TA/TO,0,0,0,0,0,Transient,125.0,0,0,08,2017-08-16,0,4,3.0,0,1,1,2,Guest_2414,Expected
City Hotel,1,53,33,16,0,4,1,0.0,0,SC,Online TA,TA/TO,0,0,0,0,0,Transient,198.0,0,1,08,2017-08-16,0,4,1.0,0,1,1,2,Guest_2415,Expected
City Hotel,1,102,33,16,0,4,2,0.0,0,BB,Online TA,TA/TO,0,0,0,0,0,Transient,155.0,0,1,08,2017-08-16,0,4,2.0,0,1,1,2,Guest_2416,Expected
City Hotel,1,142,33,16,0,4,2,0.0,0,SC,Online TA,TA/TO,0,0,0,0,0,Transient,125.0,0,0,08,2017-08-16,0,4,2.0,0,1,1,2,Guest_2417,Expected
City Hotel,1,102,33,16,0,4,2,0.0,0,BB,Online TA,TA/TO,0,0,0,0,0,Transient,155.0,0,1,08,2017-08-16,0,4,2.0,0,1,1,2,Guest_2418,Expected
City Hotel,1,317,33,16,0,3,2,0.0,0,BB,Online TA,TA/TO,0,0,0,1,0,Transient,104.05,0,3,08,2017-08-16,0,3,2.0,0,1,1,2,Guest_2419,Expected
City Hotel,1,210,33,16,0,4,2,0.0,0,SC,Online TA,TA/TO,0,0,0,0,0,Transient,106.65,0,1,08,2017-08-16,0,4,2.0,0,1,1,2,Guest_2420,Expected
City Hotel,1,261,33,16,1,4,3,0.0,0,BB,Offline TA/TO,TA/TO,0,0,0,0,0,Transient,107.1,0,0,08,2017-08-16,0,5,3.0,0,1,0,2,Guest_2421,Expected
City Hotel,1,116,33,16,2,4,2,0.0,0,SC,Online TA,TA/TO,0,0,0,0,0,Transient,125.0,0,1,08,2017-08-16,0,6,2.0,0,1,1,2,Guest_2422,Expected
City Hotel,1,280,33,16,2,4,2,0.0,0,BB,Online TA,TA/TO,0,0,0,0,0,Transient,113.1,0,0,08,2017-08-16,0,6,2.0,0,1,1,2,Guest_2423,Expected
City Hotel,1,98,33,16,2,4,3,0.0,0,BB,Online TA,TA/TO,0,0,0,0,0,Transient,195.0,0,0,08,2017-08-16,0,6,3.0,0,1,1,2,Guest_2424,Expected
City Hotel,1,198,33,16,2,4,2,0.0,0,BB,Online TA,TA/TO,0,0,0,0,0,Transient,122.1,0,0,08,2017-08-16,0,6,2.0,0,1,1,2,Guest_2425,Expected
City Hotel,1,307,33,16,2,4,2,0.0,0,SC,Online TA,TA/TO,0,0,0,2,0,Transient,95.1,0,1,08,2017-08-16,0,6,2.0,0,1,1,2,Guest_2426,Expected
City Hotel,1,181,33,16,2,5,2,0.0,0,BB,Direct,Direct,0,0,0,0,0,Transient,103.37,0,2,08,2017-08-16,0,7,2.0,0,1,1,2,Guest_2427,Expected
City Hotel,1,294,33,16,2,5,2,1.0,0,BB,Online TA,TA/TO,0,0,0,0,0,Transient,135.39,0,2,08,2017-08-16,0,7,3.0,0,1,1,2,Guest_2428,Expected
City Hotel,1,216,33,16,2,5,2,0.0,0,BB,Online TA,TA/TO,0,0,0,2,0,Transient,121.37,0,2,08,2017-08-16,0,7,2.0,0,1,1,2,Guest_2429,Expected
City Hotel,1,319,33,16,2,5,2,1.0,0,BB,Online TA,TA/TO,0,0,0,0,0,Transient,135.39,0,1,08,2017-08-16,0,7,3.0,0,1,1,2,Guest_2430,Expected
City Hotel,1,126,33,16,2,6,2,0.0,0,BB,Online TA,TA/TO,0,0,0,0,0,Transient,155.0,0,1,08,2017-08-16,0,8,2.0,0,1,1,2,Guest_2431,Expected
City Hotel,1,101,33,16,2,7,3,0.0,0,HB,Online TA,TA/TO,0,0,0,0,0,Transient,252.0,0,1,08,2017-08-16,0,9,3.0,0,1,1,2,Guest_2432,Expected
City Hotel,1,296,33,16,2,7,2,1.0,0,BB,Online TA,TA/TO,0,0,0,0,0,Transient,141.1,0,2,08,2017-08-16,0,9,3.0,0,1,1,2,Guest_2433,Expected
City Hotel,1,185,33,16,2,7,2,0.0,0,BB,Online TA,TA/TO,0,0,0,0,0,Transient,120.4,0,0,08,2017-08-16,0,9,2.0,0,1,1,2,Guest_2434,Expected
City Hotel,1,181,33,17,0,1,1,1.0,0,SC,Online TA,TA/TO,0,0,0,0,0,Transient,121.0,0,0,08,2017-08-17,0,1,2.0,0,1,1,3,Guest_2435,Expected
City Hotel,1,205,33,17,0,1,2,0.0,0,BB,Online TA,TA/TO,0,0,0,0,0,Transient,130.5,0,0,08,2017-08-17,0,1,2.0,0,1,0,3,Guest_2436,Expected
City Hotel,1,14,33,17,0,1,2,0.0,0,SC,Online TA,TA/TO,0,0,0,0,0,Transient,160.0,0,1,08,2017-08-17,0,1,2.0,0,1,0,3,Guest_2437,Expected
City Hotel,1,15,33,17,0,1,2,2.0,0,BB,Online TA,TA/TO,0,0,0,0,0,Transient,205.2,0,0,08,2017-08-17,0,1,4.0,0,1,0,3,Guest_2438,Expected
City Hotel,1,275,33,17,0,2,2,1.0,0,BB,Online TA,TA/TO,0,0,0,0,0,Transient,125.1,0,0,08,2017-08-17,0,2,3.0,0,1,1,3,Guest_2439,Expected
City Hotel,1,140,33,17,0,2,2,0.0,0,SC,Online TA,TA/TO,0,0,0,0,0,Transient,125.0,0,0,08,2017-08-17,0,2,2.0,0,1,1,3,Guest_2440,Expected
City Hotel,1,55,33,17,0,2,3,0.0,0,BB,Online TA,TA/TO,0,0,0,0,0,Transient,210.0,0,0,08,2017-08-17,0,2,3.0,0,1,1,3,Guest_2441,Expected
City Hotel,1,149,33,17,0,2,1,2.0,0,BB,Direct,Direct,0,0,0,0,0,Transient,152.5,0,1,08,2017-08-17,0,2,3.0,0,1,0,3,Guest_2442,Expected
City Hotel,1,140,33,17,0,2,2,0.0,0,SC,Online TA,TA/TO,0,0,0,0,0,Transient,125.0,0,0,08,2017-08-17,0,2,2.0,0,1,1,3,Guest_2443,Expected
City Hotel,1,85,33,17,0,2,1,0.0,0,BB,Online TA,TA/TO,0,0,0,3,0,Transient,190.0,0,2,08,2017-08-17,0,2,1.0,0,1,1,3,Guest_2444,Expected
City Hotel,1,92,33,17,0,2,2,0.0,0,SC,Online TA,TA/TO,0,0,0,0,0,Transient,130.0,0,1,08,2017-08-17,0,2,2.0,0,1,1,3,Guest_2445,Expected
City Hotel,1,218,33,17,0,2,2,0.0,0,BB,Online TA,TA/TO,0,0,0,0,0,Transient,130.5,0,3,08,2017-08-17,0,2,2.0,0,1,1,3,Guest_2446,Expected
City Hotel,1,119,33,17,0,3,2,0.0,0,BB,Direct,Direct,0,0,0,0,0,Transient,140.0,0,0,08,2017-08-17,0,3,2.0,0,1,1,3,Guest_2447,Expected
City Hotel,1,89,33,17,0,3,3,0.0,0,BB,Online TA,TA/TO,0,0,0,0,0,Transient,200.0,0,0,08,2017-08-17,0,3,3.0,0,1,1,3,Guest_2448,Expected
City Hotel,1,15,33,17,0,3,2,0.0,0,BB,Online TA,TA/TO,0,0,0,0,0,Transient,180.0,0,1,08,2017-08-17,0,3,2.0,0,1,1,3,Guest_2449,Expected
City Hotel,1,283,33,17,0,3,2,1.0,0,BB,Online TA,TA/TO,0,0,0,0,0,Transient,134.1,0,1,08,2017-08-17,0,3,3.0,0,1,1,3,Guest_2450,Expected
City Hotel,1,30,33,17,0,3,2,0.0,0,SC,Online TA,TA/TO,0,0,0,0,0,Transient,160.0,0,2,08,2017-08-17,0,3,2.0,0,1,1,3,Guest_2451,Expected
City Hotel,1,104,33,17,0,3,2,0.0,0,BB,Online TA,TA/TO,0,0,0,2,0,Transient,155.0,0,1,08,2017-08-17,0,3,2.0,0,1,1,3,Guest_2452,Expected
City Hotel,1,207,33,17,0,3,3,0.0,0,BB,Online TA,TA/TO,0,0,0,1,0,Transient,167.7,0,0,08,2017-08-17,0,3,3.0,0,1,1,3,Guest_2453,Expected
City Hotel,1,118,33,17,0,3,2,0.0,0,SC,Offline TA/TO,TA/TO,0,0,0,0,0,Transient,71.1,0,0,08,2017-08-17,0,3,2.0,0,1,0,3,Guest_2454,Expected
City Hotel,1,93,33,17,0,3,2,0.0,0,BB,Online TA,TA/TO,0,0,0,1,0,Transient,190.0,0,1,08,2017-08-17,0,3,2.0,0,1,1,3,Guest_2455,Expected
City Hotel,1,72,33,17,0,3,2,1.0,0,BB,Direct,Direct,0,0,0,0,0,Transient,138.02,0,2,08,2017-08-17,0,3,3.0,0,1,1,3,Guest_2456,Expected
City Hotel,1,1,33,17,0,3,2,0.0,0,BB,Direct,Direct,0,0,0,1,0,Transient,170.0,0,0,08,2017-08-17,0,3,2.0,0,1,0,3,Guest_2457,Expected
City Hotel,1,203,33,17,0,3,2,0.0,0,BB,Direct,Direct,0,0,0,0,0,Transient,138.02,0,0,08,2017-08-17,0,3,2.0,0,1,1,3,Guest_2458,Expected
City Hotel,1,115,33,17,0,3,3,0.0,0,BB,Online TA,TA/TO,0,0,0,0,0,Transient,195.0,0,0,08,2017-08-17,0,3,3.0,0,1,1,3,Guest_2459,Expected
City Hotel,1,204,33,17,0,3,2,1.0,0,BB,Direct,Direct,0,0,0,3,0,Transient,138.02,0,2,08,2017-08-17,0,3,3.0,0,1,1,3,Guest_2460,Expected
City Hotel,1,200,33,17,0,3,2,2.0,0,BB,Online TA,TA/TO,0,0,0,0,0,Transient,226.33,0,0,08,2017-08-17,0,3,4.0,0,1,1,3,Guest_2461,Expected
City Hotel,1,186,33,17,0,3,2,0.0,0,BB,Online TA,TA/TO,0,0,0,0,0,Transient,131.7,0,0,08,2017-08-17,0,3,2.0,0,1,1,3,Guest_2462,Expected
City Hotel,1,82,33,17,1,3,2,0.0,0,BB,Direct,Direct,0,0,0,0,0,Transient,185.0,0,1,08,2017-08-17,0,4,2.0,0,1,0,3,Guest_2463,Expected
City Hotel,1,151,33,17,1,3,2,0.0,0,BB,Online TA,TA/TO,0,0,0,0,0,Transient,139.5,0,0,08,2017-08-17,0,4,2.0,0,1,1,3,Guest_2464,Expected
City Hotel,1,101,33,17,1,3,2,0.0,0,SC,Online TA,TA/TO,0,0,0,0,0,Transient,125.0,0,1,08,2017-08-17,0,4,2.0,0,1,1,3,Guest_2465,Expected
City Hotel,1,171,33,17,1,3,2,0.0,0,BB,Online TA,TA/TO,0,0,0,0,0,Transient,130.5,0,0,08,2017-08-17,0,4,2.0,0,1,1,3,Guest_2466,Expected
City Hotel,1,151,33,17,1,3,2,1.0,0,BB,Online TA,TA/TO,0,0,0,0,0,Transient,148.5,0,0,08,2017-08-17,0,4,3.0,0,1,1,3,Guest_2467,Expected
City Hotel,1,163,33,17,1,3,2,1.0,0,BB,Online TA,TA/TO,0,0,0,0,0,Transient,148.5,0,0,08,2017-08-17,0,4,3.0,0,1,1,3,Guest_2468,Expected
City Hotel,1,229,33,17,2,3,2,1.0,0,BB,Online TA,TA/TO,0,0,0,2,0,Transient,138.42,0,1,08,2017-08-17,0,5,3.0,0,1,1,3,Guest_2469,Expected
City Hotel,1,116,33,17,2,3,2,0.0,0,SC,Online TA,TA/TO,0,0,0,0,0,Transient,125.0,0,0,08,2017-08-17,0,5,2.0,0,1,1,3,Guest_2470,Expected
City Hotel,1,96,33,17,2,5,2,0.0,0,SC,Online TA,TA/TO,0,0,0,0,0,Transient,125.0,0,1,08,2017-08-17,0,7,2.0,0,1,1,3,Guest_2471,Expected
City Hotel,1,114,33,17,2,5,3,0.0,0,BB,Online TA,TA/TO,0,0,0,2,0,Transient,195.0,0,0,08,2017-08-17,0,7,3.0,0,1,1,3,Guest_2472,Expected
City Hotel,1,173,33,17,2,4,2,1.0,0,BB,Online TA,TA/TO,0,0,0,0,0,Transient,137.85,0,0,08,2017-08-17,0,6,3.0,0,1,1,3,Guest_2473,Expected
City Hotel,1,199,33,17,2,5,2,0.0,0,BB,Online TA,TA/TO,0,0,0,2,0,Transient,119.44,0,0,08,2017-08-17,0,7,2.0,0,1,1,3,Guest_2474,Expected
City Hotel,1,199,33,17,2,5,2,0.0,0,BB,Online TA,TA/TO,0,0,0,2,0,Transient,119.44,0,0,08,2017-08-17,0,7,2.0,0,1,1,3,Guest_2475,Expected
City Hotel,1,177,33,17,2,5,3,0.0,0,BB,Online TA,TA/TO,0,0,0,0,0,Transient,164.44,0,0,08,2017-08-17,0,7,3.0,0,1,1,3,Guest_2476,Expected
City Hotel,1,173,33,17,2,8,2,0.0,0,BB,Online TA,TA/TO,0,0,0,0,0,Transient,127.71,0,0,08,2017-08-17,0,10,2.0,0,1,1,3,Guest_2477,Expected
City Hotel,1,206,33,17,4,10,3,0.0,0,BB,Online TA,TA/TO,0,0,0,0,0,Transient,163.22,0,0,08,2017-08-17,0,14,3.0,0,1,1,3,Guest_2478,Expected
City Hotel,1,160,33,18,0,1,3,0.0,0,BB,Online TA,TA/TO,0,0,0,0,0,Transient,175.5,0,0,08,2017-08-18,0,1,3.0,0,1,1,4,Guest_2479,Expected
City Hotel,1,23,33,18,0,1,3,0.0,0,BB,Online TA,TA/TO,0,0,0,0,0,Transient,230.0,0,1,08,2017-08-18,0,1,3.0,0,1,1,4,Guest_2480,Expected
City Hotel,1,179,33,18,0,2,2,0.0,0,BB,Online TA,TA/TO,0,0,0,0,0,Transient,118.8,0,0,08,2017-08-18,0,2,2.0,0,1,1,4,Guest_2481,Expected
City Hotel,1,102,33,18,0,2,2,0.0,0,SC,Online TA,TA/TO,0,0,0,0,0,Transient,125.0,0,1,08,2017-08-18,0,2,2.0,0,1,1,4,Guest_2482,Expected
City Hotel,1,213,33,18,0,2,2,0.0,0,SC,Online TA,TA/TO,0,0,0,1,0,Transient,100.8,0,1,08,2017-08-18,0,2,2.0,0,1,1,4,Guest_2483,Expected
City Hotel,1,213,33,18,0,2,2,0.0,0,SC,Online TA,TA/TO,0,0,0,0,0,Transient,100.8,0,1,08,2017-08-18,0,2,2.0,0,1,1,4,Guest_2484,Expected
City Hotel,1,213,33,18,0,2,2,0.0,0,SC,Online TA,TA/TO,0,0,0,0,0,Transient,100.8,0,1,08,2017-08-18,0,2,2.0,0,1,1,4,Guest_2485,Expected
City Hotel,1,213,33,18,0,2,2,0.0,0,SC,Online TA,TA/TO,0,0,0,1,0,Transient,100.8,0,1,08,2017-08-18,0,2,2.0,0,1,1,4,Guest_2486,Expected
City Hotel,1,213,33,18,0,2,2,0.0,0,SC,Online TA,TA/TO,0,0,0,0,0,Transient,100.8,0,1,08,2017-08-18,0,2,2.0,0,1,1,4,Guest_2487,Expected
City Hotel,1,50,33,18,0,2,2,0.0,0,SC,Direct,Direct,0,0,0,0,0,Transient,140.0,0,0,08,2017-08-18,0,2,2.0,0,1,1,4,Guest_2488,Expected
City Hotel,1,213,33,18,0,2,2,0.0,0,SC,Online TA,TA/TO,0,0,0,0,0,Transient,100.8,0,1,08,2017-08-18,0,2,2.0,0,1,1,4,Guest_2489,Expected
City Hotel,1,213,33,18,0,2,2,0.0,0,SC,Online TA,TA/TO,0,0,0,0,0,Transient,100.8,0,1,08,2017-08-18,0,2,2.0,0,1,1,4,Guest_2490,Expected
City Hotel,1,102,33,18,0,2,2,0.0,0,SC,Online TA,TA/TO,0,0,0,0,0,Transient,125.0,0,1,08,2017-08-18,0,2,2.0,0,1,1,4,Guest_2491,Expected
City Hotel,1,213,33,18,0,2,2,0.0,0,BB,Online TA,TA/TO,0,0,0,1,0,Transient,154.8,0,1,08,2017-08-18,0,2,2.0,0,1,1,4,Guest_2492,Expected
City Hotel,1,213,33,18,0,2,2,0.0,0,SC,Online TA,TA/TO,0,0,0,0,0,Transient,100.8,0,1,08,2017-08-18,0,2,2.0,0,1,1,4,Guest_2493,Expected
City Hotel,1,213,33,18,0,2,2,0.0,0,SC,Online TA,TA/TO,0,0,0,0,0,Transient,100.8,0,1,08,2017-08-18,0,2,2.0,0,1,1,4,Guest_2494,Expected
City Hotel,1,213,33,18,0,2,2,0.0,0,BB,Online TA,TA/TO,0,0,0,1,0,Transient,154.8,0,1,08,2017-08-18,0,2,2.0,0,1,1,4,Guest_2495,Expected
City Hotel,1,13,33,18,0,2,2,0.0,0,SC,Direct,Direct,0,0,0,0,0,Transient,140.0,0,0,08,2017-08-18,0,2,2.0,0,1,1,4,Guest_2496,Expected
City Hotel,1,102,33,18,0,2,2,0.0,0,SC,Online TA,TA/TO,0,0,0,0,0,Transient,125.0,0,1,08,2017-08-18,0,2,2.0,0,1,1,4,Guest_2497,Expected
City Hotel,1,213,33,18,0,2,2,0.0,0,SC,Online TA,TA/TO,0,0,0,1,0,Transient,100.8,0,1,08,2017-08-18,0,2,2.0,0,1,1,4,Guest_2498,Expected
City Hotel,1,141,33,18,0,2,3,0.0,0,BB,Online TA,TA/TO,0,0,0,0,0,Transient,195.0,0,0,08,2017-08-18,0,2,3.0,0,1,0,4,Guest_2499,Expected
City Hotel,1,179,33,18,0,2,2,0.0,0,BB,Online TA,TA/TO,0,0,0,0,0,Transient,118.8,0,0,08,2017-08-18,0,2,2.0,0,1,1,4,Guest_2500,Expected
City Hotel,1,29,33,18,0,2,2,2.0,0,BB,Online TA,TA/TO,0,0,0,0,0,Transient,254.96,0,1,08,2017-08-18,0,2,4.0,0,1,0,4,Guest_2501,Expected
City Hotel,1,12,33,18,0,2,3,0.0,0,BB,Online TA,TA/TO,0,0,0,0,0,Transient,230.0,0,0,08,2017-08-18,0,2,3.0,0,1,1,4,Guest_2502,Expected
City Hotel,1,20,33,18,0,2,2,0.0,0,SC,Online TA,TA/TO,0,0,0,0,0,Transient,128.0,0,1,08,2017-08-18,0,2,2.0,0,1,0,4,Guest_2503,Expected
City Hotel,1,121,33,18,1,2,2,0.0,0,SC,Online TA,TA/TO,0,0,0,0,0,Transient,125.0,0,0,08,2017-08-18,0,3,2.0,0,1,1,4,Guest_2504,Expected
City Hotel,1,17,33,18,1,2,2,0.0,0,BB,Online TA,TA/TO,0,0,0,0,0,Transient,183.33,0,1,08,2017-08-18,0,3,2.0,0,1,1,4,Guest_2505,Expected
City Hotel,1,121,33,18,1,2,2,0.0,0,SC,Online TA,TA/TO,0,0,0,0,0,Transient,125.0,0,0,08,2017-08-18,0,3,2.0,0,1,1,4,Guest_2506,Expected
City Hotel,1,213,33,18,0,2,2,0.0,0,BB,Online TA,TA/TO,0,0,0,1,0,Transient,154.8,0,1,08,2017-08-18,0,2,2.0,0,1,1,4,Guest_2507,Expected
City Hotel,1,38,33,18,1,2,2,0.0,0,BB,Online TA,TA/TO,0,0,0,0,0,Transient,160.0,0,1,08,2017-08-18,0,3,2.0,0,1,1,4,Guest_2508,Expected
City Hotel,1,278,33,18,1,2,2,0.0,0,BB,Online TA,TA/TO,0,0,0,0,0,Transient,107.1,0,1,08,2017-08-18,0,3,2.0,0,1,1,4,Guest_2509,Expected
City Hotel,1,121,33,18,1,2,2,0.0,0,SC,Online TA,TA/TO,0,0,0,0,0,Transient,125.0,0,0,08,2017-08-18,0,3,2.0,0,1,1,4,Guest_2510,Expected
City Hotel,1,121,33,18,1,2,2,0.0,0,SC,Online TA,TA/TO,0,0,0,0,0,Transient,125.0,0,0,08,2017-08-18,0,3,2.0,0,1,1,4,Guest_2511,Expected
City Hotel,1,52,33,18,1,2,2,0.0,0,HB,Online TA,TA/TO,0,0,0,0,0,Transient,208.0,0,1,08,2017-08-18,0,3,2.0,0,1,1,4,Guest_2512,Expected
City Hotel,1,121,33,18,1,2,2,0.0,0,SC,Online TA,TA/TO,0,0,0,0,0,Transient,125.0,0,0,08,2017-08-18,0,3,2.0,0,1,1,4,Guest_2513,Expected
City Hotel,1,121,33,18,1,2,2,0.0,0,SC,Online TA,TA/TO,0,0,0,0,0,Transient,125.0,0,0,08,2017-08-18,0,3,2.0,0,1,1,4,Guest_2514,Expected
City Hotel,1,173,33,18,1,2,2,0.0,0,BB,Online TA,TA/TO,0,0,0,0,0,Transient,118.2,0,0,08,2017-08-18,0,3,2.0,0,1,1,4,Guest_2515,Expected
City Hotel,1,97,33,18,1,2,3,0.0,0,BB,Online TA,TA/TO,0,0,0,0,0,Transient,195.0,0,1,08,2017-08-18,0,3,3.0,0,1,0,4,Guest_2516,Expected
City Hotel,1,104,33,18,1,2,2,0.0,0,SC,Online TA,TA/TO,0,0,0,0,0,Transient,125.0,0,1,08,2017-08-18,0,3,2.0,0,1,1,4,Guest_2517,Expected
City Hotel,1,121,33,18,1,2,2,0.0,0,SC,Online TA,TA/TO,0,0,0,0,0,Transient,125.0,0,0,08,2017-08-18,0,3,2.0,0,1,1,4,Guest_2518,Expected
City Hotel,1,202,33,18,2,2,2,1.0,0,BB,Online TA,TA/TO,0,0,0,0,0,Transient,135.9,0,0,08,2017-08-18,0,4,3.0,0,1,1,4,Guest_2519,Expected
City Hotel,1,214,33,18,2,2,2,0.0,0,BB,Online TA,TA/TO,0,0,0,2,0,Transient,130.78,0,0,08,2017-08-18,0,4,2.0,0,1,1,4,Guest_2520,Expected
City Hotel,1,140,33,18,2,2,2,0.0,0,HB,Online TA,TA/TO,0,0,0,0,0,Transient,193.0,0,2,08,2017-08-18,0,4,2.0,0,1,1,4,Guest_2521,Expected
City Hotel,1,230,33,18,2,2,2,1.0,0,BB,Online TA,TA/TO,0,0,0,0,0,Transient,135.9,0,1,08,2017-08-18,0,4,3.0,0,1,1,4,Guest_2522,Expected
City Hotel,1,210,33,18,2,3,2,0.0,0,BB,Online TA,TA/TO,0,0,0,0,0,Transient,117.72,0,0,08,2017-08-18,0,5,2.0,0,1,1,4,Guest_2523,Expected
City Hotel,1,123,33,18,2,2,2,1.0,0,BB,Direct,Direct,0,0,0,0,0,Transient,260.0,0,0,08,2017-08-18,0,4,3.0,0,1,1,4,Guest_2524,Expected
City Hotel,1,301,33,18,2,3,2,0.0,0,BB,Online TA,TA/TO,0,0,0,0,0,Transient,121.5,0,2,08,2017-08-18,0,5,2.0,0,1,1,4,Guest_2525,Expected
City Hotel,1,119,33,18,2,3,3,0.0,0,BB,Online TA,TA/TO,0,0,0,3,0,Transient,195.0,0,0,08,2017-08-18,0,5,3.0,0,1,1,4,Guest_2526,Expected
City Hotel,1,214,33,18,2,3,3,0.0,0,BB,Online TA,TA/TO,0,0,0,2,0,Transient,155.52,0,0,08,2017-08-18,0,5,3.0,0,1,1,4,Guest_2527,Expected
City Hotel,1,214,33,18,2,4,2,0.0,0,BB,Online TA,TA/TO,0,0,0,0,0,Transient,126.6,0,0,08,2017-08-18,0,6,2.0,0,1,1,4,Guest_2528,Expected
City Hotel,1,200,33,18,2,4,2,0.0,0,BB,Online TA,TA/TO,0,0,0,0,0,Transient,117.6,0,0,08,2017-08-18,0,6,2.0,0,1,1,4,Guest_2529,Expected
City Hotel,1,109,33,18,2,4,3,0.0,0,BB,Online TA,TA/TO,0,0,0,0,0,Transient,204.0,0,1,08,2017-08-18,0,6,3.0,0,1,1,4,Guest_2530,Expected
City Hotel,1,186,33,18,2,4,2,0.0,0,HB,Online TA,TA/TO,0,0,0,0,0,Transient,151.8,0,0,08,2017-08-18,0,6,2.0,0,1,1,4,Guest_2531,Expected
City Hotel,1,106,33,18,2,5,2,0.0,0,HB,Direct,Direct,0,0,0,0,0,Transient,180.0,0,1,08,2017-08-18,0,7,2.0,0,0,0,4,Guest_2532,Expected
City Hotel,1,184,33,18,2,5,2,1.0,0,HB,Online TA,TA/TO,0,0,0,0,0,Transient,177.81,0,0,08,2017-08-18,0,7,3.0,0,1,1,4,Guest_2533,Expected
City Hotel,1,94,33,18,2,5,2,0.0,0,BB,Offline TA/TO,TA/TO,0,0,0,2,0,Transient-Party,125.0,0,0,08,2017-08-18,0,7,2.0,0,1,0,4,Guest_2534,Expected
City Hotel,1,114,33,18,2,6,1,0.0,0,BB,Online TA,TA/TO,0,0,0,0,0,Transient,114.0,0,1,08,2017-08-18,0,8,1.0,0,1,0,4,Guest_2535,Expected
City Hotel,1,38,33,18,2,6,2,0.0,0,BB,Online TA,TA/TO,0,0,0,0,0,Transient,157.25,0,3,08,2017-08-18,0,8,2.0,0,1,1,4,Guest_2536,Expected
City Hotel,1,140,33,19,0,1,2,0.0,0,BB,Online TA,TA/TO,0,0,0,0,0,Transient,155.0,0,1,08,2017-08-19,0,1,2.0,0,1,0,5,Guest_2537,Expected
City Hotel,1,2,33,19,0,1,1,0.0,0,SC,Online TA,TA/TO,0,0,0,0,0,Transient,159.0,0,1,08,2017-08-19,0,1,1.0,0,1,1,5,Guest_2538,Expected
City Hotel,1,44,33,19,0,1,2,1.0,0,BB,Online TA,TA/TO,0,0,0,0,0,Transient,180.0,0,0,08,2017-08-19,0,1,3.0,0,1,1,5,Guest_2539,Expected
City Hotel,1,140,33,19,0,1,3,0.0,0,BB,Online TA,TA/TO,0,0,0,0,0,Transient,195.0,0,1,08,2017-08-19,0,1,3.0,0,1,0,5,Guest_2540,Expected
City Hotel,1,77,33,19,0,1,2,0.0,0,BB,Online TA,TA/TO,0,0,0,0,0,Transient,89.1,0,0,08,2017-08-19,0,1,2.0,0,1,0,5,Guest_2541,Expected
City Hotel,1,140,33,19,0,1,2,0.0,0,BB,Online TA,TA/TO,0,0,0,0,0,Transient,155.0,0,1,08,2017-08-19,0,1,2.0,0,1,0,5,Guest_2542,Expected
City Hotel,1,0,33,19,0,1,2,0.0,0,BB,Direct,Direct,0,0,0,0,0,Group,318.0,0,0,08,2017-08-19,0,1,2.0,0,0,0,5,Guest_2543,Expected
City Hotel,1,45,33,19,0,1,2,0.0,0,SC,Online TA,TA/TO,0,0,0,0,0,Transient,140.0,0,0,08,2017-08-19,0,1,2.0,0,1,1,5,Guest_2544,Expected
City Hotel,1,44,33,19,0,1,2,1.0,0,BB,Online TA,TA/TO,0,0,0,0,0,Transient,180.0,0,0,08,2017-08-19,0,1,3.0,0,1,1,5,Guest_2545,Expected
City Hotel,1,140,33,19,0,1,3,0.0,0,BB,Online TA,TA/TO,0,0,0,0,0,Transient,195.0,0,1,08,2017-08-19,0,1,3.0,0,1,0,5,Guest_2546,Expected
City Hotel,1,162,33,19,1,1,2,0.0,0,BB,Groups,TA/TO,0,0,0,0,0,Transient,140.0,0,0,08,2017-08-19,0,2,2.0,0,0,0,5,Guest_2547,Expected
City Hotel,1,162,33,19,1,1,2,0.0,0,BB,Groups,TA/TO,0,0,0,0,0,Transient,140.0,0,0,08,2017-08-19,0,2,2.0,0,0,0,5,Guest_2548,Expected
City Hotel,1,162,33,19,1,1,2,0.0,0,BB,Groups,TA/TO,0,0,0,0,0,Transient,140.0,0,0,08,2017-08-19,0,2,2.0,0,0,0,5,Guest_2549,Expected
City Hotel,1,95,33,19,1,1,2,0.0,0,SC,Online TA,TA/TO,0,0,0,0,0,Transient,125.0,0,2,08,2017-08-19,0,2,2.0,0,1,1,5,Guest_2550,Expected
City Hotel,1,215,33,19,1,1,2,0.0,0,SC,Online TA,TA/TO,0,0,0,0,0,Transient,94.05,0,0,08,2017-08-19,0,2,2.0,0,1,1,5,Guest_2551,Expected
City Hotel,1,162,33,19,1,1,2,0.0,0,BB,Groups,TA/TO,0,0,0,0,0,Transient,140.0,0,0,08,2017-08-19,0,2,2.0,0,0,0,5,Guest_2552,Expected
City Hotel,1,162,33,19,1,1,2,0.0,0,BB,Groups,TA/TO,0,0,0,0,0,Transient,140.0,0,0,08,2017-08-19,0,2,2.0,0,0,0,5,Guest_2553,Expected
City Hotel,1,162,33,19,1,1,2,0.0,0,BB,Groups,TA/TO,0,0,0,0,0,Transient,140.0,0,0,08,2017-08-19,0,2,2.0,0,0,0,5,Guest_2554,Expected
City Hotel,1,162,33,19,1,1,2,0.0,0,BB,Groups,TA/TO,0,0,0,0,0,Transient,140.0,0,0,08,2017-08-19,0,2,2.0,0,0,0,5,Guest_2555,Expected
City Hotel,1,95,33,19,1,1,1,0.0,0,BB,Offline TA/TO,TA/TO,0,0,0,2,0,Transient-Party,115.0,0,0,08,2017-08-19,0,2,1.0,0,1,0,5,Guest_2556,Expected
City Hotel,1,162,33,19,1,1,2,0.0,0,BB,Groups,TA/TO,0,0,0,0,0,Transient,140.0,0,0,08,2017-08-19,0,2,2.0,0,0,0,5,Guest_2557,Expected
City Hotel,1,162,33,19,1,1,2,0.0,0,BB,Groups,TA/TO,0,0,0,0,0,Transient,140.0,0,0,08,2017-08-19,0,2,2.0,0,0,0,5,Guest_2558,Expected
City Hotel,1,162,33,19,1,1,2,0.0,0,BB,Groups,TA/TO,0,0,0,0,0,Transient,140.0,0,0,08,2017-08-19,0,2,2.0,0,0,0,5,Guest_2559,Expected
City Hotel,1,162,33,19,1,1,2,0.0,0,BB,Groups,TA/TO,0,0,0,0,0,Transient,140.0,0,0,08,2017-08-19,0,2,2.0,0,0,0,5,Guest_2560,Expected
City Hotel,1,248,33,19,1,1,2,0.0,0,SC,Online TA,TA/TO,0,0,0,0,0,Transient,94.05,0,1,08,2017-08-19,0,2,2.0,0,1,1,5,Guest_2561,Expected
City Hotel,1,95,33,19,1,1,2,0.0,0,BB,Online TA,TA/TO,0,0,0,0,0,Transient,160.0,0,1,08,2017-08-19,0,2,2.0,0,1,1,5,Guest_2562,Expected
City Hotel,1,162,33,19,1,1,2,0.0,0,BB,Groups,TA/TO,0,0,0,0,0,Transient,140.0,0,0,08,2017-08-19,0,2,2.0,0,0,0,5,Guest_2563,Expected
City Hotel,1,162,33,19,1,1,2,0.0,0,BB,Groups,TA/TO,0,0,0,0,0,Transient,140.0,0,0,08,2017-08-19,0,2,2.0,0,0,0,5,Guest_2564,Expected
City Hotel,1,162,33,19,1,1,2,0.0,0,BB,Groups,TA/TO,0,0,0,0,0,Transient,140.0,0,0,08,2017-08-19,0,2,2.0,0,0,0,5,Guest_2565,Expected
City Hotel,1,215,33,19,1,1,2,0.0,0,SC,Online TA,TA/TO,0,0,0,0,0,Transient,94.05,0,0,08,2017-08-19,0,2,2.0,0,1,1,5,Guest_2566,Expected
City Hotel,1,162,33,19,1,1,2,0.0,0,BB,Groups,TA/TO,0,0,0,0,0,Transient,140.0,0,0,08,2017-08-19,0,2,2.0,0,0,0,5,Guest_2567,Expected
City Hotel,1,162,33,19,1,1,2,0.0,0,BB,Groups,TA/TO,0,0,0,0,0,Transient,140.0,0,0,08,2017-08-19,0,2,2.0,0,0,0,5,Guest_2568,Expected
City Hotel,1,162,33,19,1,1,2,0.0,0,BB,Groups,TA/TO,0,0,0,0,0,Transient,140.0,0,0,08,2017-08-19,0,2,2.0,0,0,0,5,Guest_2569,Expected
City Hotel,1,195,33,19,2,1,2,0.0,0,SC,Online TA,TA/TO,0,0,0,1,0,Transient,95.7,0,0,08,2017-08-19,0,3,2.0,0,1,1,5,Guest_2570,Expected
City Hotel,1,212,33,19,2,1,2,2.0,0,BB,Online TA,TA/TO,0,0,0,2,0,Transient,216.33,0,0,08,2017-08-19,0,3,4.0,0,1,1,5,Guest_2571,Expected
City Hotel,1,158,33,19,2,1,2,2.0,0,BB,Online TA,TA/TO,0,0,0,0,0,Transient,212.0,0,0,08,2017-08-19,0,3,4.0,0,1,0,5,Guest_2572,Expected
City Hotel,1,106,33,19,2,1,2,0.0,0,SC,Online TA,TA/TO,0,0,0,0,0,Transient,125.0,0,0,08,2017-08-19,0,3,2.0,0,1,1,5,Guest_2573,Expected
City Hotel,1,103,33,19,2,1,2,0.0,0,BB,Direct,Direct,0,0,0,0,0,Transient,112.5,0,0,08,2017-08-19,0,3,2.0,0,1,1,5,Guest_2574,Expected
City Hotel,1,95,33,19,2,1,1,0.0,0,BB,Offline TA/TO,TA/TO,0,0,0,3,0,Transient-Party,115.0,0,0,08,2017-08-19,0,3,1.0,0,1,0,5,Guest_2575,Expected
City Hotel,1,95,33,19,2,1,1,0.0,0,BB,Offline TA/TO,TA/TO,0,0,0,4,0,Transient-Party,115.0,0,0,08,2017-08-19,0,3,1.0,0,1,0,5,Guest_2576,Expected
City Hotel,1,95,33,19,2,1,2,0.0,0,HB,Online TA,TA/TO,0,0,0,2,0,Transient,169.33,0,1,08,2017-08-19,0,3,2.0,0,1,1,5,Guest_2577,Expected
City Hotel,1,211,33,19,2,1,3,0.0,0,BB,Online TA,TA/TO,0,0,0,0,0,Transient,158.7,0,0,08,2017-08-19,0,3,3.0,0,1,1,5,Guest_2578,Expected
City Hotel,1,195,33,19,2,1,3,0.0,0,BB,Online TA,TA/TO,0,0,0,1,0,Transient,158.7,0,0,08,2017-08-19,0,3,3.0,0,1,1,5,Guest_2579,Expected
City Hotel,1,164,33,19,2,2,2,0.0,0,BB,Online TA,TA/TO,0,0,0,0,0,Transient,130.5,0,1,08,2017-08-19,0,4,2.0,0,1,0,5,Guest_2580,Expected
City Hotel,1,12,33,19,2,2,1,0.0,0,BB,Online TA,TA/TO,0,0,0,0,0,Transient,175.0,0,1,08,2017-08-19,0,4,1.0,0,1,1,5,Guest_2581,Expected
City Hotel,1,176,33,19,2,3,2,0.0,0,BB,Online TA,TA/TO,0,0,0,0,0,Transient,115.02,0,1,08,2017-08-19,0,5,2.0,0,1,1,5,Guest_2582,Expected
City Hotel,1,207,33,19,2,3,2,0.0,0,SC,Online TA,TA/TO,0,0,0,0,0,Transient,97.02,0,0,08,2017-08-19,0,5,2.0,0,1,1,5,Guest_2583,Expected
City Hotel,1,121,33,19,2,3,2,2.0,0,HB,Offline TA/TO,TA/TO,0,0,0,0,0,Transient,178.5,0,0,08,2017-08-19,0,5,4.0,0,1,0,5,Guest_2584,Expected
City Hotel,1,205,33,19,2,4,2,0.0,0,SC,Online TA,TA/TO,0,0,0,0,0,Transient,97.35,0,1,08,2017-08-19,0,6,2.0,0,1,1,5,Guest_2585,Expected
City Hotel,1,213,33,19,2,5,2,0.0,0,SC,Online TA,TA/TO,0,0,0,0,0,Transient,97.59,0,0,08,2017-08-19,0,7,2.0,0,1,1,5,Guest_2586,Expected
City Hotel,1,202,33,19,2,5,1,0.0,0,BB,Online TA,TA/TO,0,0,0,0,0,Transient,106.59,0,0,08,2017-08-19,0,7,1.0,0,1,0,5,Guest_2587,Expected
City Hotel,1,331,33,19,2,5,1,0.0,0,SC,Online TA,TA/TO,0,0,0,0,0,Transient,109.67,0,0,08,2017-08-19,0,7,1.0,0,1,1,5,Guest_2588,Expected
City Hotel,1,139,33,19,2,5,2,0.0,0,BB,Online TA,TA/TO,0,0,0,0,0,Transient,155.0,0,0,08,2017-08-19,0,7,2.0,0,1,1,5,Guest_2589,Expected
City Hotel,1,202,33,19,2,5,1,0.0,0,BB,Online TA,TA/TO,0,0,0,0,0,Transient,106.59,0,1,08,2017-08-19,0,7,1.0,0,1,0,5,Guest_2590,Expected
City Hotel,1,331,33,19,2,5,1,0.0,0,SC,Online TA,TA/TO,0,0,0,0,0,Transient,109.67,0,0,08,2017-08-19,0,7,1.0,0,1,1,5,Guest_2591,Expected
City Hotel,1,139,33,19,2,5,2,0.0,0,BB,Online TA,TA/TO,0,0,0,0,0,Transient,155.0,0,0,08,2017-08-19,0,7,2.0,0,1,1,5,Guest_2592,Expected
City Hotel,1,0,34,20,1,0,2,0.0,0,BB,Direct,Direct,0,0,0,0,0,Transient,203.6,0,0,08,2017-08-20,0,1,2.0,0,1,1,6,Guest_2593,Expected
City Hotel,1,73,34,20,1,0,1,0.0,0,BB,Direct,Direct,0,0,0,0,0,Transient,148.5,0,0,08,2017-08-20,0,1,1.0,0,1,0,6,Guest_2594,Expected
City Hotel,1,231,34,20,2,0,2,0.0,0,BB,Online TA,TA/TO,0,0,0,0,0,Transient,117.0,0,0,08,2017-08-20,0,2,2.0,0,1,1,6,Guest_2595,Expected
City Hotel,1,143,34,20,2,1,2,0.0,0,SC,Online TA,TA/TO,0,0,0,0,0,Transient,125.0,0,0,08,2017-08-20,0,3,2.0,0,1,1,6,Guest_2596,Expected
City Hotel,1,203,34,20,2,1,2,1.0,0,BB,Online TA,TA/TO,0,0,0,0,0,Transient,135.0,0,0,08,2017-08-20,0,3,3.0,0,1,1,6,Guest_2597,Expected
City Hotel,1,99,34,20,2,1,2,0.0,0,SC,Online TA,TA/TO,0,0,0,0,0,Transient,125.0,0,0,08,2017-08-20,0,3,2.0,0,1,1,6,Guest_2598,Expected
City Hotel,1,6,34,20,2,1,3,0.0,0,BB,Direct,Direct,0,0,0,0,0,Transient,230.0,0,1,08,2017-08-20,0,3,3.0,0,1,1,6,Guest_2599,Expected
City Hotel,1,143,34,20,2,1,2,0.0,0,SC,Online TA,TA/TO,0,0,0,0,0,Transient,125.0,0,0,08,2017-08-20,0,3,2.0,0,1,1,6,Guest_2600,Expected
City Hotel,1,99,34,20,2,1,2,0.0,0,SC,Online TA,TA/TO,0,0,0,0,0,Transient,125.0,0,0,08,2017-08-20,0,3,2.0,0,1,1,6,Guest_2601,Expected
City Hotel,1,165,34,20,2,2,2,0.0,0,SC,Online TA,TA/TO,0,0,0,0,0,Transient,112.5,0,2,08,2017-08-20,0,4,2.0,0,1,1,6,Guest_2602,Expected
City Hotel,1,115,34,20,2,2,3,0.0,0,BB,Online TA,TA/TO,0,0,0,0,0,Transient,195.0,0,1,08,2017-08-20,0,4,3.0,0,1,1,6,Guest_2603,Expected
City Hotel,1,186,34,20,2,2,2,0.0,0,SC,Online TA,TA/TO,0,0,0,0,0,Transient,99.0,0,1,08,2017-08-20,0,4,2.0,0,1,1,6,Guest_2604,Expected
City Hotel,1,114,34,20,2,3,2,1.0,0,BB,Offline TA/TO,TA/TO,0,0,0,0,0,Transient,102.6,0,0,08,2017-08-20,0,5,3.0,0,1,0,6,Guest_2605,Expected
City Hotel,1,242,34,20,2,3,2,2.0,0,BB,Online TA,TA/TO,0,0,0,0,0,Transient,189.0,0,1,08,2017-08-20,0,5,4.0,0,1,1,6,Guest_2606,Expected
City Hotel,1,108,34,20,2,3,1,0.0,0,BB,Offline TA/TO,TA/TO,0,0,0,0,0,Transient,71.1,0,0,08,2017-08-20,0,5,1.0,0,1,0,6,Guest_2607,Expected
City Hotel,1,194,34,20,2,3,3,0.0,0,BB,Online TA,TA/TO,0,0,0,0,0,Transient,162.0,0,0,08,2017-08-20,0,5,3.0,0,1,1,6,Guest_2608,Expected
City Hotel,1,171,34,20,2,3,2,2.0,0,BB,Online TA,TA/TO,0,0,0,0,0,Transient,235.0,0,0,08,2017-08-20,0,5,4.0,0,1,1,6,Guest_2609,Expected
City Hotel,1,148,34,20,2,4,2,0.0,0,BB,Online TA,TA/TO,0,0,0,0,0,Transient,142.09,0,0,08,2017-08-20,0,6,2.0,0,1,0,6,Guest_2610,Expected
City Hotel,1,121,34,20,2,4,2,0.0,0,SC,Online TA,TA/TO,0,0,0,0,0,Transient,125.0,0,1,08,2017-08-20,0,6,2.0,0,1,1,6,Guest_2611,Expected
City Hotel,1,123,34,20,2,4,2,0.0,0,BB,Online TA,TA/TO,0,0,0,0,0,Transient,155.0,0,1,08,2017-08-20,0,6,2.0,0,1,0,6,Guest_2612,Expected
City Hotel,1,107,34,20,2,4,2,0.0,0,BB,Online TA,TA/TO,0,0,0,0,0,Transient,155.0,0,1,08,2017-08-20,0,6,2.0,0,1,1,6,Guest_2613,Expected
City Hotel,1,217,34,20,2,5,2,0.0,0,HB,Online TA,TA/TO,0,0,0,0,0,Transient,153.0,0,0,08,2017-08-20,0,7,2.0,0,1,1,6,Guest_2614,Expected
City Hotel,1,272,34,20,4,5,2,0.0,0,SC,Online TA,TA/TO,0,0,0,0,0,Transient,105.1,0,0,08,2017-08-20,0,9,2.0,0,1,1,6,Guest_2615,Expected
City Hotel,1,155,34,21,1,0,2,2.0,0,BB,Online TA,TA/TO,0,0,0,2,0,Transient,235.0,0,0,08,2017-08-21,0,1,4.0,0,1,1,0,Guest_2616,Expected
City Hotel,1,248,34,21,1,0,2,2.0,0,BB,Online TA,TA/TO,0,0,0,0,0,Transient,189.0,0,0,08,2017-08-21,0,1,4.0,0,1,1,0,Guest_2617,Expected
City Hotel,1,0,34,21,1,0,2,0.0,0,BB,Direct,Direct,0,0,0,0,0,Transient,12.0,0,0,08,2017-08-21,0,1,2.0,0,0,0,0,Guest_2618,Expected
City Hotel,1,253,34,21,1,1,2,0.0,0,BB,Online TA,TA/TO,0,0,0,0,0,Transient,117.0,0,0,08,2017-08-21,0,2,2.0,0,1,1,0,Guest_2619,Expected
City Hotel,1,114,34,21,1,1,2,0.0,0,HB,Online TA,TA/TO,0,0,0,0,0,Transient,193.0,0,1,08,2017-08-21,0,2,2.0,0,1,1,0,Guest_2620,Expected
City Hotel,1,114,34,21,1,1,2,0.0,0,HB,Online TA,TA/TO,0,0,0,0,0,Transient,193.0,0,1,08,2017-08-21,0,2,2.0,0,1,1,0,Guest_2621,Expected
City Hotel,1,151,34,21,1,1,2,0.0,0,BB,Online TA,TA/TO,0,0,0,0,0,Transient,130.5,0,0,08,2017-08-21,0,2,2.0,0,1,1,0,Guest_2622,Expected
City Hotel,1,237,34,21,1,2,1,0.0,0,BB,Online TA,TA/TO,0,0,0,0,0,Transient,109.8,0,1,08,2017-08-21,0,3,1.0,0,1,1,0,Guest_2623,Expected
City Hotel,1,12,34,21,1,2,2,0.0,0,BB,Direct,Direct,0,0,0,0,0,Transient,144.0,0,0,08,2017-08-21,0,3,2.0,0,1,1,0,Guest_2624,Expected
City Hotel,1,179,34,21,1,2,2,0.0,0,BB,Online TA,TA/TO,0,0,0,2,0,Transient,126.0,0,0,08,2017-08-21,0,3,2.0,0,1,1,0,Guest_2625,Expected
City Hotel,1,148,34,21,1,2,2,0.0,0,BB,Online TA,TA/TO,0,0,0,0,0,Transient,166.5,0,0,08,2017-08-21,0,3,2.0,0,1,1,0,Guest_2626,Expected
City Hotel,1,147,34,21,1,2,2,0.0,0,BB,Direct,Direct,0,0,0,2,0,Transient,101.88,0,0,08,2017-08-21,0,3,2.0,0,1,1,0,Guest_2627,Expected
City Hotel,1,147,34,21,1,2,2,0.0,0,BB,Direct,Direct,0,0,0,2,0,Transient,101.88,0,0,08,2017-08-21,0,3,2.0,0,1,1,0,Guest_2628,Expected
City Hotel,1,150,34,21,1,2,3,1.0,0,BB,Online TA,TA/TO,0,0,0,0,0,Transient,257.0,0,0,08,2017-08-21,0,3,4.0,0,1,0,0,Guest_2629,Expected
City Hotel,1,180,34,21,1,2,2,0.0,0,BB,Online TA,TA/TO,0,0,0,0,0,Transient,117.0,0,0,08,2017-08-21,0,3,2.0,0,1,0,0,Guest_2630,Expected
City Hotel,1,188,34,21,1,3,2,0.0,0,BB,Online TA,TA/TO,0,0,0,0,0,Transient,117.0,0,0,08,2017-08-21,0,4,2.0,0,1,1,0,Guest_2631,Expected
City Hotel,1,150,34,21,1,3,2,0.0,0,BB,Online TA,TA/TO,0,0,0,0,0,Transient,145.0,0,1,08,2017-08-21,0,4,2.0,0,1,1,0,Guest_2632,Expected
City Hotel,1,98,34,21,1,3,2,0.0,0,SC,Online TA,TA/TO,0,0,0,0,0,Transient,125.0,0,2,08,2017-08-21,0,4,2.0,0,1,1,0,Guest_2633,Expected
City Hotel,1,176,34,21,1,3,2,0.0,0,SC,Online TA,TA/TO,0,0,0,0,0,Transient,99.0,0,0,08,2017-08-21,0,4,2.0,0,1,1,0,Guest_2634,Expected
City Hotel,1,102,34,21,1,3,1,0.0,0,BB,Online TA,TA/TO,0,0,0,0,0,Transient,89.1,0,0,08,2017-08-21,0,4,1.0,0,1,0,0,Guest_2635,Expected
City Hotel,1,116,34,21,1,3,2,0.0,0,BB,Online TA,TA/TO,0,0,0,0,0,Transient,139.5,0,1,08,2017-08-21,0,4,2.0,0,1,1,0,Guest_2636,Expected
City Hotel,1,151,34,21,1,3,2,0.0,0,SC,Online TA,TA/TO,0,0,0,0,0,Transient,118.75,0,0,08,2017-08-21,0,4,2.0,0,1,1,0,Guest_2637,Expected
City Hotel,1,218,34,21,1,4,2,1.0,0,BB,Online TA,TA/TO,0,0,0,0,0,Transient,134.5,0,4,08,2017-08-21,0,5,3.0,0,1,0,0,Guest_2638,Expected
City Hotel,1,223,34,21,1,5,2,0.0,0,BB,Online TA,TA/TO,0,0,0,0,0,Transient,130.5,0,0,08,2017-08-21,0,6,2.0,0,1,1,0,Guest_2639,Expected
City Hotel,1,187,34,21,1,5,2,0.0,0,BB,Online TA,TA/TO,0,0,0,0,0,Transient,135.0,0,1,08,2017-08-21,0,6,2.0,0,1,1,0,Guest_2640,Expected
City Hotel,1,223,34,21,1,5,2,0.0,0,BB,Online TA,TA/TO,0,0,0,0,0,Transient,130.5,0,0,08,2017-08-21,0,6,2.0,0,1,1,0,Guest_2641,Expected
City Hotel,1,256,34,21,2,5,2,0.0,0,BB,Online TA,TA/TO,0,0,0,0,0,Transient,117.0,0,1,08,2017-08-21,0,7,2.0,0,1,1,0,Guest_2642,Expected
City Hotel,1,199,34,21,2,5,2,0.0,0,BB,Online TA,TA/TO,0,0,0,0,0,Transient,126.0,0,0,08,2017-08-21,0,7,2.0,0,1,1,0,Guest_2643,Expected
City Hotel,1,252,34,21,2,5,2,0.0,0,BB,Online TA,TA/TO,0,0,0,0,0,Transient,117.0,0,1,08,2017-08-21,0,7,2.0,0,1,1,0,Guest_2644,Expected
City Hotel,1,144,34,21,3,6,3,0.0,0,BB,Online TA,TA/TO,0,0,0,0,0,Transient,195.0,0,1,08,2017-08-21,0,9,3.0,0,1,1,0,Guest_2645,Expected
City Hotel,1,229,34,21,3,8,2,0.0,0,SC,Online TA,TA/TO,0,0,0,0,0,Transient,99.0,0,0,08,2017-08-21,0,11,2.0,0,1,1,0,Guest_2646,Expected
City Hotel,1,211,34,22,0,1,1,0.0,0,BB,Online TA,TA/TO,0,0,0,0,0,Transient,108.0,0,1,08,2017-08-22,0,1,1.0,0,1,1,1,Guest_2647,Expected
City Hotel,1,346,34,22,0,2,2,0.0,0,BB,Online TA,TA/TO,0,0,0,0,0,Transient,174.0,0,1,08,2017-08-22,0,2,2.0,0,1,1,1,Guest_2648,Expected
City Hotel,1,106,34,22,0,2,2,0.0,0,SC,Online TA,TA/TO,0,0,0,0,0,Transient,125.0,0,0,08,2017-08-22,0,2,2.0,0,1,1,1,Guest_2649,Expected
City Hotel,1,39,34,22,0,2,2,0.0,0,SC,Online TA,TA/TO,0,0,0,0,0,Transient,140.0,0,0,08,2017-08-22,0,2,2.0,0,1,1,1,Guest_2650,Expected
City Hotel,1,117,34,22,0,2,1,0.0,0,BB,Offline TA/TO,TA/TO,0,0,0,3,0,Transient-Party,115.0,0,0,08,2017-08-22,0,2,1.0,0,1,0,1,Guest_2651,Expected
City Hotel,1,41,34,22,0,3,2,1.0,0,BB,Online TA,TA/TO,0,0,0,0,0,Transient,172.67,0,0,08,2017-08-22,0,3,3.0,0,1,1,1,Guest_2652,Expected
City Hotel,1,105,34,22,0,3,2,0.0,0,SC,Online TA,TA/TO,0,0,0,0,0,Transient,125.0,0,0,08,2017-08-22,0,3,2.0,0,1,1,1,Guest_2653,Expected
City Hotel,1,189,34,22,0,3,2,0.0,0,BB,Offline TA/TO,TA/TO,0,0,0,0,0,Transient,80.1,0,1,08,2017-08-22,0,3,2.0,0,1,0,1,Guest_2654,Expected
City Hotel,1,188,34,22,0,3,2,2.0,0,BB,Online TA,TA/TO,0,0,0,0,0,Transient,158.4,0,0,08,2017-08-22,0,3,4.0,0,1,0,1,Guest_2655,Expected
City Hotel,1,105,34,22,0,3,2,0.0,0,SC,Online TA,TA/TO,0,0,0,0,0,Transient,125.0,0,1,08,2017-08-22,0,3,2.0,0,1,1,1,Guest_2656,Expected
City Hotel,1,189,34,22,0,3,2,0.0,0,BB,Offline TA/TO,TA/TO,0,0,0,0,0,Transient,80.1,0,1,08,2017-08-22,0,3,2.0,0,1,0,1,Guest_2657,Expected
City Hotel,1,41,34,22,0,3,2,1.0,0,SC,Direct,Direct,0,0,0,0,0,Transient,152.67,0,0,08,2017-08-22,0,3,3.0,0,1,1,1,Guest_2658,Expected
City Hotel,1,40,34,22,0,4,2,0.0,0,BB,Direct,Direct,0,0,0,1,0,Transient,144.5,0,0,08,2017-08-22,0,4,2.0,0,1,0,1,Guest_2659,Expected
City Hotel,1,40,34,22,0,4,2,0.0,0,BB,Direct,Direct,0,0,0,1,0,Transient,144.5,0,0,08,2017-08-22,0,4,2.0,0,1,0,1,Guest_2660,Expected
City Hotel,1,40,34,22,0,4,2,0.0,0,BB,Direct,Direct,0,0,0,1,0,Transient,144.5,0,1,08,2017-08-22,0,4,2.0,0,1,0,1,Guest_2661,Expected
City Hotel,1,160,34,22,0,4,2,0.0,0,BB,Online TA,TA/TO,0,0,0,1,0,Transient,130.5,0,0,08,2017-08-22,0,4,2.0,0,1,1,1,Guest_2662,Expected
City Hotel,1,162,34,22,0,4,2,0.0,0,BB,Online TA,TA/TO,0,0,0,0,0,Transient,130.5,0,0,08,2017-08-22,0,4,2.0,0,1,1,1,Guest_2663,Expected
City Hotel,1,160,34,22,0,4,3,0.0,0,BB,Online TA,TA/TO,0,0,0,1,0,Transient,202.5,0,0,08,2017-08-22,0,4,3.0,0,1,1,1,Guest_2664,Expected
City Hotel,1,173,34,22,2,7,3,0.0,0,BB,Online TA,TA/TO,0,0,0,0,0,Transient,202.5,0,0,08,2017-08-22,0,9,3.0,0,1,1,1,Guest_2665,Expected
City Hotel,1,177,34,23,0,1,2,0.0,0,SC,Online TA,TA/TO,0,0,0,0,0,Transient,112.5,0,0,08,2017-08-23,0,1,2.0,0,1,1,2,Guest_2666,Expected
City Hotel,1,12,34,23,0,1,2,0.0,0,BB,Offline TA/TO,TA/TO,0,0,0,1,0,Transient-Party,130.0,0,0,08,2017-08-23,0,1,2.0,0,1,0,2,Guest_2667,Expected
City Hotel,1,77,34,23,0,1,2,0.0,0,BB,Direct,Direct,0,0,0,0,0,Transient,126.0,0,0,08,2017-08-23,0,1,2.0,0,1,1,2,Guest_2668,Expected
City Hotel,1,91,34,23,0,1,1,0.0,0,BB,Online TA,TA/TO,0,0,0,0,0,Transient,140.0,0,2,08,2017-08-23,0,1,1.0,0,1,1,2,Guest_2669,Expected
City Hotel,1,154,34,23,0,1,3,0.0,0,BB,Online TA,TA/TO,0,0,0,2,0,Transient,202.5,0,0,08,2017-08-23,0,1,3.0,0,1,1,2,Guest_2670,Expected
City Hotel,1,38,34,23,0,2,2,1.0,0,BB,Online TA,TA/TO,0,0,0,0,0,Transient,169.0,0,2,08,2017-08-23,0,2,3.0,0,1,0,2,Guest_2671,Expected
City Hotel,1,42,34,23,0,2,2,0.0,0,SC,Online TA,TA/TO,0,0,0,0,0,Transient,129.0,0,1,08,2017-08-23,0,2,2.0,0,1,1,2,Guest_2672,Expected
City Hotel,1,141,34,23,0,2,2,0.0,0,BB,Direct,Direct,0,0,0,0,0,Transient,150.0,0,2,08,2017-08-23,0,2,2.0,0,1,1,2,Guest_2673,Expected
City Hotel,1,81,34,23,0,2,2,1.0,0,BB,Online TA,TA/TO,0,0,0,0,0,Transient,169.0,0,0,08,2017-08-23,0,2,3.0,0,1,1,2,Guest_2674,Expected
City Hotel,1,57,34,23,0,2,2,0.0,0,BB,Online TA,TA/TO,0,0,0,0,0,Transient,149.0,0,1,08,2017-08-23,0,2,2.0,0,1,1,2,Guest_2675,Expected
City Hotel,1,33,34,23,0,2,2,0.0,0,SC,Online TA,TA/TO,0,0,0,0,0,Transient,129.5,0,1,08,2017-08-23,0,2,2.0,0,1,1,2,Guest_2676,Expected
City Hotel,1,17,34,23,0,2,2,0.0,0,SC,Online TA,TA/TO,0,0,0,0,0,Transient,129.5,0,1,08,2017-08-23,0,2,2.0,0,1,1,2,Guest_2677,Expected
City Hotel,1,33,34,23,0,2,2,0.0,0,SC,Online TA,TA/TO,0,0,0,0,0,Transient,129.5,0,1,08,2017-08-23,0,2,2.0,0,1,1,2,Guest_2678,Expected
City Hotel,1,34,34,23,0,2,2,0.0,0,BB,Direct,Direct,0,0,0,0,0,Transient,144.5,0,2,08,2017-08-23,0,2,2.0,0,1,1,2,Guest_2679,Expected
City Hotel,1,67,34,23,0,2,2,1.0,0,BB,Online TA,TA/TO,0,0,0,0,0,Transient,169.0,0,1,08,2017-08-23,0,2,3.0,0,1,0,2,Guest_2680,Expected
City Hotel,1,51,34,23,0,2,2,0.0,0,SC,Online TA,TA/TO,0,0,0,0,0,Transient,129.0,0,1,08,2017-08-23,0,2,2.0,0,1,0,2,Guest_2681,Expected
City Hotel,1,52,34,23,0,3,2,1.0,0,BB,Online TA,TA/TO,0,0,0,0,0,Transient,172.67,0,0,08,2017-08-23,0,3,3.0,0,1,1,2,Guest_2682,Expected
City Hotel,1,138,34,23,0,3,3,0.0,0,BB,Online TA,TA/TO,0,0,0,0,0,Transient,195.0,0,0,08,2017-08-23,0,3,3.0,0,1,1,2,Guest_2683,Expected
City Hotel,1,43,34,23,0,3,2,1.0,0,BB,Online TA,TA/TO,0,0,0,0,0,Transient,149.1,0,0,08,2017-08-23,0,3,3.0,0,0,1,2,Guest_2684,Expected
City Hotel,1,317,34,23,0,3,2,1.0,0,BB,Online TA,TA/TO,0,0,0,0,0,Transient,149.1,0,0,08,2017-08-23,0,3,3.0,0,1,1,2,Guest_2685,Expected
City Hotel,1,56,34,23,0,3,2,0.0,0,BB,Online TA,TA/TO,0,0,0,0,0,Transient,152.67,0,1,08,2017-08-23,0,3,2.0,0,1,1,2,Guest_2686,Expected
City Hotel,1,159,34,23,0,4,3,1.0,0,BB,Online TA,TA/TO,0,0,0,0,0,Transient,225.48,0,1,08,2017-08-23,0,4,4.0,0,1,0,2,Guest_2687,Expected
City Hotel,1,161,34,23,0,4,3,1.0,0,BB,Online TA,TA/TO,0,0,0,0,0,Transient,282.5,0,0,08,2017-08-23,0,4,4.0,0,1,0,2,Guest_2688,Expected
City Hotel,1,175,34,23,2,5,2,1.0,0,BB,Direct,Direct,0,0,0,0,0,Transient,155.0,0,1,08,2017-08-23,0,7,3.0,0,1,1,2,Guest_2689,Expected
City Hotel,1,121,34,23,2,5,2,0.0,0,BB,Online TA,TA/TO,0,0,0,0,0,Transient,155.0,0,0,08,2017-08-23,0,7,2.0,0,1,1,2,Guest_2690,Expected
City Hotel,1,217,34,23,2,5,2,1.0,0,BB,Online TA,TA/TO,0,0,0,0,0,Transient,135.0,0,3,08,2017-08-23,0,7,3.0,0,1,1,2,Guest_2691,Expected
City Hotel,1,0,34,24,0,1,2,0.0,0,BB,Direct,Direct,0,0,0,0,0,Transient,12.0,0,0,08,2017-08-24,0,1,2.0,0,0,0,3,Guest_2692,Expected
City Hotel,1,2,34,24,0,1,2,0.0,0,BB,Groups,TA/TO,0,0,0,0,0,Transient-Party,140.0,0,1,08,2017-08-24,0,1,2.0,0,1,0,3,Guest_2693,Expected
City Hotel,1,52,34,24,0,2,2,0.0,0,BB,Online TA,TA/TO,0,0,0,0,0,Transient,149.0,0,1,08,2017-08-24,0,2,2.0,0,1,1,3,Guest_2694,Expected
City Hotel,1,149,34,24,0,2,2,2.0,0,BB,Online TA,TA/TO,0,0,0,0,0,Transient,235.0,0,0,08,2017-08-24,0,2,4.0,0,1,1,3,Guest_2695,Expected
City Hotel,1,59,34,24,0,2,2,0.0,0,SC,Online TA,TA/TO,0,0,0,0,0,Transient,129.0,0,1,08,2017-08-24,0,2,2.0,0,1,1,3,Guest_2696,Expected
City Hotel,1,34,34,24,0,2,2,0.0,0,BB,Online TA,TA/TO,0,0,0,0,0,Transient,149.5,0,1,08,2017-08-24,0,2,2.0,0,1,1,3,Guest_2697,Expected
City Hotel,1,164,34,24,0,3,2,0.0,0,BB,Online TA,TA/TO,0,0,0,0,0,Transient,139.5,0,0,08,2017-08-24,0,3,2.0,0,1,1,3,Guest_2698,Expected
City Hotel,1,329,34,24,0,3,2,0.0,0,SC,Online TA,TA/TO,0,0,0,0,0,Transient,101.1,0,1,08,2017-08-24,0,3,2.0,0,1,1,3,Guest_2699,Expected
City Hotel,1,223,34,24,0,3,3,0.0,0,BB,Online TA,TA/TO,0,0,0,0,0,Transient,172.8,0,0,08,2017-08-24,0,3,3.0,0,1,1,3,Guest_2700,Expected
City Hotel,1,29,34,24,0,3,3,0.0,0,BB,Online TA,TA/TO,0,0,0,0,0,Transient,203.0,0,1,08,2017-08-24,0,3,3.0,0,1,1,3,Guest_2701,Expected
City Hotel,1,329,34,24,0,3,2,0.0,0,SC,Online TA,TA/TO,0,0,0,0,0,Transient,101.1,0,1,08,2017-08-24,0,3,2.0,0,1,1,3,Guest_2702,Expected
City Hotel,1,163,34,24,0,3,2,0.0,0,BB,Online TA,TA/TO,0,0,0,0,0,Transient,166.5,0,0,08,2017-08-24,0,3,2.0,0,1,1,3,Guest_2703,Expected
City Hotel,1,57,34,24,0,3,3,0.0,0,BB,Online TA,TA/TO,0,0,0,0,0,Transient,202.67,0,0,08,2017-08-24,0,3,3.0,0,1,1,3,Guest_2704,Expected
City Hotel,1,45,34,24,0,3,3,0.0,0,BB,Online TA,TA/TO,0,0,0,0,0,Transient,202.67,0,0,08,2017-08-24,0,3,3.0,0,1,1,3,Guest_2705,Expected
City Hotel,1,185,34,24,0,3,2,0.0,0,BB,Online TA,TA/TO,0,0,0,0,0,Transient,126.0,0,0,08,2017-08-24,0,3,2.0,0,1,1,3,Guest_2706,Expected
City Hotel,1,93,34,24,1,3,3,0.0,0,BB,Online TA,TA/TO,0,0,0,2,0,Transient,192.0,0,0,08,2017-08-24,0,4,3.0,0,1,1,3,Guest_2707,Expected
City Hotel,1,185,34,24,1,3,2,0.0,0,BB,Online TA,TA/TO,0,0,0,0,0,Transient,126.0,0,0,08,2017-08-24,0,4,2.0,0,1,1,3,Guest_2708,Expected
City Hotel,1,12,34,24,1,3,2,2.0,0,BB,Direct,Direct,0,0,0,0,0,Transient,222.0,0,0,08,2017-08-24,0,4,4.0,0,1,1,3,Guest_2709,Expected
City Hotel,1,265,34,24,1,3,2,0.0,0,SC,Online TA,TA/TO,0,0,0,0,0,Transient,99.0,0,0,08,2017-08-24,0,4,2.0,0,1,1,3,Guest_2710,Expected
City Hotel,1,265,34,24,1,3,2,0.0,0,SC,Online TA,TA/TO,0,0,0,0,0,Transient,99.0,0,0,08,2017-08-24,0,4,2.0,0,1,1,3,Guest_2711,Expected
City Hotel,1,265,34,24,1,3,1,0.0,0,BB,Online TA,TA/TO,0,0,0,0,0,Transient,109.8,0,0,08,2017-08-24,0,4,1.0,0,1,1,3,Guest_2712,Expected
City Hotel,1,301,34,24,1,3,2,0.0,0,BB,Online TA,TA/TO,0,0,0,0,0,Transient,116.1,0,2,08,2017-08-24,0,4,2.0,0,1,1,3,Guest_2713,Expected
City Hotel,1,13,34,24,1,3,2,0.0,0,SC,Online TA,TA/TO,0,0,0,0,0,Transient,122.0,0,0,08,2017-08-24,0,4,2.0,0,1,1,3,Guest_2714,Expected
City Hotel,1,265,34,24,1,3,1,0.0,0,BB,Online TA,TA/TO,0,0,0,0,0,Transient,109.8,0,0,08,2017-08-24,0,4,1.0,0,1,1,3,Guest_2715,Expected
City Hotel,1,301,34,24,1,3,2,0.0,0,BB,Online TA,TA/TO,0,0,0,0,0,Transient,116.1,0,2,08,2017-08-24,0,4,2.0,0,1,1,3,Guest_2716,Expected
City Hotel,1,138,34,24,1,3,2,0.0,0,BB,Online TA,TA/TO,0,0,0,0,0,Transient,155.0,0,1,08,2017-08-24,0,4,2.0,0,1,1,3,Guest_2717,Expected
City Hotel,1,76,34,24,2,5,2,0.0,0,HB,Online TA,TA/TO,0,0,0,0,0,Transient,204.86,0,1,08,2017-08-24,0,7,2.0,0,1,1,3,Guest_2718,Expected
City Hotel,1,158,34,24,2,5,3,0.0,0,BB,Online TA,TA/TO,0,0,0,0,0,Transient,202.5,0,0,08,2017-08-24,0,7,3.0,0,1,1,3,Guest_2719,Expected
City Hotel,1,157,34,24,2,5,3,0.0,0,BB,Online TA,TA/TO,0,0,0,0,0,Transient,140.4,0,0,08,2017-08-24,0,7,3.0,0,1,0,3,Guest_2720,Expected
City Hotel,1,139,34,24,3,8,2,0.0,0,BB,Online TA,TA/TO,0,0,0,0,0,Transient,117.41,0,0,08,2017-08-24,0,11,2.0,0,1,0,3,Guest_2721,Expected
City Hotel,1,239,34,25,0,1,2,2.0,0,BB,Online TA,TA/TO,0,0,0,0,0,Transient,189.0,0,1,08,2017-08-25,0,1,4.0,0,1,1,4,Guest_2722,Expected
City Hotel,1,457,34,25,0,2,2,0.0,0,HB,Offline TA/TO,TA/TO,0,0,0,0,0,Transient-Party,122.4,0,1,08,2017-08-25,0,2,2.0,0,1,0,4,Guest_2723,Expected
City Hotel,1,457,34,25,0,2,2,0.0,0,BB,Offline TA/TO,TA/TO,0,0,0,0,0,Transient-Party,80.0,0,0,08,2017-08-25,0,2,2.0,0,1,0,4,Guest_2724,Expected
City Hotel,1,159,34,25,0,2,3,0.0,0,BB,Online TA,TA/TO,0,0,0,0,0,Transient,175.5,0,0,08,2017-08-25,0,2,3.0,0,1,1,4,Guest_2725,Expected
City Hotel,1,43,34,25,0,2,2,0.0,0,SC,Online TA,TA/TO,0,0,0,0,0,Transient,140.0,0,2,08,2017-08-25,0,2,2.0,0,1,1,4,Guest_2726,Expected
City Hotel,1,115,34,25,0,2,3,0.0,0,BB,Online TA,TA/TO,0,0,0,0,0,Transient,195.0,0,2,08,2017-08-25,0,2,3.0,0,1,0,4,Guest_2727,Expected
City Hotel,1,457,34,25,0,2,1,0.0,0,BB,Offline TA/TO,TA/TO,0,0,0,1,0,Transient-Party,80.0,0,0,08,2017-08-25,0,2,1.0,0,1,0,4,Guest_2728,Expected
City Hotel,1,457,34,25,0,2,2,0.0,0,BB,Offline TA/TO,TA/TO,0,0,0,0,0,Transient-Party,80.0,0,0,08,2017-08-25,0,2,2.0,0,1,0,4,Guest_2729,Expected
City Hotel,1,39,34,25,0,2,2,0.0,0,BB,Online TA,TA/TO,0,0,0,0,0,Transient,170.0,0,3,08,2017-08-25,0,2,2.0,0,1,1,4,Guest_2730,Expected
City Hotel,1,115,34,25,0,2,3,0.0,0,BB,Online TA,TA/TO,0,0,0,0,0,Transient,195.0,0,2,08,2017-08-25,0,2,3.0,0,1,0,4,Guest_2731,Expected
City Hotel,1,457,34,25,0,2,2,0.0,0,HB,Offline TA/TO,TA/TO,0,0,0,0,0,Transient-Party,122.4,0,1,08,2017-08-25,0,2,2.0,0,1,0,4,Guest_2732,Expected
City Hotel,1,457,34,25,0,2,2,0.0,0,BB,Offline TA/TO,TA/TO,0,0,0,0,0,Transient-Party,80.0,0,0,08,2017-08-25,0,2,2.0,0,1,0,4,Guest_2733,Expected
City Hotel,1,50,34,25,0,2,2,0.0,0,SC,Online TA,TA/TO,0,0,0,0,0,Transient,140.0,0,2,08,2017-08-25,0,2,2.0,0,1,1,4,Guest_2734,Expected
City Hotel,1,159,34,25,0,2,2,0.0,0,BB,Online TA,TA/TO,0,0,0,0,0,Transient,139.5,0,0,08,2017-08-25,0,2,2.0,0,1,1,4,Guest_2735,Expected
City Hotel,1,457,34,25,0,2,2,0.0,0,BB,Offline TA/TO,TA/TO,0,0,0,0,0,Transient-Party,80.0,0,0,08,2017-08-25,0,2,2.0,0,1,0,4,Guest_2736,Expected
City Hotel,1,204,34,25,1,2,2,0.0,0,SC,Online TA,TA/TO,0,0,0,0,0,Transient,99.0,0,0,08,2017-08-25,0,3,2.0,0,1,1,4,Guest_2737,Expected
City Hotel,1,94,34,25,1,2,2,1.0,0,BB,Online TA,TA/TO,0,0,0,0,0,Transient,122.45,0,0,08,2017-08-25,0,3,3.0,0,1,0,4,Guest_2738,Expected
City Hotel,1,222,34,25,1,2,2,0.0,0,BB,Online TA,TA/TO,0,0,0,0,0,Transient,117.0,0,0,08,2017-08-25,0,3,2.0,0,1,1,4,Guest_2739,Expected
City Hotel,1,222,34,25,1,2,2,0.0,0,BB,Online TA,TA/TO,0,0,0,0,0,Transient,117.0,0,0,08,2017-08-25,0,3,2.0,0,1,1,4,Guest_2740,Expected
City Hotel,1,94,34,25,1,2,2,1.0,0,BB,Online TA,TA/TO,0,0,0,0,0,Transient,127.47,0,0,08,2017-08-25,0,3,3.0,0,1,0,4,Guest_2741,Expected
City Hotel,1,191,34,25,1,2,2,0.0,0,BB,Online TA,TA/TO,0,0,0,0,0,Transient,126.0,0,0,08,2017-08-25,0,3,2.0,0,1,1,4,Guest_2742,Expected
City Hotel,1,222,34,25,1,2,2,0.0,0,BB,Online TA,TA/TO,0,0,0,0,0,Transient,117.0,0,0,08,2017-08-25,0,3,2.0,0,1,1,4,Guest_2743,Expected
City Hotel,1,295,34,25,1,2,2,0.0,0,SC,Online TA,TA/TO,0,0,0,0,0,Transient,89.1,0,0,08,2017-08-25,0,3,2.0,0,1,1,4,Guest_2744,Expected
City Hotel,1,235,34,25,1,2,2,0.0,0,SC,Online TA,TA/TO,0,0,0,0,0,Transient,99.0,0,0,08,2017-08-25,0,3,2.0,0,1,1,4,Guest_2745,Expected
City Hotel,1,109,34,25,1,2,2,0.0,0,HB,Online TA,TA/TO,0,0,0,0,0,Transient,142.41,0,0,08,2017-08-25,0,3,2.0,0,1,0,4,Guest_2746,Expected
City Hotel,1,94,34,25,1,2,2,0.0,0,BB,Online TA,TA/TO,0,0,0,0,0,Transient,122.45,0,0,08,2017-08-25,0,3,2.0,0,1,0,4,Guest_2747,Expected
City Hotel,1,94,34,25,1,2,2,0.0,0,BB,Online TA,TA/TO,0,0,0,0,0,Transient,127.47,0,0,08,2017-08-25,0,3,2.0,0,1,0,4,Guest_2748,Expected
City Hotel,1,184,34,25,2,2,2,0.0,0,BB,Online TA,TA/TO,0,0,0,0,0,Transient,126.0,0,0,08,2017-08-25,0,4,2.0,0,1,1,4,Guest_2749,Expected
City Hotel,1,219,34,25,2,2,2,2.0,0,BB,Online TA,TA/TO,0,0,0,0,0,Transient,198.0,0,0,08,2017-08-25,0,4,4.0,0,1,1,4,Guest_2750,Expected
City Hotel,1,267,34,25,2,2,1,0.0,0,BB,Online TA,TA/TO,0,0,0,0,0,Transient,109.8,0,0,08,2017-08-25,0,4,1.0,0,1,1,4,Guest_2751,Expected
City Hotel,1,99,34,25,2,2,2,0.0,0,BB,Direct,Direct,0,0,0,0,0,Transient,132.3,0,2,08,2017-08-25,0,4,2.0,0,1,1,4,Guest_2752,Expected
City Hotel,1,15,34,25,2,2,2,0.0,0,SC,Online TA,TA/TO,0,0,0,0,0,Transient,101.8,0,1,08,2017-08-25,0,4,2.0,0,1,0,4,Guest_2753,Expected
City Hotel,1,83,34,25,2,3,3,0.0,0,BB,Online TA,TA/TO,0,0,0,0,0,Transient,168.0,0,0,08,2017-08-25,0,5,3.0,0,1,0,4,Guest_2754,Expected
City Hotel,1,228,34,25,2,6,2,0.0,0,BB,Online TA,TA/TO,0,0,0,0,0,Transient,117.0,0,0,08,2017-08-25,0,8,2.0,0,1,1,4,Guest_2755,Expected
City Hotel,1,458,34,26,0,1,2,0.0,0,HB,Offline TA/TO,TA/TO,0,0,0,2,0,Transient-Party,43.2,0,2,08,2017-08-26,0,1,2.0,0,1,0,5,Guest_2756,Expected
City Hotel,1,209,34,26,0,1,3,0.0,0,BB,Online TA,TA/TO,0,0,0,0,0,Transient,162.0,0,0,08,2017-08-26,0,1,3.0,0,1,1,5,Guest_2757,Expected
City Hotel,1,118,34,26,0,1,2,2.0,0,BB,Online TA,TA/TO,0,0,0,0,0,Transient,235.0,0,0,08,2017-08-26,0,1,4.0,0,1,1,5,Guest_2758,Expected
City Hotel,1,210,34,26,0,1,2,2.0,0,BB,Online TA,TA/TO,0,0,0,0,0,Transient,220.0,0,0,08,2017-08-26,0,1,4.0,0,1,1,5,Guest_2759,Expected
City Hotel,1,78,34,26,1,1,1,0.0,0,SC,Online TA,TA/TO,0,0,0,0,0,Transient,116.0,0,0,08,2017-08-26,0,2,1.0,0,1,0,5,Guest_2760,Expected
City Hotel,1,81,34,26,1,1,1,0.0,0,BB,Online TA,TA/TO,0,0,0,0,0,Transient,170.0,0,1,08,2017-08-26,0,2,1.0,0,1,1,5,Guest_2761,Expected
City Hotel,1,65,34,26,1,1,2,0.0,0,BB,Online TA,TA/TO,0,0,0,0,0,Transient,164.0,0,0,08,2017-08-26,0,2,2.0,0,1,0,5,Guest_2762,Expected
City Hotel,1,28,34,26,1,1,2,0.0,0,SC,Online TA,TA/TO,0,0,0,0,0,Transient,114.5,0,2,08,2017-08-26,0,2,2.0,0,1,1,5,Guest_2763,Expected
City Hotel,1,89,34,26,1,1,2,0.0,0,BB,Online TA,TA/TO,0,0,0,0,0,Transient,109.44,0,1,08,2017-08-26,0,2,2.0,0,1,0,5,Guest_2764,Expected
City Hotel,1,50,34,26,1,1,1,0.0,0,BB,Online TA,TA/TO,0,0,0,0,0,Transient,118.8,0,0,08,2017-08-26,0,2,1.0,0,1,0,5,Guest_2765,Expected
City Hotel,1,64,34,26,1,1,3,0.0,0,BB,Online TA,TA/TO,0,0,0,0,0,Transient,212.8,0,1,08,2017-08-26,0,2,3.0,0,1,0,5,Guest_2766,Expected
City Hotel,1,518,34,26,2,1,2,0.0,0,BB,Offline TA/TO,TA/TO,0,0,0,0,0,Transient-Party,90.0,0,0,08,2017-08-26,0,3,2.0,0,1,0,5,Guest_2767,Expected
City Hotel,1,234,34,26,2,1,1,0.0,0,BB,Direct,Direct,0,0,0,0,0,Transient,99.0,0,0,08,2017-08-26,0,3,1.0,0,1,1,5,Guest_2768,Expected
City Hotel,1,518,34,26,2,1,2,0.0,0,BB,Offline TA/TO,TA/TO,0,0,0,0,0,Transient-Party,90.0,0,0,08,2017-08-26,0,3,2.0,0,1,0,5,Guest_2769,Expected
City Hotel,1,518,34,26,2,1,1,0.0,0,BB,Offline TA/TO,TA/TO,0,0,0,0,0,Transient-Party,80.0,0,0,08,2017-08-26,0,3,1.0,0,1,0,5,Guest_2770,Expected
City Hotel,1,134,34,26,2,1,2,0.0,0,BB,Online TA,TA/TO,0,0,0,0,0,Transient,127.1,0,0,08,2017-08-26,0,3,2.0,0,1,0,5,Guest_2771,Expected
City Hotel,1,518,34,26,2,1,2,0.0,0,BB,Offline TA/TO,TA/TO,0,0,0,0,0,Transient-Party,90.0,0,0,08,2017-08-26,0,3,2.0,0,1,0,5,Guest_2772,Expected
City Hotel,1,237,34,26,2,1,2,2.0,0,BB,Online TA,TA/TO,0,0,0,0,0,Transient,189.0,0,3,08,2017-08-26,0,3,4.0,0,1,1,5,Guest_2773,Expected
City Hotel,1,232,34,26,2,1,2,0.0,0,SC,Online TA,TA/TO,0,0,0,0,0,Transient,99.0,0,1,08,2017-08-26,0,3,2.0,0,1,0,5,Guest_2774,Expected
City Hotel,1,33,34,26,2,3,1,2.0,0,BB,Online TA,TA/TO,0,0,0,0,0,Transient,239.8,0,1,08,2017-08-26,0,5,3.0,0,1,1,5,Guest_2775,Expected
City Hotel,1,79,34,26,2,3,3,0.0,0,BB,Online TA,TA/TO,0,0,0,0,0,Transient,240.0,0,0,08,2017-08-26,0,5,3.0,0,1,1,5,Guest_2776,Expected
City Hotel,1,66,34,26,2,3,3,0.0,0,BB,Online TA,TA/TO,0,0,0,0,0,Transient,210.0,0,0,08,2017-08-26,0,5,3.0,0,1,1,5,Guest_2777,Expected
City Hotel,1,120,34,26,2,3,3,0.0,0,BB,Online TA,TA/TO,0,0,0,0,0,Transient,195.0,0,3,08,2017-08-26,0,5,3.0,0,1,1,5,Guest_2778,Expected
City Hotel,1,162,34,26,2,3,2,2.0,0,BB,Online TA,TA/TO,0,0,0,0,0,Transient,235.0,0,0,08,2017-08-26,0,5,4.0,0,1,1,5,Guest_2779,Expected
City Hotel,1,50,34,26,2,3,2,0.0,0,BB,Online TA,TA/TO,0,0,0,0,0,Transient,200.0,0,1,08,2017-08-26,0,5,2.0,0,1,1,5,Guest_2780,Expected
City Hotel,1,19,34,26,2,3,2,0.0,0,BB,Online TA,TA/TO,0,0,0,0,0,Transient,159.8,0,0,08,2017-08-26,0,5,2.0,0,1,1,5,Guest_2781,Expected
City Hotel,1,123,34,26,2,3,3,0.0,0,HB,Online TA,TA/TO,0,0,0,0,0,Transient,252.0,0,1,08,2017-08-26,0,5,3.0,0,1,1,5,Guest_2782,Expected
City Hotel,1,21,34,26,2,3,2,0.0,0,BB,Online TA,TA/TO,0,0,0,0,0,Transient,159.8,0,1,08,2017-08-26,0,5,2.0,0,1,1,5,Guest_2783,Expected
City Hotel,1,205,34,26,2,5,2,0.0,0,HB,Online TA,TA/TO,0,0,0,2,0,Transient,164.03,0,0,08,2017-08-26,0,7,2.0,0,1,1,5,Guest_2784,Expected
City Hotel,1,9,34,26,2,5,3,0.0,0,BB,Online TA,TA/TO,0,0,0,0,0,Transient,232.57,0,1,08,2017-08-26,0,7,3.0,0,1,1,5,Guest_2785,Expected
City Hotel,1,227,34,26,2,5,2,0.0,0,SC,Online TA,TA/TO,0,0,0,0,0,Transient,99.0,0,0,08,2017-08-26,0,7,2.0,0,1,1,5,Guest_2786,Expected
City Hotel,1,195,34,26,2,5,2,1.0,0,BB,Online TA,TA/TO,0,0,0,1,0,Transient,126.0,0,0,08,2017-08-26,0,7,3.0,0,1,1,5,Guest_2787,Expected
City Hotel,1,47,34,26,2,2,3,0.0,0,BB,Online TA,TA/TO,0,0,0,2,0,Transient,196.25,0,0,08,2017-08-26,0,4,3.0,0,1,1,5,Guest_2788,Expected
City Hotel,1,71,34,26,2,2,2,0.0,0,BB,Online TA,TA/TO,0,0,0,0,0,Transient,200.0,0,0,08,2017-08-26,0,4,2.0,0,1,1,5,Guest_2789,Expected
City Hotel,1,227,34,26,2,5,2,0.0,0,SC,Online TA,TA/TO,0,0,0,0,0,Transient,99.0,0,0,08,2017-08-26,0,7,2.0,0,1,1,5,Guest_2790,Expected
City Hotel,1,195,34,26,2,5,2,1.0,0,BB,Online TA,TA/TO,0,0,0,1,0,Transient,220.0,0,0,08,2017-08-26,0,7,3.0,0,1,1,5,Guest_2791,Expected
City Hotel,1,194,34,26,2,5,2,0.0,0,HB,Offline TA/TO,TA/TO,0,0,0,0,0,Transient,113.39,0,0,08,2017-08-26,0,7,2.0,0,1,0,5,Guest_2792,Expected
City Hotel,1,195,34,26,2,5,3,0.0,0,BB,Online TA,TA/TO,0,0,0,0,0,Transient,126.0,0,0,08,2017-08-26,0,7,3.0,0,1,1,5,Guest_2793,Expected
City Hotel,1,38,35,27,1,0,2,1.0,0,BB,Online TA,TA/TO,0,0,0,2,0,Transient,199.0,0,1,08,2017-08-27,0,1,3.0,0,1,0,6,Guest_2794,Expected
City Hotel,1,89,35,27,1,0,2,0.0,0,BB,Online TA,TA/TO,0,0,0,0,0,Transient,118.0,0,1,08,2017-08-27,0,1,2.0,0,1,1,6,Guest_2795,Expected
City Hotel,1,19,35,27,1,0,2,0.0,0,SC,Online TA,TA/TO,0,0,0,0,0,Transient,89.0,0,1,08,2017-08-27,0,1,2.0,0,1,0,6,Guest_2796,Expected
City Hotel,1,28,35,27,1,0,2,0.0,0,BB,Online TA,TA/TO,0,0,0,0,0,Transient,109.0,0,1,08,2017-08-27,0,1,2.0,0,1,1,6,Guest_2797,Expected
City Hotel,1,38,35,27,1,0,2,0.0,0,BB,Online TA,TA/TO,0,0,0,2,0,Transient,99.0,0,1,08,2017-08-27,0,1,2.0,0,1,0,6,Guest_2798,Expected
City Hotel,1,66,35,27,1,0,1,0.0,0,SC,Online TA,GDS,0,0,0,0,0,Transient,130.0,0,0,08,2017-08-27,0,1,1.0,0,1,1,6,Guest_2799,Expected
City Hotel,1,41,35,27,1,0,1,0.0,0,BB,Direct,Direct,0,0,0,1,0,Transient,90.0,0,0,08,2017-08-27,0,1,1.0,0,1,1,6,Guest_2800,Expected
City Hotel,1,14,35,27,1,0,2,0.0,0,SC,Online TA,TA/TO,0,0,0,0,0,Transient,89.0,0,1,08,2017-08-27,0,1,2.0,0,1,0,6,Guest_2801,Expected
City Hotel,1,210,35,27,1,0,3,0.0,0,BB,Online TA,TA/TO,0,0,0,0,0,Transient,162.0,0,0,08,2017-08-27,0,1,3.0,0,1,1,6,Guest_2802,Expected
City Hotel,1,116,35,27,1,0,3,0.0,0,BB,Online TA,TA/TO,0,0,0,0,0,Transient,185.25,0,2,08,2017-08-27,0,1,3.0,0,1,1,6,Guest_2803,Expected
City Hotel,1,20,35,27,1,0,2,1.0,0,BB,Online TA,TA/TO,0,0,0,0,0,Transient,129.0,0,1,08,2017-08-27,0,1,3.0,0,1,1,6,Guest_2804,Expected
City Hotel,1,17,35,27,1,0,2,0.0,0,SC,Online TA,TA/TO,0,0,0,0,0,Transient,89.0,0,1,08,2017-08-27,0,1,2.0,0,1,1,6,Guest_2805,Expected
City Hotel,1,116,35,27,1,0,3,0.0,0,BB,Online TA,TA/TO,0,0,0,0,0,Transient,185.25,0,3,08,2017-08-27,0,1,3.0,0,1,1,6,Guest_2806,Expected
City Hotel,1,34,35,27,1,0,2,0.0,0,SC,Online TA,TA/TO,0,0,0,0,0,Transient,89.0,0,1,08,2017-08-27,0,1,2.0,0,1,0,6,Guest_2807,Expected
City Hotel,1,330,35,27,2,1,2,2.0,0,BB,Online TA,TA/TO,0,0,0,0,0,Transient,199.0,0,1,08,2017-08-27,0,3,4.0,0,1,1,6,Guest_2808,Expected
City Hotel,1,168,35,27,2,1,3,0.0,0,BB,Online TA,TA/TO,0,0,0,0,0,Transient,175.5,0,0,08,2017-08-27,0,3,3.0,0,1,1,6,Guest_2809,Expected
City Hotel,1,33,35,27,2,1,3,0.0,0,BB,Online TA,TA/TO,0,0,0,0,0,Transient,223.0,0,0,08,2017-08-27,0,3,3.0,0,1,1,6,Guest_2810,Expected
City Hotel,1,121,35,27,2,1,3,0.0,0,HB,Online TA,TA/TO,0,0,0,0,0,Transient,252.0,0,1,08,2017-08-27,0,3,3.0,0,1,1,6,Guest_2811,Expected
City Hotel,1,10,35,27,2,1,2,0.0,0,SC,Online TA,TA/TO,0,0,0,0,0,Transient,126.33,0,1,08,2017-08-27,0,3,2.0,0,1,1,6,Guest_2812,Expected
City Hotel,1,25,35,27,2,1,3,0.0,0,BB,Online TA,TA/TO,0,0,0,0,0,Transient,210.4,0,1,08,2017-08-27,0,3,3.0,0,1,0,6,Guest_2813,Expected
City Hotel,1,120,35,27,2,1,1,2.0,0,HB,Online TA,TA/TO,0,0,0,0,0,Transient,177.08,0,1,08,2017-08-27,0,3,3.0,0,1,0,6,Guest_2814,Expected
City Hotel,1,36,35,27,2,1,3,0.0,0,BB,Online TA,TA/TO,0,0,0,0,0,Transient,223.0,0,1,08,2017-08-27,0,3,3.0,0,1,1,6,Guest_2815,Expected
City Hotel,1,189,35,27,2,1,2,0.0,0,SC,Online TA,TA/TO,0,0,0,0,0,Transient,99.0,0,0,08,2017-08-27,0,3,2.0,0,1,0,6,Guest_2816,Expected
City Hotel,1,158,35,27,2,2,2,0.0,0,BB,Online TA,TA/TO,0,0,0,0,0,Transient,139.5,0,0,08,2017-08-27,0,4,2.0,0,1,1,6,Guest_2817,Expected
City Hotel,1,181,35,27,2,3,2,0.0,0,BB,Online TA,TA/TO,0,0,0,0,0,Transient,139.5,0,1,08,2017-08-27,0,5,2.0,0,1,1,6,Guest_2818,Expected
City Hotel,1,158,35,27,2,3,3,0.0,0,BB,Online TA,TA/TO,0,0,0,0,0,Transient,202.5,0,0,08,2017-08-27,0,5,3.0,0,1,1,6,Guest_2819,Expected
City Hotel,1,137,35,27,2,5,2,0.0,0,BB,Online TA,TA/TO,0,0,0,0,0,Transient,114.69,0,0,08,2017-08-27,0,7,2.0,0,1,0,6,Guest_2820,Expected
City Hotel,1,69,35,27,2,5,2,0.0,0,BB,Online TA,TA/TO,0,0,0,0,0,Transient,163.71,0,1,08,2017-08-27,0,7,2.0,0,1,1,6,Guest_2821,Expected
City Hotel,1,7,35,28,1,0,2,0.0,0,BB,Online TA,TA/TO,0,0,0,0,0,Transient,160.0,0,2,08,2017-08-28,0,1,2.0,0,1,0,0,Guest_2822,Expected
City Hotel,1,182,35,28,1,1,2,0.0,0,BB,Online TA,TA/TO,0,0,0,0,0,Transient,126.0,0,0,08,2017-08-28,0,2,2.0,0,1,1,0,Guest_2823,Expected
City Hotel,1,279,35,28,1,1,2,0.0,0,BB,Online TA,TA/TO,0,0,0,0,0,Transient,107.1,0,0,08,2017-08-28,0,2,2.0,0,1,1,0,Guest_2824,Expected
City Hotel,1,368,35,28,1,2,2,0.0,0,BB,Offline TA/TO,TA/TO,0,0,0,1,0,Transient,80.1,0,0,08,2017-08-28,0,3,2.0,0,1,0,0,Guest_2825,Expected
City Hotel,1,305,35,28,1,2,2,0.0,0,BB,Online TA,TA/TO,0,0,0,0,0,Transient,107.1,0,2,08,2017-08-28,0,3,2.0,0,1,1,0,Guest_2826,Expected
City Hotel,1,28,35,28,1,2,2,2.0,0,BB,Online TA,TA/TO,0,0,0,0,0,Transient,250.0,0,0,08,2017-08-28,0,3,4.0,0,1,1,0,Guest_2827,Expected
City Hotel,1,278,35,28,1,2,2,0.0,0,BB,Online TA,TA/TO,0,0,0,0,0,Transient,107.1,0,0,08,2017-08-28,0,3,2.0,0,1,1,0,Guest_2828,Expected
City Hotel,1,50,35,28,1,2,2,0.0,0,BB,Online TA,TA/TO,0,0,0,0,0,Transient,115.2,0,0,08,2017-08-28,0,3,2.0,0,1,0,0,Guest_2829,Expected
City Hotel,1,168,35,28,1,2,3,0.0,0,BB,Online TA,TA/TO,0,0,0,0,0,Transient,175.5,0,0,08,2017-08-28,0,3,3.0,0,1,1,0,Guest_2830,Expected
City Hotel,1,162,35,28,1,2,2,0.0,0,BB,Online TA,TA/TO,0,0,0,0,0,Transient,139.5,0,1,08,2017-08-28,0,3,2.0,0,1,0,0,Guest_2831,Expected
City Hotel,1,43,35,28,1,2,2,0.0,0,SC,Online TA,TA/TO,0,0,0,0,0,Transient,140.0,0,2,08,2017-08-28,0,3,2.0,0,1,1,0,Guest_2832,Expected
City Hotel,1,184,35,28,1,2,2,0.0,0,BB,Direct,Direct,0,0,0,0,0,Transient,191.67,0,3,08,2017-08-28,0,3,2.0,0,1,0,0,Guest_2833,Expected
City Hotel,1,161,35,28,1,3,2,0.0,0,HB,Online TA,TA/TO,0,0,0,2,0,Transient,178.53,0,0,08,2017-08-28,0,4,2.0,0,1,1,0,Guest_2834,Expected
City Hotel,1,206,35,28,1,3,2,0.0,0,BB,Online TA,TA/TO,0,0,0,0,0,Transient,126.0,0,1,08,2017-08-28,0,4,2.0,0,1,1,0,Guest_2835,Expected
City Hotel,1,213,35,28,1,3,1,0.0,0,HB,Groups,TA/TO,0,0,0,0,0,Transient-Party,109.25,0,0,08,2017-08-28,0,4,1.0,0,1,0,0,Guest_2836,Expected
City Hotel,1,35,35,28,1,3,2,0.0,0,BB,Online TA,TA/TO,0,0,0,0,0,Transient,170.0,0,1,08,2017-08-28,0,4,2.0,0,1,1,0,Guest_2837,Expected
City Hotel,1,213,35,28,1,3,1,0.0,0,BB,Groups,TA/TO,0,0,0,0,0,Transient-Party,85.0,0,0,08,2017-08-28,0,4,1.0,0,1,0,0,Guest_2838,Expected
City Hotel,1,33,35,28,1,3,3,0.0,0,BB,Online TA,TA/TO,0,0,0,0,0,Transient,210.0,0,0,08,2017-08-28,0,4,3.0,0,1,0,0,Guest_2839,Expected
City Hotel,1,219,35,28,1,3,2,1.0,0,BB,Online TA,TA/TO,0,0,0,1,0,Transient,135.0,0,2,08,2017-08-28,1,4,3.0,0,1,1,0,Guest_2840,Expected
City Hotel,1,321,35,28,1,4,2,0.0,0,HB,Online TA,TA/TO,0,0,0,2,0,Transient,145.08,0,3,08,2017-08-28,0,5,2.0,0,1,1,0,Guest_2841,Expected
City Hotel,1,112,35,28,1,5,2,0.0,0,BB,Online TA,TA/TO,0,0,0,0,0,Transient,155.0,0,1,08,2017-08-28,0,6,2.0,0,1,1,0,Guest_2842,Expected
City Hotel,1,212,35,28,2,5,2,0.0,0,BB,Online TA,TA/TO,0,0,0,0,0,Transient,85.59,0,0,08,2017-08-28,0,7,2.0,0,1,0,0,Guest_2843,Expected
City Hotel,1,260,35,28,3,6,2,1.0,0,BB,Online TA,TA/TO,0,0,0,0,0,Transient,135.0,0,1,08,2017-08-28,0,9,3.0,0,1,1,0,Guest_2844,Expected
City Hotel,1,41,35,28,3,9,1,0.0,0,BB,Online TA,TA/TO,0,0,0,0,0,Transient,161.83,0,0,08,2017-08-28,0,12,1.0,0,1,1,0,Guest_2845,Expected
City Hotel,1,70,35,28,4,10,3,0.0,0,BB,Online TA,TA/TO,0,0,0,0,0,Transient,200.29,0,1,08,2017-08-28,0,14,3.0,0,1,1,0,Guest_2846,Expected
City Hotel,1,222,35,28,1,5,2,0.0,0,SC,Online TA,TA/TO,0,0,0,0,0,Transient,99.0,0,2,08,2017-08-28,0,6,2.0,0,1,1,0,Guest_2847,Expected
City Hotel,1,521,35,29,0,1,2,0.0,0,BB,Offline TA/TO,TA/TO,0,0,0,0,0,Transient,90.0,0,0,08,2017-08-29,0,1,2.0,0,1,0,1,Guest_2848,Expected
City Hotel,1,521,35,29,0,1,2,0.0,0,BB,Offline TA/TO,TA/TO,0,0,0,0,0,Transient,90.0,0,0,08,2017-08-29,0,1,2.0,0,1,0,1,Guest_2849,Expected
City Hotel,1,521,35,29,0,1,2,0.0,0,BB,Offline TA/TO,TA/TO,0,0,0,0,0,Transient,90.0,0,0,08,2017-08-29,0,1,2.0,0,1,0,1,Guest_2850,Expected
City Hotel,1,521,35,29,0,1,2,0.0,0,BB,Offline TA/TO,TA/TO,0,0,0,0,0,Transient,90.0,0,0,08,2017-08-29,0,1,2.0,0,1,0,1,Guest_2851,Expected
City Hotel,1,11,35,29,0,1,3,0.0,0,BB,Online TA,TA/TO,0,0,0,0,0,Transient,210.0,0,0,08,2017-08-29,0,1,3.0,0,1,1,1,Guest_2852,Expected
City Hotel,1,521,35,29,0,1,2,0.0,0,BB,Offline TA/TO,TA/TO,0,0,0,0,0,Transient,90.0,0,0,08,2017-08-29,0,1,2.0,0,1,0,1,Guest_2853,Expected
City Hotel,1,521,35,29,0,1,2,0.0,0,BB,Offline TA/TO,TA/TO,0,0,0,0,0,Transient,90.0,0,0,08,2017-08-29,0,1,2.0,0,1,0,1,Guest_2854,Expected
City Hotel,1,521,35,29,0,1,2,0.0,0,BB,Offline TA/TO,TA/TO,0,0,0,0,0,Transient,90.0,0,0,08,2017-08-29,0,1,2.0,0,1,0,1,Guest_2855,Expected
City Hotel,1,521,35,29,0,1,2,0.0,0,BB,Offline TA/TO,TA/TO,0,0,0,0,0,Transient,90.0,0,0,08,2017-08-29,0,1,2.0,0,1,0,1,Guest_2856,Expected
City Hotel,1,521,35,29,0,1,2,0.0,0,BB,Offline TA/TO,TA/TO,0,0,0,0,0,Transient,90.0,0,0,08,2017-08-29,0,1,2.0,0,1,0,1,Guest_2857,Expected
City Hotel,1,521,35,29,0,1,2,0.0,0,BB,Offline TA/TO,TA/TO,0,0,0,0,0,Transient,90.0,0,0,08,2017-08-29,0,1,2.0,0,1,0,1,Guest_2858,Expected
City Hotel,1,228,35,29,0,2,2,0.0,0,BB,Online TA,TA/TO,0,0,0,0,0,Transient,117.0,0,1,08,2017-08-29,0,2,2.0,0,1,1,1,Guest_2859,Expected
City Hotel,1,42,35,29,0,2,3,0.0,0,BB,Online TA,TA/TO,0,0,0,0,0,Transient,210.0,0,0,08,2017-08-29,0,2,3.0,0,1,1,1,Guest_2860,Expected
City Hotel,1,184,35,29,0,2,2,0.0,0,SC,Online TA,TA/TO,0,0,0,0,0,Transient,99.0,0,1,08,2017-08-29,0,2,2.0,0,1,1,1,Guest_2861,Expected
City Hotel,1,26,35,29,0,3,2,2.0,0,BB,Online TA,TA/TO,0,0,0,0,0,Transient,250.0,0,1,08,2017-08-29,0,3,4.0,0,1,1,1,Guest_2862,Expected
City Hotel,1,43,35,29,0,4,2,0.0,0,SC,Online TA,TA/TO,0,0,0,0,0,Transient,137.25,0,1,08,2017-08-29,0,4,2.0,0,1,1,1,Guest_2863,Expected
City Hotel,1,210,35,29,0,4,2,0.0,0,BB,Online TA,TA/TO,0,0,0,0,0,Transient,117.0,0,0,08,2017-08-29,0,4,2.0,0,1,1,1,Guest_2864,Expected
City Hotel,1,171,35,29,0,4,2,0.0,0,HB,Online TA,TA/TO,0,0,0,0,0,Transient,168.08,0,0,08,2017-08-29,0,4,2.0,0,1,1,1,Guest_2865,Expected
City Hotel,1,209,35,29,0,3,2,2.0,0,BB,Online TA,TA/TO,0,0,0,0,0,Transient,220.0,0,0,08,2017-08-29,0,3,4.0,0,1,1,1,Guest_2866,Expected
City Hotel,1,127,35,29,0,3,3,0.0,0,BB,Online TA,TA/TO,0,0,0,4,0,Transient,195.0,0,1,08,2017-08-29,0,3,3.0,0,1,1,1,Guest_2867,Expected
City Hotel,1,350,35,29,0,4,1,0.0,0,BB,Online TA,TA/TO,0,0,0,2,0,Transient,125.25,0,1,08,2017-08-29,0,4,1.0,0,1,1,1,Guest_2868,Expected
City Hotel,1,234,35,29,0,4,2,0.0,0,BB,Online TA,TA/TO,0,0,0,0,0,Transient,117.0,0,1,08,2017-08-29,0,4,2.0,0,1,1,1,Guest_2869,Expected
City Hotel,1,223,35,29,0,4,2,0.0,0,SC,Online TA,TA/TO,0,0,0,0,0,Transient,99.0,0,2,08,2017-08-29,0,4,2.0,0,1,1,1,Guest_2870,Expected
City Hotel,1,146,35,29,0,5,2,0.0,0,SC,Online TA,TA/TO,0,0,0,0,0,Transient,131.0,0,1,08,2017-08-29,0,5,2.0,0,1,1,1,Guest_2871,Expected
City Hotel,1,158,35,29,0,5,1,0.0,0,SC,Online TA,TA/TO,0,0,0,0,0,Transient,88.96,0,0,08,2017-08-29,0,5,1.0,0,1,0,1,Guest_2872,Expected
City Hotel,1,135,35,29,1,5,3,0.0,0,BB,Online TA,TA/TO,0,0,0,0,0,Transient,272.5,0,1,08,2017-08-29,0,6,3.0,0,1,0,1,Guest_2873,Expected
City Hotel,1,123,35,29,1,5,1,0.0,0,BB,Online TA,TA/TO,0,0,0,0,0,Transient,155.0,0,1,08,2017-08-29,0,6,1.0,0,1,1,1,Guest_2874,Expected
City Hotel,1,48,35,29,1,5,1,0.0,0,BB,Online TA,TA/TO,0,0,0,0,0,Transient,139.0,0,0,08,2017-08-29,0,6,1.0,0,1,1,1,Guest_2875,Expected
City Hotel,1,320,35,29,2,5,2,0.0,0,BB,Online TA,TA/TO,0,0,0,0,0,Transient,112.76,0,3,08,2017-08-29,0,7,2.0,0,1,1,1,Guest_2876,Expected
City Hotel,1,33,35,29,2,5,2,0.0,0,BB,Online TA,TA/TO,0,0,0,0,0,Transient,162.29,0,1,08,2017-08-29,0,7,2.0,0,1,1,1,Guest_2877,Expected
City Hotel,1,23,35,30,0,2,2,2.0,0,BB,Online TA,TA/TO,0,0,0,0,0,Transient,250.0,0,0,08,2017-08-30,0,2,4.0,0,1,1,2,Guest_2878,Expected
City Hotel,1,30,35,30,0,3,2,0.0,0,BB,Online TA,TA/TO,0,0,0,4,0,Transient,166.33,0,1,08,2017-08-30,0,3,2.0,0,1,1,2,Guest_2879,Expected
City Hotel,1,220,35,30,0,3,2,0.0,0,BB,Online TA,TA/TO,0,0,0,0,0,Transient,117.0,0,1,08,2017-08-30,0,3,2.0,0,1,1,2,Guest_2880,Expected
City Hotel,1,47,35,30,0,2,3,0.0,0,BB,Online TA,TA/TO,0,0,0,0,0,Transient,210.0,0,3,08,2017-08-30,0,2,3.0,0,1,1,2,Guest_2881,Expected
City Hotel,1,207,35,30,0,2,2,0.0,0,SC,Online TA,TA/TO,0,0,0,0,0,Transient,99.0,0,0,08,2017-08-30,0,2,2.0,0,1,0,2,Guest_2882,Expected
City Hotel,1,13,35,30,0,3,2,2.0,0,BB,Online TA,TA/TO,0,0,0,0,0,Transient,246.33,0,0,08,2017-08-30,0,3,4.0,0,1,1,2,Guest_2883,Expected
City Hotel,1,73,35,30,0,3,2,0.0,0,BB,Online TA,TA/TO,0,0,0,0,0,Transient,162.67,0,1,08,2017-08-30,0,3,2.0,0,1,1,2,Guest_2884,Expected
City Hotel,1,190,35,30,0,4,2,0.0,0,BB,Online TA,TA/TO,0,0,0,0,0,Transient,117.0,0,0,08,2017-08-30,0,4,2.0,0,1,1,2,Guest_2885,Expected
City Hotel,1,207,35,30,0,4,2,0.0,0,SC,Online TA,TA/TO,0,0,0,0,0,Transient,99.0,0,0,08,2017-08-30,0,4,2.0,0,1,0,2,Guest_2886,Expected
City Hotel,1,176,35,30,0,4,2,0.0,0,BB,Online TA,TA/TO,0,0,0,0,0,Transient,137.25,0,0,08,2017-08-30,0,4,2.0,0,1,1,2,Guest_2887,Expected
City Hotel,1,48,35,30,2,4,2,0.0,0,HB,Online TA,TA/TO,0,0,0,0,0,Transient,195.33,0,1,08,2017-08-30,0,6,2.0,0,1,1,2,Guest_2888,Expected
City Hotel,1,215,35,30,2,5,2,0.0,0,HB,Online TA,TA/TO,0,0,0,2,0,Transient,162.0,0,0,08,2017-08-30,0,7,2.0,0,1,1,2,Guest_2889,Expected
City Hotel,1,215,35,30,2,5,2,0.0,0,HB,Online TA,TA/TO,0,0,0,2,0,Transient,162.0,0,0,08,2017-08-30,0,7,2.0,0,1,1,2,Guest_2890,Expected
City Hotel,1,65,35,31,0,1,2,0.0,0,SC,Online TA,TA/TO,0,0,0,0,0,Transient,140.0,0,0,08,2017-08-31,0,1,2.0,0,1,1,3,Guest_2891,Expected
City Hotel,1,184,35,31,0,1,2,0.0,0,BB,Direct,Direct,0,0,0,0,0,Transient,112.5,0,0,08,2017-08-31,0,1,2.0,0,1,0,3,Guest_2892,Expected
City Hotel,1,134,35,31,0,2,2,1.0,0,BB,Online TA,TA/TO,0,0,0,0,0,Transient,162.5,0,1,08,2017-08-31,0,2,3.0,0,1,1,3,Guest_2893,Expected
City Hotel,1,68,35,31,0,2,2,0.0,0,SC,Online TA,TA/TO,0,0,0,0,0,Transient,129.0,0,1,08,2017-08-31,0,2,2.0,0,1,1,3,Guest_2894,Expected
City Hotel,1,134,35,31,0,2,2,1.0,0,BB,Online TA,TA/TO,0,0,0,0,0,Transient,242.5,0,1,08,2017-08-31,0,2,3.0,0,1,1,3,Guest_2895,Expected
City Hotel,1,155,35,31,0,3,2,0.0,0,SC,Online TA,TA/TO,0,0,0,0,0,Transient,135.0,0,1,08,2017-08-31,0,3,2.0,0,1,1,3,Guest_2896,Expected
City Hotel,1,222,35,31,0,3,2,0.0,0,BB,Online TA,TA/TO,0,0,0,0,0,Transient,126.0,0,3,08,2017-08-31,0,3,2.0,0,1,1,3,Guest_2897,Expected
City Hotel,1,155,35,31,0,3,1,0.0,0,SC,Online TA,TA/TO,0,0,0,0,0,Transient,135.0,0,1,08,2017-08-31,0,3,1.0,0,1,1,3,Guest_2898,Expected
City Hotel,1,177,35,31,0,3,2,0.0,0,BB,Offline TA/TO,TA/TO,0,0,0,0,0,Transient,95.1,0,1,08,2017-08-31,0,3,2.0,0,1,0,3,Guest_2899,Expected
City Hotel,1,50,35,31,0,3,2,0.0,0,SC,Online TA,TA/TO,0,0,0,0,0,Transient,125.33,0,1,08,2017-08-31,0,3,2.0,0,1,1,3,Guest_2900,Expected
City Hotel,1,222,35,31,0,3,2,0.0,0,BB,Online TA,TA/TO,0,0,0,0,0,Transient,117.0,0,3,08,2017-08-31,0,3,2.0,0,1,1,3,Guest_2901,Expected
City Hotel,1,177,35,31,0,3,2,0.0,0,BB,Offline TA/TO,TA/TO,0,0,0,0,0,Transient,95.1,0,1,08,2017-08-31,0,3,2.0,0,1,0,3,Guest_2902,Expected
City Hotel,1,131,35,31,0,3,2,0.0,0,BB,Online TA,TA/TO,0,0,0,0,0,Transient,165.0,0,0,08,2017-08-31,0,3,2.0,0,1,1,3,Guest_2903,Expected
City Hotel,1,155,35,31,0,3,2,0.0,0,SC,Online TA,TA/TO,0,0,0,0,0,Transient,135.0,0,1,08,2017-08-31,0,3,2.0,0,1,1,3,Guest_2904,Expected
City Hotel,1,155,35,31,0,3,2,0.0,0,SC,Online TA,TA/TO,0,0,0,0,0,Transient,135.0,0,1,08,2017-08-31,0,3,2.0,0,1,1,3,Guest_2905,Expected
City Hotel,1,221,35,31,0,3,3,0.0,0,BB,Online TA,TA/TO,0,0,0,0,0,Transient,162.0,0,1,08,2017-08-31,0,3,3.0,0,1,1,3,Guest_2906,Expected
City Hotel,1,155,35,31,0,3,2,0.0,0,SC,Online TA,TA/TO,0,0,0,0,0,Transient,135.0,0,1,08,2017-08-31,0,3,2.0,0,1,1,3,Guest_2907,Expected
City Hotel,1,222,35,31,0,3,2,0.0,0,BB,Online TA,TA/TO,0,0,0,0,0,Transient,117.0,0,3,08,2017-08-31,0,3,2.0,0,1,1,3,Guest_2908,Expected
City Hotel,1,75,35,31,0,3,3,0.0,0,HB,Online TA,TA/TO,0,0,0,0,0,Transient,193.33,0,0,08,2017-08-31,0,3,3.0,0,1,1,3,Guest_2909,Expected
City Hotel,1,23,35,31,0,3,2,2.0,0,BB,Online TA,TA/TO,0,0,0,0,0,Transient,242.67,0,0,08,2017-08-31,0,3,4.0,0,1,1,3,Guest_2910,Expected
City Hotel,1,14,35,31,1,3,3,0.0,0,BB,Online TA,TA/TO,0,0,0,0,0,Transient,231.75,0,0,08,2017-08-31,0,4,3.0,0,1,1,3,Guest_2911,Expected
City Hotel,1,112,35,31,1,3,2,0.0,0,BB,Online TA,TA/TO,0,0,0,0,0,Transient,145.0,0,2,08,2017-08-31,0,4,2.0,0,1,1,3,Guest_2912,Expected
City Hotel,1,241,35,31,1,3,2,0.0,0,BB,Online TA,TA/TO,0,0,0,0,0,Transient,117.0,0,0,08,2017-08-31,0,4,2.0,0,1,1,3,Guest_2913,Expected
City Hotel,1,117,35,31,2,3,2,0.0,0,SC,Online TA,TA/TO,0,0,0,0,0,Transient,125.0,0,1,08,2017-08-31,0,5,2.0,0,1,1,3,Guest_2914,Expected
City Hotel,1,261,35,31,2,3,3,0.0,0,BB,Online TA,TA/TO,0,0,0,0,0,Transient,166.5,0,2,08,2017-08-31,0,5,3.0,0,1,1,3,Guest_2915,Expected
City Hotel,1,245,35,31,2,3,2,0.0,0,SC,Online TA,TA/TO,0,0,0,0,0,Transient,79.2,0,0,08,2017-08-31,0,5,2.0,0,1,0,3,Guest_2916,Expected
City Hotel,1,261,35,31,2,3,2,0.0,0,SC,Online TA,TA/TO,0,0,0,0,0,Transient,99.0,0,1,08,2017-08-31,0,5,2.0,0,1,1,3,Guest_2917,Expected
City Hotel,1,119,35,31,2,4,2,0.0,0,BB,Online TA,TA/TO,0,0,0,0,0,Transient,185.0,0,1,08,2017-08-31,0,6,2.0,0,1,1,3,Guest_2918,Expected
City Hotel,1,156,35,31,2,5,2,0.0,0,BB,Offline TA/TO,TA/TO,0,0,0,0,0,Transient,82.94,0,1,08,2017-08-31,0,7,2.0,0,1,0,3,Guest_2919,Expected
City Hotel,1,218,35,31,2,5,3,0.0,0,BB,Online TA,TA/TO,0,0,0,0,0,Transient,162.0,0,0,08,2017-08-31,0,7,3.0,0,1,1,3,Guest_2920,Expected
City Hotel,1,210,35,31,2,5,3,0.0,0,HB,Online TA,TA/TO,0,0,0,0,0,Transient,189.0,0,0,08,2017-08-31,0,7,3.0,0,1,1,3,Guest_2921,Expected
City Hotel,0,0,34,22,0,1,1,0.0,0,BB,Corporate,Corporate,1,6,72,0,0,Transient,67.0,0,2,08,2017-08-22,1,1,1.0,0,0,0,1,Guest_2922,Expected
City Hotel,0,6,34,23,0,1,1,0.0,0,BB,Corporate,Corporate,1,4,30,0,0,Transient,67.0,0,1,08,2017-08-23,0,1,1.0,0,0,0,2,Guest_2923,Expected
City Hotel,0,5,34,22,0,2,1,0.0,0,BB,Corporate,Corporate,1,1,16,0,0,Transient,67.0,1,1,08,2017-08-22,0,2,1.0,0,0,0,1,Guest_2924,Expected
City Hotel,0,8,35,30,0,1,1,0.0,0,BB,Corporate,Corporate,1,0,3,0,0,Transient,80.0,0,2,08,2017-08-30,0,1,1.0,0,0,0,2,Guest_2925,Expected
City Hotel,1,4,35,28,1,0,1,0.0,0,BB,Complementary,Corporate,1,0,3,0,0,Transient,0.0,0,2,08,2017-08-28,0,1,1.0,1,0,0,0,Guest_2926,Expected
City Hotel,0,57,31,1,0,2,1,0.0,0,BB,Corporate,Corporate,1,1,8,0,0,Transient,80.0,0,0,08,2017-08-01,0,2,1.0,0,0,0,1,Guest_2927,Expected
City Hotel,0,28,33,16,0,1,1,0.0,0,BB,Corporate,Corporate,1,0,3,0,0,Transient,77.0,0,1,08,2017-08-16,1,1,1.0,0,0,0,2,Guest_2928,Expected
City Hotel,0,44,34,23,0,1,1,0.0,0,BB,Corporate,Corporate,1,1,27,0,0,Transient,89.0,1,2,08,2017-08-23,0,1,1.0,0,0,0,2,Guest_2929,Expected
City Hotel,0,50,35,29,0,2,1,0.0,0,BB,Corporate,Corporate,1,1,28,1,0,Transient,89.0,1,4,08,2017-08-29,0,2,1.0,0,0,0,1,Guest_2930,Expected
City Hotel,0,14,35,31,0,1,1,0.0,0,BB,Corporate,Corporate,1,0,3,1,0,Transient,67.0,1,2,08,2017-08-31,0,1,1.0,0,0,0,3,Guest_2931,Expected
City Hotel,0,5,33,16,0,1,1,0.0,0,BB,Corporate,Corporate,1,0,1,0,0,Transient,67.0,1,2,08,2017-08-16,0,1,1.0,0,0,0,2,Guest_2932,Expected
City Hotel,0,3,35,31,0,1,1,0.0,0,BB,Corporate,Corporate,1,0,21,0,0,Transient,67.0,0,3,08,2017-08-31,0,1,1.0,0,0,0,3,Guest_2933,Expected
City Hotel,0,7,34,24,0,1,1,0.0,0,BB,Corporate,Corporate,1,1,11,0,0,Transient,67.0,0,1,08,2017-08-24,0,1,1.0,0,0,0,3,Guest_2934,Expected
City Hotel,0,5,33,16,0,2,1,0.0,0,BB,Corporate,Corporate,1,1,7,0,0,Transient,67.0,1,2,08,2017-08-16,1,2,1.0,0,0,0,2,Guest_2935,Expected
City Hotel,0,0,31,1,0,1,1,0.0,0,BB,Complementary,Direct,1,5,18,0,0,Transient,0.0,0,3,08,2017-08-01,0,1,1.0,1,0,0,1,Guest_2936,Expected
City Hotel,0,1,32,8,0,1,1,0.0,0,BB,Complementary,Direct,1,5,19,1,0,Transient,0.0,0,3,08,2017-08-08,1,1,1.0,1,0,0,1,Guest_2937,Expected
City Hotel,0,0,33,15,0,1,1,0.0,0,BB,Complementary,Direct,1,5,20,0,0,Transient,0.0,0,3,08,2017-08-15,0,1,1.0,1,0,0,1,Guest_2938,Expected
City Hotel,0,0,34,23,0,1,1,0.0,0,BB,Complementary,Direct,1,5,21,0,0,Transient,0.0,0,3,08,2017-08-23,0,1,1.0,1,0,0,2,Guest_2939,Expected
City Hotel,0,6,34,22,0,3,1,0.0,0,BB,Complementary,Corporate,1,1,19,1,0,Transient,0.0,1,1,08,2017-08-22,0,3,1.0,1,0,0,1,Guest_2940,Expected
City Hotel,0,1,35,29,0,2,1,0.0,0,BB,Corporate,Corporate,1,0,6,0,0,Transient,67.0,0,3,08,2017-08-29,0,2,1.0,0,0,0,1,Guest_2941,Expected
City Hotel,0,3,33,14,1,0,1,0.0,0,BB,Corporate,Direct,1,0,5,1,0,Transient,95.0,1,2,08,2017-08-14,0,1,1.0,0,0,0,0,Guest_2942,Expected
City Hotel,0,1,32,8,0,2,1,0.0,0,BB,Corporate,Corporate,1,0,1,0,0,Transient,67.0,1,0,08,2017-08-08,1,2,1.0,0,0,0,1,Guest_2943,Expected
City Hotel,0,11,31,4,0,1,2,0.0,0,BB,Direct,Direct,1,0,3,0,0,Transient,140.0,1,2,08,2017-08-04,1,1,2.0,0,0,0,4,Guest_2944,Expected
City Hotel,0,25,33,18,0,1,2,0.0,0,BB,Direct,Direct,1,0,4,1,0,Transient,140.0,1,2,08,2017-08-18,0,1,2.0,0,0,0,4,Guest_2945,Expected
City Hotel,0,25,33,15,0,3,1,0.0,0,BB,Corporate,Corporate,1,1,6,0,0,Transient,65.0,0,1,08,2017-08-15,0,3,1.0,0,0,0,1,Guest_2946,Expected
City Hotel,0,6,35,29,0,3,1,0.0,0,BB,Corporate,Corporate,1,1,7,0,0,Transient,65.0,0,3,08,2017-08-29,0,3,1.0,0,0,0,1,Guest_2947,Expected
City Hotel,0,6,34,23,0,2,2,1.0,1,BB,Direct,Direct,1,0,1,1,0,Transient,100.0,1,3,08,2017-08-23,0,2,4.0,0,0,0,2,Guest_2948,Expected
City Hotel,0,1,31,2,0,1,1,0.0,0,BB,Corporate,Corporate,1,0,5,0,0,Transient,95.0,0,2,08,2017-08-02,0,1,1.0,0,0,0,2,Guest_2949,Expected
City Hotel,0,0,35,29,0,1,1,0.0,0,BB,Direct,Direct,1,0,5,1,0,Transient,80.0,0,0,08,2017-08-29,0,1,1.0,0,0,0,1,Guest_2950,Expected
City Hotel,0,21,33,16,0,1,2,0.0,0,BB,Corporate,Corporate,1,0,3,1,0,Group,75.0,0,1,08,2017-08-16,0,1,2.0,0,0,0,2,Guest_2951,Expected
City Hotel,0,34,35,30,0,3,1,0.0,0,BB,Corporate,Corporate,1,1,5,0,0,Transient,85.0,0,0,08,2017-08-30,0,3,1.0,0,0,1,2,Guest_2952,Expected
City Hotel,0,58,34,23,0,2,1,0.0,0,BB,Online TA,TA/TO,1,0,1,0,0,Transient,111.2,0,1,08,2017-08-23,0,2,1.0,0,1,1,2,Guest_2953,Expected
City Hotel,0,116,34,21,1,2,1,0.0,0,BB,Offline TA/TO,Corporate,1,0,1,3,0,Transient-Party,125.0,0,0,08,2017-08-21,0,3,1.0,0,1,1,0,Guest_2954,Expected
City Hotel,0,7,31,2,0,2,1,0.0,0,BB,Corporate,Corporate,1,0,1,1,0,Transient,65.0,0,1,08,2017-08-02,0,2,1.0,0,0,0,2,Guest_2955,Expected
City Hotel,0,11,34,22,0,1,1,0.0,0,SC,Online TA,TA/TO,1,0,1,1,0,Transient,140.0,0,0,08,2017-08-22,1,1,1.0,0,1,1,1,Guest_2956,Expected
City Hotel,0,13,35,29,0,1,1,0.0,0,BB,Corporate,Corporate,1,1,7,0,0,Transient,65.0,0,0,08,2017-08-29,0,1,1.0,0,0,0,1,Guest_2957,Expected
City Hotel,0,0,32,7,1,2,1,0.0,0,BB,Corporate,Corporate,1,0,9,0,0,Transient,75.0,0,3,08,2017-08-07,0,3,1.0,0,0,0,0,Guest_2958,Expected
City Hotel,0,81,35,28,1,2,1,0.0,0,BB,Online TA,TA/TO,1,0,2,1,0,Transient,125.0,0,0,08,2017-08-28,0,3,1.0,0,1,1,0,Guest_2959,Expected
City Hotel,0,14,32,11,0,2,1,1.0,0,BB,Direct,Direct,1,0,1,1,0,Transient,130.8,0,1,08,2017-08-11,0,2,2.0,0,0,0,4,Guest_2960,Expected
City Hotel,0,76,32,6,2,0,3,0.0,0,BB,Direct,Direct,0,0,1,2,0,Group,179.5,0,1,08,2017-08-06,0,2,3.0,0,1,0,6,Guest_2961,Expected
City Hotel,0,62,31,1,0,1,2,0.0,0,SC,Online TA,TA/TO,0,0,0,0,0,Transient,71.1,0,0,08,2017-08-01,0,1,2.0,0,1,1,1,Guest_2962,Expected
City Hotel,0,13,31,1,0,1,2,0.0,0,SC,Online TA,TA/TO,0,0,0,0,0,Transient,87.2,0,1,08,2017-08-01,0,1,2.0,0,1,0,1,Guest_2963,Expected
City Hotel,0,23,31,1,0,1,2,0.0,0,SC,Online TA,TA/TO,0,0,0,0,0,Transient,108.0,0,1,08,2017-08-01,0,1,2.0,0,1,1,1,Guest_2964,Expected
City Hotel,0,69,31,1,0,1,1,0.0,0,BB,Online TA,GDS,0,0,0,0,0,Transient,140.0,0,1,08,2017-08-01,0,1,1.0,0,1,1,1,Guest_2965,Expected
City Hotel,0,8,31,1,0,1,2,0.0,0,SC,Online TA,TA/TO,0,0,0,0,0,Transient,119.0,0,1,08,2017-08-01,0,1,2.0,0,1,1,1,Guest_2966,Expected
City Hotel,0,1,31,1,0,1,1,0.0,0,BB,Corporate,Corporate,0,0,0,1,0,Transient,74.0,1,0,08,2017-08-01,0,1,1.0,0,0,0,1,Guest_2967,Expected
City Hotel,0,12,31,1,0,1,1,0.0,0,SC,Online TA,TA/TO,0,0,0,0,0,Transient,119.0,0,1,08,2017-08-01,0,1,1.0,0,1,0,1,Guest_2968,Expected
City Hotel,1,0,31,2,0,2,1,0.0,0,BB,Corporate,Corporate,1,0,0,0,0,Transient,65.0,0,1,08,2017-08-02,1,2,1.0,0,0,0,2,Guest_2969,Expected
City Hotel,0,135,31,1,0,1,3,0.0,0,BB,Online TA,TA/TO,0,0,0,0,0,Transient,211.5,1,3,08,2017-08-01,0,1,3.0,0,1,1,1,Guest_2970,Expected
City Hotel,0,26,31,1,0,1,2,0.0,0,SC,Direct,Direct,0,0,0,0,0,Transient,128.0,0,0,08,2017-08-01,0,1,2.0,0,1,1,1,Guest_2971,Expected
City Hotel,0,26,31,1,0,1,2,0.0,0,SC,Direct,Direct,0,0,0,0,0,Transient,128.0,0,0,08,2017-08-01,0,1,2.0,0,1,1,1,Guest_2972,Expected
City Hotel,0,177,31,1,0,1,2,0.0,0,BB,Online TA,TA/TO,0,0,0,0,0,Transient,139.5,1,1,08,2017-08-01,0,1,2.0,0,1,1,1,Guest_2973,Expected
City Hotel,0,5,32,7,1,1,1,0.0,0,BB,Corporate,Corporate,1,0,1,0,0,Transient,67.0,1,1,08,2017-08-07,0,2,1.0,0,0,0,0,Guest_2974,Expected
City Hotel,0,12,31,1,0,1,2,0.0,0,SC,Online TA,TA/TO,0,0,0,0,0,Transient,109.0,0,1,08,2017-08-01,0,1,2.0,0,1,0,1,Guest_2975,Expected
City Hotel,0,21,31,1,0,1,2,0.0,0,BB,Online TA,TA/TO,0,0,0,0,0,Transient,128.0,0,0,08,2017-08-01,0,1,2.0,0,1,1,1,Guest_2976,Expected
City Hotel,0,57,31,1,0,1,2,0.0,0,SC,Online TA,TA/TO,0,0,0,0,0,Transient,71.1,0,0,08,2017-08-01,0,1,2.0,0,1,1,1,Guest_2977,Expected
City Hotel,0,177,31,1,0,1,2,1.0,0,BB,Online TA,TA/TO,0,0,0,0,0,Transient,148.5,0,1,08,2017-08-01,0,1,3.0,0,1,1,1,Guest_2978,Expected
City Hotel,0,19,31,1,0,2,1,0.0,0,SC,Online TA,TA/TO,0,0,0,0,0,Transient,160.0,0,1,08,2017-08-01,0,2,1.0,0,1,1,1,Guest_2979,Expected
City Hotel,0,17,31,2,0,1,2,0.0,0,BB,Online TA,TA/TO,0,0,0,0,0,Transient,89.0,0,0,08,2017-08-02,1,1,2.0,0,1,1,2,Guest_2980,Expected
City Hotel,0,208,31,2,0,1,1,0.0,0,HB,Groups,TA/TO,0,0,0,2,0,Transient-Party,24.0,0,0,08,2017-08-02,0,1,1.0,0,1,0,2,Guest_2981,Expected
City Hotel,0,208,31,2,0,1,2,0.0,0,HB,Groups,TA/TO,0,0,0,0,0,Transient-Party,157.0,0,1,08,2017-08-02,0,1,2.0,0,1,1,2,Guest_2982,Expected
City Hotel,0,208,31,2,0,1,2,0.0,0,HB,Groups,TA/TO,0,0,0,0,0,Transient-Party,157.0,0,1,08,2017-08-02,0,1,2.0,0,1,1,2,Guest_2983,Expected
City Hotel,0,208,31,2,0,1,2,0.0,0,HB,Groups,TA/TO,0,0,0,0,0,Transient-Party,157.0,0,1,08,2017-08-02,0,1,2.0,0,1,1,2,Guest_2984,Expected
City Hotel,0,208,31,2,0,1,2,0.0,0,HB,Groups,TA/TO,0,0,0,0,0,Transient-Party,157.0,0,1,08,2017-08-02,0,1,2.0,0,1,1,2,Guest_2985,Expected
City Hotel,0,208,31,2,0,1,2,0.0,0,HB,Groups,TA/TO,0,0,0,0,0,Transient-Party,157.0,0,1,08,2017-08-02,1,1,2.0,0,1,1,2,Guest_2986,Expected
City Hotel,0,208,31,2,0,1,2,0.0,0,HB,Groups,TA/TO,0,0,0,0,0,Transient-Party,157.0,0,1,08,2017-08-02,0,1,2.0,0,1,1,2,Guest_2987,Expected
City Hotel,0,208,31,2,0,1,2,0.0,0,HB,Groups,TA/TO,0,0,0,0,0,Transient-Party,157.0,0,1,08,2017-08-02,0,1,2.0,0,1,1,2,Guest_2988,Expected
City Hotel,0,208,31,2,0,1,2,0.0,0,HB,Groups,TA/TO,0,0,0,0,0,Transient-Party,157.0,0,1,08,2017-08-02,0,1,2.0,0,1,1,2,Guest_2989,Expected
City Hotel,0,208,31,2,0,1,2,0.0,0,HB,Groups,TA/TO,0,0,0,0,0,Transient-Party,157.0,0,1,08,2017-08-02,0,1,2.0,0,1,1,2,Guest_2990,Expected
City Hotel,0,208,31,2,0,1,2,0.0,0,HB,Groups,TA/TO,0,0,0,0,0,Transient-Party,157.0,0,1,08,2017-08-02,0,1,2.0,0,1,1,2,Guest_2991,Expected
City Hotel,0,208,31,2,0,1,2,0.0,0,HB,Groups,TA/TO,0,0,0,0,0,Transient-Party,157.0,0,1,08,2017-08-02,0,1,2.0,0,1,1,2,Guest_2992,Expected
City Hotel,0,208,31,2,0,1,2,0.0,0,HB,Groups,TA/TO,0,0,0,0,0,Transient-Party,157.0,0,1,08,2017-08-02,0,1,2.0,0,1,1,2,Guest_2993,Expected
City Hotel,0,208,31,2,0,1,2,0.0,0,HB,Groups,TA/TO,0,0,0,0,0,Transient-Party,157.0,0,1,08,2017-08-02,0,1,2.0,0,1,1,2,Guest_2994,Expected
City Hotel,0,208,31,2,0,1,2,0.0,0,HB,Groups,TA/TO,0,0,0,0,0,Transient-Party,157.0,0,1,08,2017-08-02,0,1,2.0,0,1,1,2,Guest_2995,Expected
City Hotel,0,208,31,2,0,1,2,0.0,0,HB,Groups,TA/TO,0,0,0,0,0,Transient-Party,157.0,0,1,08,2017-08-02,0,1,2.0,0,1,1,2,Guest_2996,Expected
City Hotel,0,208,31,2,0,1,2,0.0,0,HB,Groups,TA/TO,0,0,0,0,0,Transient-Party,157.0,0,1,08,2017-08-02,0,1,2.0,0,1,1,2,Guest_2997,Expected
City Hotel,0,208,31,2,0,1,2,0.0,0,HB,Groups,TA/TO,0,0,0,0,0,Transient-Party,157.0,0,1,08,2017-08-02,0,1,2.0,0,1,1,2,Guest_2998,Expected
City Hotel,0,208,31,2,0,1,2,0.0,0,HB,Groups,TA/TO,0,0,0,0,0,Transient-Party,157.0,0,1,08,2017-08-02,0,1,2.0,0,1,1,2,Guest_2999,Expected
City Hotel,0,208,31,2,0,1,2,0.0,0,HB,Groups,TA/TO,0,0,0,0,0,Transient-Party,157.0,0,1,08,2017-08-02,0,1,2.0,0,1,1,2,Guest_3000,Expected
City Hotel,0,208,31,2,0,1,2,0.0,0,HB,Groups,TA/TO,0,0,0,0,0,Transient-Party,157.0,0,0,08,2017-08-02,0,1,2.0,0,1,1,2,Guest_3001,Expected
City Hotel,0,0,31,1,0,2,2,1.0,0,BB,Direct,Direct,0,0,0,0,0,Transient,179.0,1,0,08,2017-08-01,0,2,3.0,0,0,0,1,Guest_3002,Expected
City Hotel,0,166,31,1,0,2,2,1.0,0,HB,Online TA,TA/TO,0,0,0,3,0,Transient,280.0,1,0,08,2017-08-01,0,2,3.0,0,1,1,1,Guest_3003,Expected
City Hotel,0,263,31,1,0,2,3,0.0,0,BB,Direct,Direct,0,0,0,3,0,Transient,130.63,1,0,08,2017-08-01,0,2,3.0,0,1,1,1,Guest_3004,Expected
City Hotel,0,263,31,1,0,2,2,0.0,0,BB,Direct,Direct,0,0,0,2,0,Transient,86.63,0,0,08,2017-08-01,0,2,2.0,0,1,1,1,Guest_3005,Expected
City Hotel,0,85,31,1,0,2,2,1.0,0,BB,Direct,Direct,0,0,0,0,0,Transient,141.5,0,1,08,2017-08-01,0,2,3.0,0,1,0,1,Guest_3006,Expected
City Hotel,0,208,31,2,0,1,2,0.0,0,HB,Groups,TA/TO,0,0,0,0,0,Transient-Party,157.0,0,1,08,2017-08-02,0,1,2.0,0,1,0,2,Guest_3007,Expected
City Hotel,0,150,31,2,0,1,2,0.0,0,BB,Online TA,TA/TO,0,0,0,2,0,Transient-Party,139.5,0,0,08,2017-08-02,0,1,2.0,0,1,1,2,Guest_3008,Expected
City Hotel,0,150,31,2,0,1,2,2.0,0,BB,Online TA,TA/TO,0,0,0,1,0,Transient-Party,235.0,0,0,08,2017-08-02,0,1,4.0,0,1,1,2,Guest_3009,Expected
City Hotel,0,144,31,1,0,2,2,0.0,0,BB,Online TA,TA/TO,0,0,0,0,0,Transient,130.5,0,1,08,2017-08-01,0,2,2.0,0,1,1,1,Guest_3010,Expected
City Hotel,0,37,31,2,0,1,2,0.0,0,SC,Online TA,TA/TO,0,0,0,0,0,Transient,140.0,0,2,08,2017-08-02,1,1,2.0,0,1,0,2,Guest_3011,Expected
City Hotel,0,208,31,2,0,1,2,0.0,0,HB,Groups,TA/TO,0,0,0,0,0,Transient-Party,157.0,0,1,08,2017-08-02,0,1,2.0,0,1,1,2,Guest_3012,Expected
City Hotel,0,0,31,2,0,1,3,0.0,0,BB,Direct,Direct,0,0,0,1,0,Transient,169.0,0,0,08,2017-08-02,0,1,3.0,0,0,0,2,Guest_3013,Expected
City Hotel,0,12,31,1,0,2,2,0.0,0,BB,Online TA,TA/TO,0,0,0,0,0,Transient,203.5,0,1,08,2017-08-01,0,2,2.0,0,1,1,1,Guest_3014,Expected
City Hotel,0,37,31,2,0,1,2,0.0,0,HB,Online TA,TA/TO,0,0,0,0,0,Transient,208.0,0,0,08,2017-08-02,1,1,2.0,0,1,1,2,Guest_3015,Expected
City Hotel,0,150,31,2,0,1,2,2.0,0,BB,Online TA,TA/TO,0,0,0,1,0,Transient-Party,244.0,0,0,08,2017-08-02,0,1,4.0,0,1,1,2,Guest_3016,Expected
City Hotel,0,93,31,3,0,1,2,0.0,0,SC,Direct,Direct,0,0,0,0,0,Transient,125.0,0,0,08,2017-08-03,0,1,2.0,0,1,1,3,Guest_3017,Expected
City Hotel,0,0,31,1,0,2,1,0.0,0,BB,Online TA,TA/TO,0,0,0,1,0,Transient,160.0,0,0,08,2017-08-01,0,2,1.0,0,1,1,1,Guest_3018,Expected
City Hotel,0,9,31,2,0,2,2,0.0,0,SC,Direct,Direct,0,0,0,1,0,Transient,119.0,0,0,08,2017-08-02,0,2,2.0,0,1,1,2,Guest_3019,Expected
City Hotel,0,292,31,2,0,2,2,0.0,0,SC,Online TA,TA/TO,0,0,0,0,0,Transient,89.1,0,4,08,2017-08-02,0,2,2.0,0,1,1,2,Guest_3020,Expected
City Hotel,0,292,31,2,0,2,2,0.0,0,SC,Online TA,TA/TO,0,0,0,0,0,Transient,89.1,0,4,08,2017-08-02,0,2,2.0,0,1,1,2,Guest_3021,Expected
City Hotel,0,214,31,1,0,3,2,0.0,0,BB,Offline TA/TO,TA/TO,0,0,0,0,0,Transient,80.1,0,0,08,2017-08-01,0,3,2.0,0,1,1,1,Guest_3022,Expected
City Hotel,0,129,31,3,0,1,2,0.0,0,SC,Online TA,TA/TO,0,0,0,0,0,Transient,90.0,0,1,08,2017-08-03,0,1,2.0,0,1,1,3,Guest_3023,Expected
City Hotel,0,4,31,3,0,1,2,0.0,0,SC,Online TA,TA/TO,0,0,0,0,0,Transient,104.0,0,1,08,2017-08-03,0,1,2.0,0,1,1,3,Guest_3024,Expected
City Hotel,0,7,31,2,0,2,1,0.0,0,BB,Corporate,Corporate,0,0,0,1,0,Transient,67.0,1,1,08,2017-08-02,0,2,1.0,0,0,0,2,Guest_3025,Expected
City Hotel,0,3,35,31,0,1,2,1.0,0,BB,Corporate,Corporate,1,0,1,0,0,Transient,95.0,0,4,08,2017-08-31,0,1,3.0,0,0,0,3,Guest_3026,Expected
City Hotel,0,2,31,3,0,1,2,0.0,0,HB,Groups,TA/TO,0,0,0,0,0,Transient-Party,166.0,0,0,08,2017-08-03,0,1,2.0,0,1,0,3,Guest_3027,Expected
City Hotel,0,2,31,3,0,1,2,0.0,0,HB,Groups,TA/TO,0,0,0,2,0,Transient-Party,166.0,0,0,08,2017-08-03,0,1,2.0,0,1,0,3,Guest_3028,Expected
City Hotel,0,2,31,3,0,1,2,0.0,0,HB,Groups,TA/TO,0,0,0,0,0,Transient-Party,166.0,0,1,08,2017-08-03,0,1,2.0,0,1,0,3,Guest_3029,Expected
City Hotel,0,2,31,3,0,1,2,0.0,0,HB,Groups,TA/TO,0,0,0,0,0,Transient-Party,166.0,0,0,08,2017-08-03,0,1,2.0,0,1,0,3,Guest_3030,Expected
City Hotel,0,2,31,3,0,1,2,0.0,0,HB,Groups,TA/TO,0,0,0,0,0,Transient-Party,166.0,0,0,08,2017-08-03,0,1,2.0,0,1,0,3,Guest_3031,Expected
City Hotel,0,2,31,3,0,1,2,0.0,0,HB,Groups,TA/TO,0,0,0,0,0,Transient-Party,166.0,0,0,08,2017-08-03,0,1,2.0,0,1,0,3,Guest_3032,Expected
City Hotel,0,19,31,2,0,2,3,0.0,0,BB,Online TA,TA/TO,0,0,0,0,0,Transient,230.0,0,0,08,2017-08-02,0,2,3.0,0,1,1,2,Guest_3033,Expected
City Hotel,0,331,31,2,0,2,2,2.0,0,BB,Online TA,TA/TO,0,0,0,0,0,Transient,179.1,0,2,08,2017-08-02,0,2,4.0,0,1,1,2,Guest_3034,Expected
City Hotel,0,0,31,3,0,1,2,0.0,0,BB,Online TA,TA/TO,0,0,0,0,0,Transient,125.1,0,1,08,2017-08-03,1,1,2.0,0,1,1,3,Guest_3035,Expected
City Hotel,0,54,31,1,0,3,2,0.0,0,SC,Online TA,TA/TO,0,0,0,0,0,Transient,140.0,0,1,08,2017-08-01,0,3,2.0,0,1,1,1,Guest_3036,Expected
City Hotel,0,7,31,3,0,1,1,0.0,0,SC,Online TA,TA/TO,0,0,0,0,0,Transient,119.0,0,0,08,2017-08-03,1,1,1.0,0,1,1,3,Guest_3037,Expected
City Hotel,0,241,31,2,0,2,2,1.0,0,BB,Online TA,TA/TO,0,0,0,0,0,Transient,148.5,0,2,08,2017-08-02,0,2,3.0,0,1,1,2,Guest_3038,Expected
City Hotel,0,269,31,3,0,1,2,1.0,0,BB,Online TA,TA/TO,0,0,0,0,0,Transient,125.1,0,1,08,2017-08-03,0,1,3.0,0,1,1,3,Guest_3039,Expected
City Hotel,0,100,31,1,0,3,2,0.0,0,SC,Online TA,TA/TO,0,0,0,0,0,Transient,125.0,0,1,08,2017-08-01,0,3,2.0,0,1,1,1,Guest_3040,Expected
City Hotel,0,0,31,3,0,1,2,2.0,0,BB,Online TA,TA/TO,0,0,0,0,0,Transient,219.0,0,0,08,2017-08-03,0,1,4.0,0,1,1,3,Guest_3041,Expected
City Hotel,0,1,31,3,0,1,3,0.0,0,BB,Online TA,TA/TO,0,0,0,0,0,Transient,188.0,0,3,08,2017-08-03,0,1,3.0,0,1,1,3,Guest_3042,Expected
City Hotel,0,2,31,2,0,2,1,0.0,0,BB,Corporate,Corporate,0,0,0,1,0,Transient,74.0,1,0,08,2017-08-02,0,2,1.0,0,0,0,2,Guest_3043,Expected
City Hotel,0,20,31,3,0,1,2,0.0,0,BB,Online TA,TA/TO,0,0,0,4,0,Transient-Party,190.0,0,2,08,2017-08-03,0,1,2.0,0,1,1,3,Guest_3044,Expected
City Hotel,0,14,31,2,0,2,2,1.0,0,HB,Online TA,TA/TO,0,0,0,0,0,Transient,214.4,0,1,08,2017-08-02,0,2,3.0,0,1,1,2,Guest_3045,Expected
City Hotel,0,69,31,1,0,3,2,1.0,0,SC,Online TA,TA/TO,0,0,0,1,0,Transient,150.0,0,2,08,2017-08-01,0,3,3.0,0,1,1,1,Guest_3046,Expected
City Hotel,0,5,31,3,0,1,2,0.0,0,BB,Direct,Direct,0,0,0,1,0,Transient,159.75,0,0,08,2017-08-03,0,1,2.0,0,0,0,3,Guest_3047,Expected
City Hotel,0,3,31,3,0,1,2,0.0,0,BB,Offline TA/TO,TA/TO,0,0,0,0,0,Transient,120.0,0,0,08,2017-08-03,0,1,2.0,0,1,1,3,Guest_3048,Expected
City Hotel,0,2,31,3,0,1,1,0.0,0,BB,Online TA,TA/TO,0,0,0,0,0,Transient,140.0,0,1,08,2017-08-03,1,1,1.0,0,1,1,3,Guest_3049,Expected
City Hotel,0,229,31,2,0,2,2,0.0,0,BB,Online TA,TA/TO,0,0,0,0,0,Transient,139.5,1,1,08,2017-08-02,0,2,2.0,0,1,1,2,Guest_3050,Expected
City Hotel,0,64,31,2,0,2,2,0.0,0,SC,Online TA,TA/TO,0,0,0,0,0,Transient,130.0,0,1,08,2017-08-02,0,2,2.0,0,1,1,2,Guest_3051,Expected
City Hotel,0,229,31,2,0,2,1,0.0,0,BB,Online TA,TA/TO,0,0,0,0,0,Transient,123.3,0,1,08,2017-08-02,0,2,1.0,0,1,1,2,Guest_3052,Expected
City Hotel,0,2,31,3,0,1,2,1.0,0,HB,Groups,TA/TO,0,0,0,10,0,Transient-Party,216.5,0,1,08,2017-08-03,0,1,3.0,0,1,0,3,Guest_3053,Expected
City Hotel,0,3,31,3,0,1,2,1.0,0,BB,Online TA,TA/TO,0,0,0,1,0,Transient,200.0,0,0,08,2017-08-03,0,1,3.0,0,1,1,3,Guest_3054,Expected
City Hotel,0,2,31,3,0,1,2,0.0,0,HB,Groups,TA/TO,0,0,0,0,0,Transient-Party,166.0,0,1,08,2017-08-03,0,1,2.0,0,1,0,3,Guest_3055,Expected
City Hotel,0,7,31,3,0,1,2,0.0,0,BB,Online TA,TA/TO,0,0,0,0,0,Transient,139.0,0,1,08,2017-08-03,0,1,2.0,0,1,1,3,Guest_3056,Expected
City Hotel,0,58,31,2,0,2,2,0.0,0,SC,Online TA,TA/TO,0,0,0,0,0,Transient,140.0,0,0,08,2017-08-02,0,2,2.0,0,1,1,2,Guest_3057,Expected
City Hotel,0,0,31,3,0,1,2,0.0,0,SC,Online TA,TA/TO,0,0,0,0,0,Transient,69.01,0,0,08,2017-08-03,0,1,2.0,0,1,1,3,Guest_3058,Expected
City Hotel,0,1,31,4,0,1,3,0.0,0,BB,Direct,Direct,0,0,0,0,0,Transient,190.0,0,1,08,2017-08-04,0,1,3.0,0,1,1,4,Guest_3059,Expected
City Hotel,0,21,31,1,0,4,2,0.0,0,BB,Online TA,TA/TO,0,0,0,0,0,Transient,159.0,0,1,08,2017-08-01,0,4,2.0,0,1,1,1,Guest_3060,Expected
City Hotel,0,20,31,3,0,2,3,0.0,0,BB,Online TA,TA/TO,0,0,0,3,0,Transient-Party,230.0,0,2,08,2017-08-03,0,2,3.0,0,1,1,3,Guest_3061,Expected
City Hotel,0,20,31,3,0,2,2,0.0,0,BB,Online TA,TA/TO,0,0,0,0,0,Transient-Party,190.0,0,2,08,2017-08-03,0,2,2.0,0,1,1,3,Guest_3062,Expected
City Hotel,0,25,31,4,0,1,2,0.0,0,BB,Online TA,TA/TO,0,0,0,0,0,Transient,89.0,0,0,08,2017-08-04,1,1,2.0,0,1,1,4,Guest_3063,Expected
City Hotel,0,157,31,1,0,4,2,0.0,0,BB,Online TA,TA/TO,0,0,0,0,0,Transient,137.25,0,0,08,2017-08-01,0,4,2.0,0,1,1,1,Guest_3064,Expected
City Hotel,0,176,31,2,0,3,2,0.0,0,BB,Offline TA/TO,TA/TO,0,0,0,0,0,Transient,80.1,0,0,08,2017-08-02,0,3,2.0,0,1,1,2,Guest_3065,Expected
City Hotel,0,87,31,3,0,2,3,0.0,0,BB,Online TA,TA/TO,0,0,0,0,0,Transient,195.0,0,1,08,2017-08-03,0,2,3.0,0,1,1,3,Guest_3066,Expected
City Hotel,0,38,31,3,0,2,2,0.0,0,SC,Online TA,TA/TO,0,0,0,0,0,Transient,140.0,0,1,08,2017-08-03,0,2,2.0,0,1,1,3,Guest_3067,Expected
City Hotel,0,175,31,1,0,4,2,2.0,0,BB,Direct,Direct,0,0,0,0,0,Transient,260.0,0,1,08,2017-08-01,0,4,4.0,0,0,1,1,Guest_3068,Expected
City Hotel,0,1,31,3,0,2,2,1.0,0,BB,Online TA,TA/TO,0,0,0,1,0,Transient,185.0,0,0,08,2017-08-03,0,2,3.0,0,1,1,3,Guest_3069,Expected
City Hotel,0,0,31,3,0,2,2,0.0,0,BB,Online TA,TA/TO,0,0,0,0,0,Transient,119.6,0,1,08,2017-08-03,0,2,2.0,0,1,1,3,Guest_3070,Expected
City Hotel,0,54,31,1,0,4,2,0.0,0,SC,Online TA,TA/TO,0,0,0,0,0,Transient,140.0,0,1,08,2017-08-01,0,4,2.0,0,1,1,1,Guest_3071,Expected
City Hotel,0,39,31,2,0,3,2,0.0,0,BB,Direct,Direct,0,0,0,1,0,Transient,153.0,0,3,08,2017-08-02,0,3,2.0,0,1,1,2,Guest_3072,Expected
City Hotel,0,0,31,3,0,2,2,0.0,0,BB,Online TA,TA/TO,0,0,0,0,0,Transient,111.6,0,1,08,2017-08-03,1,2,2.0,0,1,1,3,Guest_3073,Expected
City Hotel,0,167,31,4,0,1,3,0.0,0,BB,Online TA,TA/TO,0,0,0,0,0,Transient-Party,175.5,0,0,08,2017-08-04,0,1,3.0,0,1,1,4,Guest_3074,Expected
City Hotel,0,167,31,4,0,1,2,1.0,0,BB,Online TA,TA/TO,0,0,0,0,0,Transient-Party,148.5,0,0,08,2017-08-04,0,1,3.0,0,1,1,4,Guest_3075,Expected
City Hotel,0,167,31,4,0,1,3,0.0,0,BB,Online TA,TA/TO,0,0,0,0,0,Transient-Party,175.5,0,0,08,2017-08-04,0,1,3.0,0,1,1,4,Guest_3076,Expected
City Hotel,0,156,31,2,0,3,2,0.0,0,BB,Offline TA/TO,TA/TO,0,0,0,0,0,Transient,89.1,0,0,08,2017-08-02,0,3,2.0,0,1,0,2,Guest_3077,Expected
City Hotel,0,52,31,1,0,4,2,0.0,0,BB,Online TA,TA/TO,0,0,0,0,0,Transient,160.0,0,3,08,2017-08-01,0,4,2.0,0,1,1,1,Guest_3078,Expected
City Hotel,0,314,31,1,0,4,3,0.0,0,BB,Online TA,TA/TO,0,0,0,0,0,Transient,139.5,0,2,08,2017-08-01,0,4,3.0,0,1,1,1,Guest_3079,Expected
City Hotel,0,314,31,1,0,4,2,0.0,0,BB,Online TA,TA/TO,0,0,0,1,0,Transient,109.1,0,1,08,2017-08-01,0,4,2.0,0,1,0,1,Guest_3080,Expected
City Hotel,0,70,31,4,0,1,2,0.0,0,BB,Online TA,TA/TO,0,0,0,1,0,Transient,150.0,0,1,08,2017-08-04,0,1,2.0,0,1,0,4,Guest_3081,Expected
City Hotel,0,243,31,4,0,1,2,0.0,0,BB,Online TA,TA/TO,0,0,0,1,0,Transient-Party,112.5,0,1,08,2017-08-04,0,1,2.0,0,1,1,4,Guest_3082,Expected
City Hotel,0,14,31,3,0,2,2,0.0,0,BB,Online TA,TA/TO,0,0,0,0,0,Transient,127.6,0,1,08,2017-08-03,0,2,2.0,0,1,0,3,Guest_3083,Expected
City Hotel,0,243,31,4,0,1,2,1.0,0,BB,Online TA,TA/TO,0,0,0,0,0,Transient-Party,148.5,0,1,08,2017-08-04,0,1,3.0,0,1,1,4,Guest_3084,Expected
City Hotel,0,86,31,3,0,2,2,0.0,0,BB,Direct,Direct,0,0,0,0,0,Transient-Party,112.5,0,3,08,2017-08-03,0,2,2.0,0,1,1,3,Guest_3085,Expected
City Hotel,0,1,31,4,0,1,2,1.0,0,BB,Direct,Direct,0,0,0,0,0,Transient,170.0,0,0,08,2017-08-04,0,1,3.0,0,1,1,4,Guest_3086,Expected
City Hotel,0,39,31,2,0,3,2,0.0,0,SC,Direct,Direct,0,0,0,2,0,Transient,150.0,0,3,08,2017-08-02,0,3,2.0,0,1,1,2,Guest_3087,Expected
City Hotel,0,185,31,2,0,3,3,0.0,0,BB,Online TA,TA/TO,0,0,0,0,0,Transient,175.5,0,0,08,2017-08-02,0,3,3.0,0,1,1,2,Guest_3088,Expected
City Hotel,0,2,31,4,0,1,3,0.0,0,BB,Online TA,TA/TO,0,0,0,0,0,Transient,230.0,0,1,08,2017-08-04,0,1,3.0,0,1,0,4,Guest_3089,Expected
City Hotel,0,2,31,3,0,2,2,0.0,0,BB,Online TA,TA/TO,0,0,0,0,0,Transient,140.0,0,1,08,2017-08-03,0,2,2.0,0,1,1,3,Guest_3090,Expected
City Hotel,0,86,31,3,0,2,2,0.0,0,BB,Direct,Direct,0,0,0,0,0,Transient-Party,112.5,0,3,08,2017-08-03,0,2,2.0,0,1,1,3,Guest_3091,Expected
City Hotel,0,185,31,2,0,3,3,0.0,0,BB,Online TA,TA/TO,0,0,0,0,0,Transient,175.5,0,0,08,2017-08-02,0,3,3.0,0,1,1,2,Guest_3092,Expected
City Hotel,0,57,31,3,0,2,2,0.0,0,SC,Online TA,TA/TO,0,0,0,0,0,Transient,140.0,0,1,08,2017-08-03,0,2,2.0,0,1,1,3,Guest_3093,Expected
City Hotel,0,24,31,3,0,2,2,0.0,0,SC,Online TA,TA/TO,0,0,0,0,0,Transient,134.0,0,1,08,2017-08-03,0,2,2.0,0,1,1,3,Guest_3094,Expected
City Hotel,0,2,31,3,0,2,2,0.0,0,BB,Online TA,TA/TO,0,0,0,0,0,Transient,140.0,0,1,08,2017-08-03,0,2,2.0,0,1,1,3,Guest_3095,Expected
City Hotel,0,221,31,4,0,1,2,2.0,0,BB,Online TA,TA/TO,0,0,0,2,0,Transient,211.5,1,1,08,2017-08-04,0,1,4.0,0,1,1,4,Guest_3096,Expected
City Hotel,0,156,31,2,0,3,2,3.0,0,BB,Direct,Direct,0,0,0,0,0,Transient,260.0,0,1,08,2017-08-02,0,3,5.0,0,1,1,2,Guest_3097,Expected
City Hotel,0,11,31,4,0,1,2,0.0,0,SC,Online TA,TA/TO,0,0,0,0,0,Transient,160.0,0,1,08,2017-08-04,0,1,2.0,0,1,1,4,Guest_3098,Expected
City Hotel,0,70,31,4,0,1,2,2.0,0,BB,Online TA,TA/TO,0,0,0,1,0,Transient,249.0,0,1,08,2017-08-04,0,1,4.0,0,1,1,4,Guest_3099,Expected
City Hotel,0,21,31,1,0,4,2,0.0,0,BB,Online TA,TA/TO,0,0,0,0,0,Transient,159.0,0,0,08,2017-08-01,1,4,2.0,0,1,1,1,Guest_3100,Expected
City Hotel,0,44,31,4,0,1,2,0.0,0,BB,Online TA,TA/TO,0,0,0,0,0,Transient,160.0,0,1,08,2017-08-04,0,1,2.0,0,1,1,4,Guest_3101,Expected
City Hotel,0,64,31,4,0,1,2,2.0,0,BB,Online TA,TA/TO,0,0,0,3,0,Transient,210.0,0,1,08,2017-08-04,0,1,4.0,0,1,1,4,Guest_3102,Expected
City Hotel,0,61,31,4,0,1,2,1.0,1,BB,Direct,Direct,0,0,0,1,0,Transient,146.0,0,1,08,2017-08-04,0,1,4.0,0,1,1,4,Guest_3103,Expected
City Hotel,0,92,31,3,0,3,2,0.0,0,SC,Online TA,TA/TO,0,0,0,0,0,Transient,100.0,0,1,08,2017-08-03,0,3,2.0,0,1,1,3,Guest_3104,Expected
City Hotel,0,124,31,3,0,3,2,0.0,0,BB,Offline TA/TO,TA/TO,0,0,0,0,0,Transient,71.1,0,1,08,2017-08-03,0,3,2.0,0,1,1,3,Guest_3105,Expected
City Hotel,0,201,31,1,0,5,2,0.0,0,BB,Offline TA/TO,TA/TO,0,0,0,0,0,Transient,80.1,0,0,08,2017-08-01,0,5,2.0,0,1,1,1,Guest_3106,Expected
City Hotel,0,316,31,5,0,1,2,0.0,0,HB,Online TA,TA/TO,0,0,0,0,0,Transient,141.3,0,2,08,2017-08-05,0,1,2.0,0,1,1,5,Guest_3107,Expected
City Hotel,0,168,31,1,0,5,2,0.0,0,BB,Online TA,TA/TO,0,0,0,0,0,Transient,130.5,0,0,08,2017-08-01,0,5,2.0,0,1,1,1,Guest_3108,Expected
City Hotel,0,0,31,5,0,1,3,0.0,0,BB,Online TA,TA/TO,0,0,0,0,0,Transient,249.0,0,0,08,2017-08-05,0,1,3.0,0,1,1,5,Guest_3109,Expected
City Hotel,0,56,31,5,0,1,2,1.0,0,BB,Online TA,TA/TO,0,0,0,2,0,Transient,210.0,0,2,08,2017-08-05,0,1,3.0,0,1,1,5,Guest_3110,Expected
City Hotel,0,113,31,2,0,4,2,0.0,0,HB,Offline TA/TO,TA/TO,0,0,0,0,0,Transient,130.1,0,0,08,2017-08-02,0,4,2.0,0,1,1,2,Guest_3111,Expected
City Hotel,0,65,31,1,0,5,2,0.0,0,BB,Online TA,TA/TO,0,0,0,0,0,Transient,142.0,0,2,08,2017-08-01,0,5,2.0,0,1,1,1,Guest_3112,Expected
City Hotel,0,2,31,5,0,1,3,0.0,0,BB,Online TA,TA/TO,0,0,0,0,0,Transient,234.0,0,1,08,2017-08-05,0,1,3.0,0,1,1,5,Guest_3113,Expected
City Hotel,0,99,31,2,0,4,3,1.0,0,HB,Direct,Direct,0,0,0,1,0,Transient,260.0,1,2,08,2017-08-02,0,4,4.0,0,1,0,2,Guest_3114,Expected
City Hotel,0,84,31,5,0,1,2,0.0,0,SC,Online TA,TA/TO,0,0,0,0,0,Transient-Party,125.0,0,2,08,2017-08-05,0,1,2.0,0,1,1,5,Guest_3115,Expected
City Hotel,0,84,31,5,0,1,2,0.0,0,SC,Online TA,TA/TO,0,0,0,0,0,Transient-Party,125.0,0,2,08,2017-08-05,0,1,2.0,0,1,1,5,Guest_3116,Expected
City Hotel,0,2,31,5,0,1,3,0.0,0,BB,Online TA,TA/TO,0,0,0,0,0,Transient,234.0,2,1,08,2017-08-05,0,1,3.0,0,1,1,5,Guest_3117,Expected
City Hotel,0,133,31,4,0,2,2,0.0,0,SC,Online TA,TA/TO,0,0,0,0,0,Transient,135.0,0,0,08,2017-08-04,0,2,2.0,0,1,1,4,Guest_3118,Expected
City Hotel,0,86,31,3,0,3,1,2.0,0,BB,Online TA,TA/TO,0,0,0,1,0,Transient,195.0,0,1,08,2017-08-03,0,3,3.0,0,1,1,3,Guest_3119,Expected
City Hotel,0,39,31,4,0,2,2,0.0,0,SC,Online TA,TA/TO,0,0,0,0,0,Transient,140.0,0,0,08,2017-08-04,0,2,2.0,0,1,1,4,Guest_3120,Expected
City Hotel,0,113,31,2,0,4,2,0.0,0,BB,Online TA,TA/TO,0,0,0,0,0,Transient,80.1,0,0,08,2017-08-02,0,4,2.0,0,1,1,2,Guest_3121,Expected
City Hotel,0,8,31,5,0,1,2,0.0,0,SC,Offline TA/TO,TA/TO,0,0,0,0,0,Transient,128.0,0,0,08,2017-08-05,0,1,2.0,0,1,1,5,Guest_3122,Expected
City Hotel,0,10,31,5,0,1,2,0.0,0,SC,Online TA,TA/TO,0,0,0,0,0,Transient,79.0,0,0,08,2017-08-05,0,1,2.0,0,1,1,5,Guest_3123,Expected
City Hotel,0,18,31,5,0,1,3,1.0,0,BB,Online TA,TA/TO,0,0,0,0,0,Transient,241.48,0,2,08,2017-08-05,0,1,4.0,0,1,0,5,Guest_3124,Expected
City Hotel,0,23,31,4,0,2,2,0.0,0,BB,Online TA,TA/TO,0,0,0,0,0,Transient,180.0,0,1,08,2017-08-04,0,2,2.0,0,1,1,4,Guest_3125,Expected
City Hotel,0,13,31,3,0,3,2,0.0,0,BB,Direct,Direct,0,0,0,1,0,Transient,156.33,0,0,08,2017-08-03,0,3,2.0,0,1,1,3,Guest_3126,Expected
City Hotel,0,149,31,3,0,3,2,0.0,0,BB,Offline TA/TO,TA/TO,0,0,0,1,0,Transient,80.1,0,1,08,2017-08-03,0,3,2.0,0,1,1,3,Guest_3127,Expected
City Hotel,0,93,31,4,0,2,2,0.0,0,SC,Online TA,TA/TO,0,0,0,0,0,Transient,134.0,1,1,08,2017-08-04,0,2,2.0,0,1,1,4,Guest_3128,Expected
City Hotel,0,129,31,3,0,3,2,0.0,0,BB,Offline TA/TO,TA/TO,0,0,0,0,0,Transient,80.1,0,1,08,2017-08-03,0,3,2.0,0,1,1,3,Guest_3129,Expected
City Hotel,0,86,31,3,0,3,3,0.0,0,BB,Online TA,TA/TO,0,0,0,0,0,Transient,195.0,0,2,08,2017-08-03,0,3,3.0,0,1,1,3,Guest_3130,Expected
City Hotel,0,0,31,5,0,1,1,0.0,0,SC,Online TA,TA/TO,0,0,0,1,0,Transient,179.0,0,0,08,2017-08-05,0,1,1.0,0,1,1,5,Guest_3131,Expected
City Hotel,0,147,31,1,0,5,3,0.0,0,BB,Online TA,TA/TO,0,0,0,0,0,Transient,175.5,0,0,08,2017-08-01,0,5,3.0,0,1,1,1,Guest_3132,Expected
City Hotel,0,185,31,3,0,3,2,0.0,0,BB,Offline TA/TO,TA/TO,0,0,0,2,0,Transient,80.1,0,1,08,2017-08-03,0,3,2.0,0,1,1,3,Guest_3133,Expected
City Hotel,0,180,31,3,0,3,2,0.0,0,BB,Offline TA/TO,TA/TO,0,0,0,0,0,Transient,80.1,0,1,08,2017-08-03,0,3,2.0,0,1,1,3,Guest_3134,Expected
City Hotel,0,11,31,4,0,2,2,0.0,0,SC,Online TA,TA/TO,0,0,0,0,0,Transient,160.0,0,1,08,2017-08-04,0,2,2.0,0,1,1,4,Guest_3135,Expected
City Hotel,0,170,31,5,0,1,2,0.0,0,BB,Online TA,TA/TO,0,0,0,0,0,Transient,130.5,0,1,08,2017-08-05,0,1,2.0,0,1,1,5,Guest_3136,Expected
City Hotel,0,133,31,4,0,2,2,0.0,0,SC,Online TA,TA/TO,0,0,0,0,0,Transient,135.0,0,0,08,2017-08-04,0,2,2.0,0,1,1,4,Guest_3137,Expected
City Hotel,0,12,31,5,0,1,3,0.0,0,BB,Online TA,TA/TO,0,0,0,0,0,Transient,260.0,0,1,08,2017-08-05,1,1,3.0,0,1,1,5,Guest_3138,Expected
City Hotel,0,139,31,5,1,1,3,0.0,0,BB,Online TA,TA/TO,0,0,0,0,0,Transient,175.5,0,2,08,2017-08-05,0,2,3.0,0,1,1,5,Guest_3139,Expected
City Hotel,0,300,31,4,1,2,3,0.0,0,SC,Online TA,TA/TO,0,0,0,0,0,Transient,98.28,0,2,08,2017-08-04,0,3,3.0,0,1,1,4,Guest_3140,Expected
City Hotel,0,300,31,4,1,2,3,0.0,0,SC,Online TA,TA/TO,0,0,0,1,0,Transient,98.28,0,2,08,2017-08-04,0,3,3.0,0,1,0,4,Guest_3141,Expected
City Hotel,0,300,31,4,1,2,3,0.0,0,SC,Online TA,TA/TO,0,0,0,2,0,Transient,98.28,0,2,08,2017-08-04,0,3,3.0,0,1,0,4,Guest_3142,Expected
City Hotel,0,300,31,4,1,2,3,0.0,0,SC,Online TA,TA/TO,0,0,0,2,0,Transient,98.28,0,2,08,2017-08-04,0,3,3.0,0,1,1,4,Guest_3143,Expected
City Hotel,0,300,31,4,1,2,3,0.0,0,SC,Online TA,TA/TO,0,0,0,0,0,Transient,98.28,0,2,08,2017-08-04,0,3,3.0,0,1,1,4,Guest_3144,Expected
City Hotel,0,300,31,4,1,2,3,0.0,0,SC,Online TA,TA/TO,0,0,0,2,0,Transient,98.28,0,2,08,2017-08-04,0,3,3.0,0,1,1,4,Guest_3145,Expected
City Hotel,0,300,31,4,1,2,3,0.0,0,SC,Online TA,TA/TO,0,0,0,1,0,Transient,98.28,0,2,08,2017-08-04,0,3,3.0,0,1,0,4,Guest_3146,Expected
City Hotel,0,280,31,3,1,3,2,0.0,0,BB,Direct,Direct,0,0,0,0,0,Transient,86.63,0,1,08,2017-08-03,0,4,2.0,0,1,1,3,Guest_3147,Expected
City Hotel,0,131,31,3,1,3,2,0.0,0,SC,Offline TA/TO,TA/TO,0,0,0,0,0,Transient,71.1,0,0,08,2017-08-03,0,4,2.0,0,1,1,3,Guest_3148,Expected
City Hotel,0,7,31,4,1,2,1,0.0,0,SC,Direct,Direct,0,0,0,0,0,Transient,160.0,0,0,08,2017-08-04,0,3,1.0,0,1,0,4,Guest_3149,Expected
City Hotel,0,106,31,3,1,3,3,0.0,0,BB,Online TA,TA/TO,0,0,0,2,0,Transient,226.0,1,0,08,2017-08-03,0,4,3.0,0,1,1,3,Guest_3150,Expected
City Hotel,0,270,31,5,1,1,2,0.0,0,BB,Online TA,TA/TO,0,0,0,1,0,Transient,109.1,0,1,08,2017-08-05,0,2,2.0,0,1,1,5,Guest_3151,Expected
City Hotel,0,144,31,3,1,3,2,1.0,0,HB,Online TA,TA/TO,0,0,0,0,0,Transient,167.76,0,1,08,2017-08-03,0,4,3.0,0,1,1,3,Guest_3152,Expected
City Hotel,0,1,31,3,1,3,2,0.0,0,BB,Online TA,TA/TO,0,0,0,0,0,Transient,182.5,0,0,08,2017-08-03,0,4,2.0,0,1,0,3,Guest_3153,Expected
City Hotel,0,161,31,4,1,2,2,0.0,0,BB,Online TA,TA/TO,0,0,0,0,0,Transient,135.33,0,1,08,2017-08-04,0,3,2.0,0,1,1,4,Guest_3154,Expected
City Hotel,0,68,31,5,1,1,2,2.0,0,BB,Online TA,TA/TO,0,0,0,0,0,Transient,249.0,0,0,08,2017-08-05,0,2,4.0,0,1,1,5,Guest_3155,Expected
City Hotel,0,0,32,6,1,0,2,0.0,0,SC,Online TA,TA/TO,0,0,0,0,0,Transient,160.0,0,2,08,2017-08-06,1,1,2.0,0,1,1,6,Guest_3156,Expected
City Hotel,0,206,31,3,1,3,2,0.0,0,BB,Online TA,TA/TO,0,0,0,0,0,Transient,144.0,0,0,08,2017-08-03,0,4,2.0,0,1,1,3,Guest_3157,Expected
City Hotel,0,206,31,3,1,3,1,0.0,0,BB,Online TA,TA/TO,0,0,0,1,0,Transient,123.3,0,0,08,2017-08-03,0,4,1.0,0,1,1,3,Guest_3158,Expected
City Hotel,0,206,31,3,1,3,2,0.0,0,BB,Online TA,TA/TO,0,0,0,1,0,Transient,166.5,0,1,08,2017-08-03,0,4,2.0,0,1,1,3,Guest_3159,Expected
City Hotel,0,158,31,3,1,3,2,0.0,0,BB,Online TA,TA/TO,0,0,0,0,0,Transient,137.75,0,0,08,2017-08-03,0,4,2.0,0,1,1,3,Guest_3160,Expected
City Hotel,0,158,31,3,1,3,2,0.0,0,BB,Online TA,TA/TO,0,0,0,0,0,Transient,137.75,0,0,08,2017-08-03,0,4,2.0,0,1,1,3,Guest_3161,Expected
City Hotel,0,48,31,4,1,2,2,0.0,0,BB,Online TA,TA/TO,0,0,0,0,0,Transient,169.0,1,1,08,2017-08-04,0,3,2.0,0,1,1,4,Guest_3162,Expected
City Hotel,0,199,31,4,1,2,2,2.0,0,BB,Online TA,TA/TO,0,0,0,0,0,Transient,211.5,0,0,08,2017-08-04,0,3,4.0,0,1,1,4,Guest_3163,Expected
City Hotel,0,25,31,3,1,3,2,0.0,0,SC,Online TA,TA/TO,0,0,0,0,0,Transient,147.0,0,1,08,2017-08-03,0,4,2.0,0,1,1,3,Guest_3164,Expected
City Hotel,0,59,31,4,1,2,2,0.0,0,SC,Offline TA/TO,TA/TO,0,0,0,1,0,Transient,73.94,0,1,08,2017-08-04,0,3,2.0,0,1,0,4,Guest_3165,Expected
City Hotel,0,242,31,5,1,1,2,2.0,0,BB,Online TA,TA/TO,0,0,0,0,0,Transient,202.5,0,0,08,2017-08-05,0,2,4.0,0,1,1,5,Guest_3166,Expected
City Hotel,0,0,32,6,1,0,2,1.0,0,BB,Direct,Direct,0,0,0,0,0,Transient,170.0,0,0,08,2017-08-06,0,1,3.0,0,0,0,6,Guest_3167,Expected
City Hotel,0,139,31,5,1,1,2,0.0,0,BB,Online TA,TA/TO,0,0,0,0,0,Transient,139.5,0,2,08,2017-08-05,0,2,2.0,0,1,1,5,Guest_3168,Expected
City Hotel,0,150,31,1,1,5,2,1.0,0,HB,Offline TA/TO,TA/TO,0,0,0,1,0,Transient,142.6,0,1,08,2017-08-01,0,6,3.0,0,1,1,1,Guest_3169,Expected
City Hotel,0,13,32,6,1,0,2,0.0,0,SC,Online TA,TA/TO,0,0,0,0,0,Transient,160.0,0,1,08,2017-08-06,1,1,2.0,0,1,1,6,Guest_3170,Expected
City Hotel,0,57,32,6,1,0,2,1.0,0,BB,Online TA,TA/TO,0,0,0,1,0,Transient,165.0,0,0,08,2017-08-06,1,1,3.0,0,1,1,6,Guest_3171,Expected
City Hotel,0,146,31,1,1,5,2,0.0,0,BB,Offline TA/TO,TA/TO,0,0,0,0,0,Transient,84.15,0,0,08,2017-08-01,0,6,2.0,0,1,1,1,Guest_3172,Expected
City Hotel,0,20,31,3,1,3,2,0.0,0,SC,Online TA,TA/TO,0,0,0,0,0,Transient,121.6,0,1,08,2017-08-03,0,4,2.0,0,1,1,3,Guest_3173,Expected
City Hotel,0,20,31,3,1,3,1,1.0,0,SC,Online TA,TA/TO,0,0,0,0,0,Transient,121.6,0,1,08,2017-08-03,0,4,2.0,0,1,1,3,Guest_3174,Expected
City Hotel,0,93,31,4,1,2,2,0.0,0,SC,Online TA,TA/TO,0,0,0,0,0,Transient,125.0,0,1,08,2017-08-04,0,3,2.0,0,1,1,4,Guest_3175,Expected
City Hotel,0,65,31,4,1,2,2,0.0,0,SC,Online TA,TA/TO,0,0,0,0,0,Transient,130.0,0,1,08,2017-08-04,0,3,2.0,0,1,1,4,Guest_3176,Expected
City Hotel,0,152,31,4,1,2,2,0.0,0,BB,Direct,Direct,0,0,0,0,0,Transient-Party,112.5,0,1,08,2017-08-04,0,3,2.0,0,1,1,4,Guest_3177,Expected
City Hotel,0,152,31,4,1,2,2,0.0,0,BB,Direct,Direct,0,0,0,0,0,Transient-Party,112.5,0,1,08,2017-08-04,0,3,2.0,0,1,1,4,Guest_3178,Expected
City Hotel,0,104,31,3,1,3,2,0.0,0,SC,Online TA,TA/TO,0,0,0,0,0,Transient,125.0,0,1,08,2017-08-03,0,4,2.0,0,1,1,3,Guest_3179,Expected
City Hotel,0,259,31,4,1,2,2,0.0,0,SC,Online TA,TA/TO,0,0,0,0,0,Transient,89.1,0,1,08,2017-08-04,0,3,2.0,0,1,1,4,Guest_3180,Expected
City Hotel,0,23,31,3,1,3,2,0.0,0,SC,Online TA,TA/TO,0,0,0,1,0,Transient,147.0,0,1,08,2017-08-03,0,4,2.0,0,1,1,3,Guest_3181,Expected
City Hotel,0,259,31,4,1,2,2,0.0,0,SC,Online TA,TA/TO,0,0,0,0,0,Transient,89.1,0,1,08,2017-08-04,0,3,2.0,0,1,1,4,Guest_3182,Expected
City Hotel,0,213,31,4,1,2,2,0.0,0,BB,Online TA,TA/TO,0,0,0,0,0,Transient,180.0,0,3,08,2017-08-04,1,3,2.0,0,1,1,4,Guest_3183,Expected
City Hotel,0,213,31,4,1,2,3,0.0,0,BB,Online TA,TA/TO,0,0,0,0,0,Transient,130.5,0,3,08,2017-08-04,1,3,3.0,0,1,1,4,Guest_3184,Expected
City Hotel,0,151,31,4,1,2,2,0.0,0,SC,Online TA,TA/TO,0,0,0,0,0,Transient-Party,125.0,0,0,08,2017-08-04,0,3,2.0,0,1,1,4,Guest_3185,Expected
City Hotel,0,198,31,2,1,4,2,0.0,0,BB,Offline TA/TO,TA/TO,0,0,0,0,0,Transient,103.5,0,1,08,2017-08-02,0,5,2.0,0,1,1,2,Guest_3186,Expected
City Hotel,0,259,31,4,1,2,2,0.0,0,SC,Online TA,TA/TO,0,0,0,0,0,Transient,89.1,0,1,08,2017-08-04,0,3,2.0,0,1,1,4,Guest_3187,Expected
City Hotel,0,259,31,4,1,2,2,0.0,0,SC,Online TA,TA/TO,0,0,0,0,0,Transient,89.1,0,1,08,2017-08-04,0,3,2.0,0,1,1,4,Guest_3188,Expected
City Hotel,0,94,31,4,1,2,2,0.0,0,SC,Online TA,TA/TO,0,0,0,0,0,Transient,125.0,0,1,08,2017-08-04,0,3,2.0,0,1,1,4,Guest_3189,Expected
City Hotel,0,217,31,4,1,2,3,0.0,0,BB,Online TA,TA/TO,0,0,0,0,0,Transient,130.5,0,0,08,2017-08-04,0,3,3.0,0,1,1,4,Guest_3190,Expected
City Hotel,0,259,31,4,1,2,2,0.0,0,SC,Online TA,TA/TO,0,0,0,0,0,Transient,89.1,0,1,08,2017-08-04,0,3,2.0,0,1,1,4,Guest_3191,Expected
City Hotel,0,259,31,4,1,2,2,0.0,0,SC,Online TA,TA/TO,0,0,0,0,0,Transient,89.1,0,1,08,2017-08-04,0,3,2.0,0,1,1,4,Guest_3192,Expected
City Hotel,0,22,31,4,1,2,1,0.0,0,SC,Direct,Direct,0,0,0,1,0,Transient,140.8,0,1,08,2017-08-04,0,3,1.0,0,0,1,4,Guest_3193,Expected
City Hotel,0,259,31,4,1,2,2,0.0,0,SC,Online TA,TA/TO,0,0,0,0,0,Transient,89.1,0,1,08,2017-08-04,0,3,2.0,0,1,1,4,Guest_3194,Expected
City Hotel,0,217,31,4,1,2,2,0.0,0,BB,Online TA,TA/TO,0,0,0,0,0,Transient,130.5,0,0,08,2017-08-04,0,3,2.0,0,1,1,4,Guest_3195,Expected
City Hotel,0,217,31,4,1,2,2,0.0,0,BB,Online TA,TA/TO,0,0,0,0,0,Transient,180.0,0,0,08,2017-08-04,0,3,2.0,0,1,1,4,Guest_3196,Expected
City Hotel,0,174,31,2,1,4,2,1.0,0,BB,Online TA,TA/TO,0,0,0,0,0,Transient,148.5,0,1,08,2017-08-02,0,5,3.0,0,1,1,2,Guest_3197,Expected
City Hotel,0,151,31,4,1,2,2,0.0,0,SC,Online TA,TA/TO,0,0,0,0,0,Transient-Party,125.0,0,0,08,2017-08-04,0,3,2.0,0,1,1,4,Guest_3198,Expected
City Hotel,0,46,31,4,1,2,2,0.0,0,BB,Online TA,TA/TO,0,0,0,0,0,Transient,160.0,0,1,08,2017-08-04,0,3,2.0,0,1,1,4,Guest_3199,Expected
City Hotel,0,128,32,7,1,0,2,0.0,0,SC,Online TA,TA/TO,0,0,0,0,0,Transient,90.0,0,1,08,2017-08-07,0,1,2.0,0,1,1,0,Guest_3200,Expected
City Hotel,0,105,31,1,2,5,3,0.0,0,BB,Online TA,TA/TO,0,0,0,0,0,Transient,195.0,0,1,08,2017-08-01,0,7,3.0,0,1,1,1,Guest_3201,Expected
City Hotel,0,1,32,7,1,0,2,0.0,0,SC,Direct,Direct,0,0,0,0,0,Transient,160.0,0,0,08,2017-08-07,0,1,2.0,0,1,0,0,Guest_3202,Expected
City Hotel,0,0,32,7,1,0,3,0.0,0,BB,Online TA,TA/TO,0,0,0,0,0,Transient,210.0,0,0,08,2017-08-07,0,1,3.0,0,1,1,0,Guest_3203,Expected
City Hotel,0,92,31,2,2,4,2,0.0,0,SC,Online TA,TA/TO,0,0,0,0,0,Transient-Party,125.0,0,2,08,2017-08-02,0,6,2.0,0,1,1,2,Guest_3204,Expected
City Hotel,0,92,31,2,2,4,2,0.0,0,SC,Online TA,TA/TO,0,0,0,0,0,Transient-Party,125.0,0,2,08,2017-08-02,0,6,2.0,0,1,1,2,Guest_3205,Expected
City Hotel,0,70,31,5,2,1,3,0.0,0,BB,Online TA,TA/TO,0,0,0,0,0,Transient,270.0,0,1,08,2017-08-05,0,3,3.0,0,1,1,5,Guest_3206,Expected
City Hotel,0,146,31,4,2,2,2,0.0,0,BB,Offline TA/TO,TA/TO,0,0,0,0,0,Transient,80.1,0,1,08,2017-08-04,0,4,2.0,0,1,1,4,Guest_3207,Expected
City Hotel,0,57,31,2,2,4,2,0.0,0,BB,Direct,Direct,0,0,0,0,0,Transient,126.0,0,0,08,2017-08-02,0,6,2.0,0,1,1,2,Guest_3208,Expected
City Hotel,0,71,31,3,2,3,2,0.0,0,SC,Online TA,TA/TO,0,0,0,0,0,Transient,130.0,0,1,08,2017-08-03,0,5,2.0,0,1,1,3,Guest_3209,Expected
City Hotel,0,12,32,7,1,0,3,0.0,0,BB,Online TA,TA/TO,0,0,0,0,0,Transient,230.0,0,1,08,2017-08-07,0,1,3.0,0,1,1,0,Guest_3210,Expected
City Hotel,0,0,32,7,1,0,2,0.0,0,BB,Direct,Direct,0,0,0,2,0,Transient,135.0,0,0,08,2017-08-07,0,1,2.0,0,0,0,0,Guest_3211,Expected
City Hotel,0,81,31,3,2,3,2,0.0,0,SC,Online TA,TA/TO,0,0,0,0,0,Transient,125.0,0,1,08,2017-08-03,0,5,2.0,0,1,1,3,Guest_3212,Expected
City Hotel,0,21,32,7,1,0,3,0.0,0,BB,Online TA,TA/TO,0,0,0,0,0,Transient,230.0,0,1,08,2017-08-07,0,1,3.0,0,1,1,0,Guest_3213,Expected
City Hotel,0,167,31,4,2,2,2,0.0,0,BB,Online TA,TA/TO,0,0,0,0,0,Transient,166.5,0,0,08,2017-08-04,0,4,2.0,0,1,1,4,Guest_3214,Expected
City Hotel,0,1,32,7,1,0,2,2.0,0,BB,Online TA,TA/TO,0,0,0,0,0,Transient,279.0,0,2,08,2017-08-07,0,1,4.0,0,1,1,0,Guest_3215,Expected
City Hotel,0,167,31,4,2,2,2,0.0,0,BB,Online TA,TA/TO,0,0,0,0,0,Transient,166.5,0,0,08,2017-08-04,0,4,2.0,0,1,1,4,Guest_3216,Expected
City Hotel,0,206,31,2,2,4,2,2.0,0,HB,Online TA,TA/TO,0,0,0,0,0,Transient,256.5,0,2,08,2017-08-02,0,6,4.0,0,1,1,2,Guest_3217,Expected
City Hotel,0,90,32,7,1,0,2,1.0,0,BB,Direct,Direct,0,0,0,0,0,Transient,132.5,0,1,08,2017-08-07,0,1,3.0,0,0,0,0,Guest_3218,Expected
City Hotel,0,175,32,7,1,0,3,0.0,0,HB,Offline TA/TO,TA/TO,0,0,0,0,0,Transient,155.1,0,3,08,2017-08-07,0,1,3.0,0,1,1,0,Guest_3219,Expected
City Hotel,0,0,32,7,1,0,2,0.0,0,BB,Online TA,TA/TO,0,0,0,0,0,Transient,160.0,0,1,08,2017-08-07,0,1,2.0,0,1,1,0,Guest_3220,Expected
City Hotel,0,4,32,7,1,0,1,0.0,0,BB,Corporate,Corporate,0,0,0,0,0,Transient,67.0,0,2,08,2017-08-07,0,1,1.0,0,0,0,0,Guest_3221,Expected
City Hotel,0,73,31,3,2,3,2,0.0,0,BB,Online TA,TA/TO,0,0,0,0,0,Transient,161.0,0,0,08,2017-08-03,0,5,2.0,0,1,1,3,Guest_3222,Expected
City Hotel,0,24,31,1,2,5,2,0.0,0,BB,Direct,Direct,0,0,0,1,0,Transient,148.29,0,0,08,2017-08-01,0,7,2.0,0,1,1,1,Guest_3223,Expected
City Hotel,0,57,31,2,2,4,2,0.0,0,HB,Direct,Direct,0,0,0,1,0,Transient,162.0,0,0,08,2017-08-02,0,6,2.0,0,1,1,2,Guest_3224,Expected
City Hotel,0,80,31,3,2,3,2,0.0,0,BB,Online TA,TA/TO,0,0,0,0,0,Transient,145.0,0,1,08,2017-08-03,0,5,2.0,0,1,1,3,Guest_3225,Expected
City Hotel,0,127,31,1,2,5,2,0.0,0,SC,Offline TA/TO,TA/TO,0,0,0,0,0,Transient,71.1,0,0,08,2017-08-01,0,7,2.0,0,1,1,1,Guest_3226,Expected
City Hotel,0,127,31,1,2,5,2,0.0,1,SC,Offline TA/TO,TA/TO,0,0,0,0,0,Transient,71.1,0,1,08,2017-08-01,0,7,3.0,0,1,1,1,Guest_3227,Expected
City Hotel,0,63,31,1,2,5,2,0.0,0,SC,Online TA,TA/TO,0,0,0,0,0,Transient,130.0,0,2,08,2017-08-01,0,7,2.0,0,1,1,1,Guest_3228,Expected
City Hotel,0,47,31,3,2,3,2,0.0,0,BB,Direct,Direct,0,0,0,0,0,Transient,126.0,0,0,08,2017-08-03,0,5,2.0,0,1,1,3,Guest_3229,Expected
City Hotel,0,122,31,5,2,1,2,0.0,0,BB,Offline TA/TO,TA/TO,0,0,0,0,0,Transient,80.1,0,0,08,2017-08-05,0,3,2.0,0,1,1,5,Guest_3230,Expected
City Hotel,0,0,32,7,1,0,2,0.0,0,BB,Direct,Direct,0,0,0,0,0,Transient,160.0,0,0,08,2017-08-07,0,1,2.0,0,0,1,0,Guest_3231,Expected
City Hotel,0,100,31,1,2,5,2,0.0,0,SC,Online TA,TA/TO,0,0,0,0,0,Transient-Party,125.0,0,0,08,2017-08-01,0,7,2.0,0,1,1,1,Guest_3232,Expected
City Hotel,0,146,31,4,2,2,2,0.0,0,BB,Offline TA/TO,TA/TO,0,0,0,0,0,Transient,80.1,0,1,08,2017-08-04,0,4,2.0,0,1,1,4,Guest_3233,Expected
City Hotel,0,120,31,3,2,3,2,0.0,0,BB,Offline TA/TO,TA/TO,0,0,0,0,0,Transient,80.1,0,0,08,2017-08-03,0,5,2.0,0,1,1,3,Guest_3234,Expected
City Hotel,0,100,31,1,2,5,2,0.0,0,SC,Online TA,TA/TO,0,0,0,0,0,Transient-Party,125.0,0,0,08,2017-08-01,0,7,2.0,0,1,1,1,Guest_3235,Expected
City Hotel,0,185,31,1,2,5,3,1.0,0,BB,Online TA,TA/TO,0,0,0,0,0,Transient,207.33,0,1,08,2017-08-01,0,7,4.0,0,1,1,1,Guest_3236,Expected
City Hotel,0,125,31,1,2,5,2,0.0,0,BB,Offline TA/TO,TA/TO,0,0,0,0,0,Transient,80.1,0,1,08,2017-08-01,0,7,2.0,0,1,1,1,Guest_3237,Expected
City Hotel,0,0,32,7,1,0,2,0.0,0,BB,Direct,Direct,0,0,0,0,0,Transient,160.0,0,0,08,2017-08-07,0,1,2.0,0,0,1,0,Guest_3238,Expected
City Hotel,0,62,31,4,2,2,2,0.0,0,SC,Online TA,TA/TO,0,0,0,0,0,Transient,140.0,0,2,08,2017-08-04,0,4,2.0,0,1,1,4,Guest_3239,Expected
City Hotel,0,0,32,7,1,0,2,0.0,0,SC,Online TA,TA/TO,0,0,0,0,0,Transient,87.82,0,0,08,2017-08-07,1,1,2.0,0,1,1,0,Guest_3240,Expected
City Hotel,0,2,31,5,2,1,3,0.0,0,BB,Online TA,TA/TO,0,0,0,2,0,Transient,197.6,1,1,08,2017-08-05,0,3,3.0,0,1,1,5,Guest_3241,Expected
City Hotel,0,95,31,1,2,5,2,0.0,0,SC,Offline TA/TO,TA/TO,0,0,0,0,0,Transient,79.0,0,0,08,2017-08-01,0,7,2.0,0,1,1,1,Guest_3242,Expected
City Hotel,0,0,32,8,0,0,2,0.0,0,BB,Offline TA/TO,TA/TO,1,0,0,0,0,Transient,0.0,0,0,08,2017-08-08,0,0,2.0,1,1,0,1,Guest_3243,Expected
City Hotel,0,176,32,7,1,1,2,0.0,0,SC,Online TA,TA/TO,0,0,0,0,0,Transient,112.5,0,0,08,2017-08-07,0,2,2.0,0,1,1,0,Guest_3244,Expected
City Hotel,0,139,31,4,2,3,2,0.0,0,BB,Online TA,TA/TO,0,0,0,0,0,Transient,139.5,0,1,08,2017-08-04,0,5,2.0,0,1,1,4,Guest_3245,Expected
City Hotel,0,69,31,5,2,2,2,0.0,0,BB,Online TA,TA/TO,0,0,0,1,0,Transient,114.8,0,0,08,2017-08-05,0,4,2.0,0,1,1,5,Guest_3246,Expected
City Hotel,0,81,32,7,1,1,2,0.0,0,HB,Online TA,TA/TO,0,0,0,0,0,Transient,197.0,0,1,08,2017-08-07,0,2,2.0,0,1,1,0,Guest_3247,Expected
City Hotel,0,5,32,7,1,1,2,0.0,0,BB,Online TA,TA/TO,0,0,0,0,0,Transient,190.0,0,2,08,2017-08-07,1,2,2.0,0,1,1,0,Guest_3248,Expected
City Hotel,0,138,31,5,2,2,2,1.0,0,BB,Direct,Direct,0,0,0,0,0,Transient,155.0,0,1,08,2017-08-05,0,4,3.0,0,1,1,5,Guest_3249,Expected
City Hotel,0,129,31,5,2,2,2,1.0,1,BB,Direct,Direct,0,0,0,1,0,Transient,155.0,0,3,08,2017-08-05,0,4,4.0,0,1,1,5,Guest_3250,Expected
City Hotel,0,70,32,6,2,1,1,0.0,0,SC,Online TA,TA/TO,0,0,0,0,0,Transient,130.0,0,0,08,2017-08-06,1,3,1.0,0,1,1,6,Guest_3251,Expected
City Hotel,0,138,32,7,1,1,2,1.0,0,BB,Online TA,TA/TO,0,0,0,0,0,Transient,157.5,1,3,08,2017-08-07,0,2,3.0,0,1,1,0,Guest_3252,Expected
City Hotel,0,139,32,6,2,1,1,0.0,0,SC,Online TA,TA/TO,0,0,0,1,0,Transient,125.0,0,1,08,2017-08-06,0,3,1.0,0,1,1,6,Guest_3253,Expected
City Hotel,0,71,32,6,2,1,2,0.0,0,BB,Online TA,TA/TO,0,0,0,0,0,Transient-Party,150.0,0,3,08,2017-08-06,0,3,2.0,0,1,1,6,Guest_3254,Expected
City Hotel,0,20,32,7,1,1,1,0.0,0,BB,Direct,Direct,0,0,0,1,0,Transient,140.8,0,0,08,2017-08-07,0,2,1.0,0,1,1,0,Guest_3255,Expected
City Hotel,0,148,32,6,2,1,2,0.0,0,BB,Direct,Direct,0,0,0,0,0,Transient,121.5,0,0,08,2017-08-06,1,3,2.0,0,1,1,6,Guest_3256,Expected
City Hotel,0,209,32,7,1,1,2,0.0,0,BB,Online TA,TA/TO,0,0,0,0,0,Transient,110.88,0,1,08,2017-08-07,0,2,2.0,0,1,1,0,Guest_3257,Expected
City Hotel,0,174,31,5,2,2,2,0.0,0,BB,Online TA,TA/TO,0,0,0,0,0,Transient,130.5,0,1,08,2017-08-05,0,4,2.0,0,1,1,5,Guest_3258,Expected
City Hotel,0,250,31,4,2,3,2,0.0,0,BB,Online TA,TA/TO,0,0,0,0,0,Transient,107.1,0,1,08,2017-08-04,0,5,2.0,0,1,1,4,Guest_3259,Expected
City Hotel,0,63,32,7,1,1,2,0.0,0,SC,Online TA,TA/TO,0,0,0,0,0,Transient,140.0,0,2,08,2017-08-07,0,2,2.0,0,1,0,0,Guest_3260,Expected
City Hotel,0,162,32,6,2,1,2,0.0,0,BB,Offline TA/TO,TA/TO,0,0,0,0,0,Transient,80.1,0,1,08,2017-08-06,0,3,2.0,0,1,1,6,Guest_3261,Expected
City Hotel,0,123,31,2,2,5,2,2.0,0,BB,Online TA,TA/TO,0,0,0,0,0,Transient,235.0,0,0,08,2017-08-02,0,7,4.0,0,1,1,2,Guest_3262,Expected
City Hotel,0,162,32,6,2,1,2,0.0,0,BB,Offline TA/TO,TA/TO,0,0,0,0,0,Transient,80.1,0,1,08,2017-08-06,0,3,2.0,0,1,1,6,Guest_3263,Expected
City Hotel,0,202,32,6,2,1,2,0.0,0,BB,Online TA,TA/TO,0,0,0,0,0,Transient,139.5,1,0,08,2017-08-06,0,3,2.0,0,1,1,6,Guest_3264,Expected
City Hotel,0,94,32,7,1,1,2,0.0,0,SC,Online TA,TA/TO,0,0,0,0,0,Transient,125.0,0,1,08,2017-08-07,0,2,2.0,0,1,0,0,Guest_3265,Expected
City Hotel,0,169,32,7,1,1,2,0.0,0,SC,Online TA,TA/TO,0,0,0,0,0,Transient,112.5,0,0,08,2017-08-07,0,2,2.0,0,1,1,0,Guest_3266,Expected
City Hotel,0,83,32,8,0,1,3,0.0,0,BB,Online TA,TA/TO,0,0,0,0,0,Transient,230.0,0,3,08,2017-08-08,0,1,3.0,0,1,1,1,Guest_3267,Expected
City Hotel,0,142,31,5,2,2,2,0.0,0,BB,Offline TA/TO,TA/TO,0,0,0,0,0,Transient,80.1,0,1,08,2017-08-05,0,4,2.0,0,1,1,5,Guest_3268,Expected
City Hotel,0,174,31,5,2,2,2,0.0,0,BB,Online TA,TA/TO,0,0,0,0,0,Transient,130.5,0,1,08,2017-08-05,0,4,2.0,0,1,1,5,Guest_3269,Expected
City Hotel,0,43,32,7,1,1,2,0.0,0,BB,Online TA,TA/TO,0,0,0,0,0,Transient,160.0,0,1,08,2017-08-07,0,2,2.0,0,1,1,0,Guest_3270,Expected
City Hotel,0,164,32,6,2,1,2,1.0,0,BB,Online TA,TA/TO,0,0,0,1,0,Transient,148.5,0,1,08,2017-08-06,1,3,3.0,0,1,1,6,Guest_3271,Expected
City Hotel,0,259,31,5,2,2,3,0.0,0,BB,Online TA,TA/TO,0,0,0,0,0,Transient,156.6,0,3,08,2017-08-05,0,4,3.0,0,1,1,5,Guest_3272,Expected
City Hotel,0,201,32,6,2,1,2,1.0,0,BB,Online TA,TA/TO,0,0,0,1,0,Transient,148.5,0,3,08,2017-08-06,0,3,3.0,0,1,1,6,Guest_3273,Expected
City Hotel,0,190,31,5,2,2,2,1.0,0,BB,Direct,Direct,0,0,0,0,0,Transient,170.0,0,4,08,2017-08-05,0,4,3.0,0,1,1,5,Guest_3274,Expected
City Hotel,0,263,32,8,0,1,2,2.0,0,BB,Online TA,TA/TO,0,0,0,0,0,Transient,179.1,0,1,08,2017-08-08,0,1,4.0,0,1,0,1,Guest_3275,Expected
City Hotel,0,209,32,6,2,1,2,0.0,0,BB,Online TA,TA/TO,0,0,0,0,0,Transient-Party,130.5,0,1,08,2017-08-06,0,3,2.0,0,1,1,6,Guest_3276,Expected
City Hotel,0,209,32,6,2,1,2,0.0,0,BB,Online TA,TA/TO,0,0,0,0,0,Transient-Party,130.5,0,1,08,2017-08-06,0,3,2.0,0,1,1,6,Guest_3277,Expected
City Hotel,0,0,32,8,0,1,2,0.0,0,SC,Online TA,TA/TO,0,0,0,0,0,Transient,169.0,0,1,08,2017-08-08,0,1,2.0,0,1,1,1,Guest_3278,Expected
City Hotel,0,263,32,8,0,1,2,0.0,0,BB,Online TA,TA/TO,0,0,0,0,0,Transient,107.1,0,2,08,2017-08-08,0,1,2.0,0,1,1,1,Guest_3279,Expected
City Hotel,0,159,32,7,1,1,3,0.0,0,BB,Online TA,TA/TO,0,0,0,0,0,Transient,184.5,0,0,08,2017-08-07,0,2,3.0,0,1,1,0,Guest_3280,Expected
City Hotel,0,263,32,8,0,1,2,0.0,0,BB,Online TA,TA/TO,0,0,0,0,0,Transient,107.1,0,2,08,2017-08-08,0,1,2.0,0,1,1,1,Guest_3281,Expected
City Hotel,0,53,32,6,2,1,2,0.0,0,BB,Direct,Direct,0,0,0,0,0,Transient,132.0,0,1,08,2017-08-06,0,3,2.0,0,1,1,6,Guest_3282,Expected
City Hotel,0,158,31,5,2,2,2,1.0,0,BB,Online TA,TA/TO,0,0,0,0,0,Transient,148.5,0,2,08,2017-08-05,0,4,3.0,0,1,1,5,Guest_3283,Expected
City Hotel,0,193,31,5,2,2,2,0.0,0,BB,Online TA,TA/TO,0,0,0,0,0,Transient,148.5,0,2,08,2017-08-05,0,4,2.0,0,1,1,5,Guest_3284,Expected
City Hotel,0,291,31,2,2,5,2,0.0,0,BB,Online TA,TA/TO,0,0,0,0,0,Transient-Party,101.08,0,1,08,2017-08-02,0,7,2.0,0,1,1,2,Guest_3285,Expected
City Hotel,0,291,31,2,2,5,2,0.0,0,BB,Online TA,TA/TO,0,0,0,1,0,Transient-Party,101.08,0,1,08,2017-08-02,0,7,2.0,0,1,1,2,Guest_3286,Expected
City Hotel,0,291,31,2,2,5,2,0.0,0,BB,Online TA,TA/TO,0,0,0,1,0,Transient,107.1,0,1,08,2017-08-02,0,7,2.0,0,1,1,2,Guest_3287,Expected
City Hotel,0,271,31,2,2,5,2,0.0,0,BB,Online TA,TA/TO,0,0,0,0,0,Transient,107.1,0,1,08,2017-08-02,0,7,2.0,0,1,1,2,Guest_3288,Expected
City Hotel,0,77,31,2,2,5,2,0.0,0,BB,Offline TA/TO,TA/TO,0,0,0,0,0,Transient,89.1,0,0,08,2017-08-02,0,7,2.0,0,1,1,2,Guest_3289,Expected
City Hotel,0,2,31,5,2,2,2,0.0,0,SC,Online TA,TA/TO,0,0,0,0,0,Transient,128.0,0,1,08,2017-08-05,0,4,2.0,0,1,1,5,Guest_3290,Expected
City Hotel,0,142,31,5,2,2,2,0.0,0,BB,Online TA,TA/TO,0,0,0,0,0,Transient,137.75,0,1,08,2017-08-05,0,4,2.0,0,1,1,5,Guest_3291,Expected
City Hotel,0,13,32,6,2,1,2,0.0,0,BB,Online TA,TA/TO,0,0,0,0,0,Transient,180.0,0,0,08,2017-08-06,0,3,2.0,0,1,1,6,Guest_3292,Expected
City Hotel,0,13,32,6,2,1,2,0.0,0,BB,Online TA,TA/TO,0,0,0,0,0,Transient,186.0,0,0,08,2017-08-06,0,3,2.0,0,1,1,6,Guest_3293,Expected
City Hotel,0,135,31,3,2,4,2,0.0,0,BB,Offline TA/TO,TA/TO,0,0,0,0,0,Transient,80.1,0,1,08,2017-08-03,0,6,2.0,0,1,1,3,Guest_3294,Expected
City Hotel,0,119,32,6,2,1,2,0.0,0,BB,Online TA,TA/TO,0,0,0,0,0,Transient,124.0,0,1,08,2017-08-06,0,3,2.0,0,1,1,6,Guest_3295,Expected
City Hotel,0,135,31,3,2,4,2,0.0,0,BB,Offline TA/TO,TA/TO,0,0,0,0,0,Transient,80.1,0,1,08,2017-08-03,0,6,2.0,0,1,1,3,Guest_3296,Expected
City Hotel,0,64,32,6,2,1,2,0.0,0,SC,Online TA,TA/TO,0,0,0,0,0,Transient,149.0,0,1,08,2017-08-06,0,3,2.0,0,1,1,6,Guest_3297,Expected
City Hotel,0,169,31,2,2,5,2,1.0,1,BB,Online TA,TA/TO,0,0,0,1,0,Transient,154.93,0,1,08,2017-08-02,0,7,4.0,0,1,1,2,Guest_3298,Expected
City Hotel,0,162,32,7,1,1,2,0.0,0,BB,Direct,Direct,0,0,0,0,0,Transient,121.5,1,1,08,2017-08-07,0,2,2.0,0,1,1,0,Guest_3299,Expected
City Hotel,0,176,31,2,2,5,2,0.0,0,BB,Offline TA/TO,TA/TO,0,0,0,0,0,Transient,80.1,0,0,08,2017-08-02,0,7,2.0,0,1,1,2,Guest_3300,Expected
City Hotel,0,179,31,2,2,5,2,0.0,0,BB,Offline TA/TO,TA/TO,0,0,0,0,0,Transient,80.1,0,1,08,2017-08-02,0,7,2.0,0,1,1,2,Guest_3301,Expected
City Hotel,0,45,32,7,1,1,2,0.0,0,SC,Online TA,TA/TO,0,0,0,0,0,Transient,140.0,0,1,08,2017-08-07,0,2,2.0,0,1,1,0,Guest_3302,Expected
City Hotel,0,261,32,8,0,1,2,2.0,0,BB,Online TA,TA/TO,0,0,0,0,0,Transient,164.6,0,3,08,2017-08-08,0,1,4.0,0,1,1,1,Guest_3303,Expected
City Hotel,0,0,32,8,0,1,2,2.0,0,BB,Direct,Direct,0,0,0,0,0,Transient,269.0,0,0,08,2017-08-08,0,1,4.0,0,0,0,1,Guest_3304,Expected
City Hotel,0,6,32,7,1,1,3,0.0,0,BB,Online TA,TA/TO,0,0,0,0,0,Transient,183.99,0,1,08,2017-08-07,0,2,3.0,0,1,1,0,Guest_3305,Expected
City Hotel,0,0,32,8,0,1,2,0.0,0,SC,Online TA,TA/TO,0,0,0,0,0,Transient,169.0,0,2,08,2017-08-08,0,1,2.0,0,1,1,1,Guest_3306,Expected
City Hotel,0,165,32,6,2,1,2,0.0,0,BB,Online TA,TA/TO,0,0,0,0,0,Transient,130.5,0,1,08,2017-08-06,0,3,2.0,0,1,1,6,Guest_3307,Expected
City Hotel,0,40,32,6,2,1,2,0.0,0,SC,Online TA,TA/TO,0,0,0,0,0,Transient,140.0,0,2,08,2017-08-06,0,3,2.0,0,1,1,6,Guest_3308,Expected
City Hotel,0,21,32,7,1,1,2,0.0,0,BB,Online TA,TA/TO,0,0,0,0,0,Transient,180.0,0,2,08,2017-08-07,0,2,2.0,0,1,1,0,Guest_3309,Expected
City Hotel,0,71,32,6,2,1,2,0.0,0,BB,Online TA,TA/TO,0,0,0,0,0,Transient-Party,150.0,0,3,08,2017-08-06,0,3,2.0,0,1,1,6,Guest_3310,Expected
City Hotel,0,286,32,8,0,1,2,0.0,0,SC,Online TA,TA/TO,0,0,0,0,0,Transient,89.1,0,2,08,2017-08-08,1,1,2.0,0,1,1,1,Guest_3311,Expected
City Hotel,0,82,31,3,2,4,2,0.0,0,BB,Direct,Direct,0,0,0,0,0,Transient,112.5,0,3,08,2017-08-03,0,6,2.0,0,1,1,3,Guest_3312,Expected
City Hotel,0,120,31,4,2,4,2,0.0,0,BB,Direct,Direct,0,0,0,0,0,Transient,135.0,0,0,08,2017-08-04,0,6,2.0,0,1,1,4,Guest_3313,Expected
City Hotel,0,130,32,7,1,2,2,0.0,0,BB,Offline TA/TO,TA/TO,0,0,0,0,0,Transient,89.1,0,2,08,2017-08-07,0,3,2.0,0,1,1,0,Guest_3314,Expected
City Hotel,0,3,31,5,2,3,1,0.0,0,SC,Direct,Direct,0,0,0,1,0,Transient,188.0,1,1,08,2017-08-05,1,5,1.0,0,1,1,5,Guest_3315,Expected
City Hotel,0,76,32,6,2,2,2,0.0,0,SC,Online TA,TA/TO,0,0,0,0,0,Transient,98.8,0,1,08,2017-08-06,0,4,2.0,0,1,1,6,Guest_3316,Expected
City Hotel,0,45,31,2,2,6,2,0.0,0,SC,Online TA,TA/TO,0,0,0,0,0,Transient,140.0,0,1,08,2017-08-02,0,8,2.0,0,1,1,2,Guest_3317,Expected
City Hotel,0,2,32,9,0,1,2,0.0,0,BB,Online TA,TA/TO,0,0,0,0,0,Transient,180.0,0,1,08,2017-08-09,0,1,2.0,0,1,0,2,Guest_3318,Expected
City Hotel,0,0,32,9,0,1,2,0.0,0,SC,Online TA,TA/TO,0,0,0,0,0,Transient,118.08,0,0,08,2017-08-09,1,1,2.0,0,1,1,2,Guest_3319,Expected
City Hotel,0,77,32,7,1,2,2,0.0,0,BB,Online TA,TA/TO,0,0,0,0,0,Transient,150.0,0,1,08,2017-08-07,0,3,2.0,0,1,1,0,Guest_3320,Expected
City Hotel,0,13,32,8,0,2,1,0.0,0,BB,Corporate,Corporate,0,0,0,1,0,Transient,65.0,0,2,08,2017-08-08,0,2,1.0,0,0,0,1,Guest_3321,Expected
City Hotel,0,5,32,8,0,2,1,0.0,0,BB,Online TA,TA/TO,0,0,0,0,0,Transient,136.0,0,1,08,2017-08-08,0,2,1.0,0,1,1,1,Guest_3322,Expected
City Hotel,0,23,32,7,1,2,2,2.0,0,BB,Online TA,TA/TO,0,0,0,0,0,Transient,270.0,0,1,08,2017-08-07,0,3,4.0,0,1,1,0,Guest_3323,Expected
City Hotel,0,8,32,9,0,1,1,0.0,0,BB,Corporate,Corporate,0,0,0,0,0,Transient,80.0,0,0,08,2017-08-09,1,1,1.0,0,0,1,2,Guest_3324,Expected
City Hotel,0,8,32,9,0,1,1,0.0,0,BB,Corporate,Corporate,0,0,0,0,0,Transient,80.0,0,0,08,2017-08-09,0,1,1.0,0,0,1,2,Guest_3325,Expected
City Hotel,0,181,32,6,2,2,2,0.0,0,BB,Online TA,TA/TO,0,0,0,2,0,Transient,117.0,0,0,08,2017-08-06,0,4,2.0,0,1,1,6,Guest_3326,Expected
City Hotel,0,211,31,4,2,4,2,2.0,0,HB,Online TA,TA/TO,0,0,0,0,0,Transient,256.5,0,0,08,2017-08-04,0,6,4.0,0,1,0,4,Guest_3327,Expected
City Hotel,0,148,32,7,1,2,2,0.0,0,SC,Online TA,TA/TO,0,0,0,0,0,Transient,125.0,0,0,08,2017-08-07,0,3,2.0,0,1,1,0,Guest_3328,Expected
City Hotel,0,148,32,7,1,2,2,1.0,0,BB,Online TA,TA/TO,0,0,0,0,0,Transient,148.5,0,1,08,2017-08-07,0,3,3.0,0,1,1,0,Guest_3329,Expected
City Hotel,0,0,32,9,0,1,1,0.0,0,BB,Direct,Direct,0,0,0,0,0,Transient,140.0,0,0,08,2017-08-09,1,1,1.0,0,0,0,2,Guest_3330,Expected
City Hotel,0,64,31,4,2,4,2,2.0,0,BB,Online TA,TA/TO,0,0,0,0,0,Transient,305.0,0,1,08,2017-08-04,0,6,4.0,0,1,1,4,Guest_3331,Expected
City Hotel,0,3,32,9,0,1,2,0.0,0,BB,Online TA,TA/TO,0,0,0,0,0,Transient,189.0,1,1,08,2017-08-09,0,1,2.0,0,1,0,2,Guest_3332,Expected
City Hotel,0,149,31,3,2,5,2,0.0,0,BB,Offline TA/TO,TA/TO,0,0,0,0,0,Transient,80.1,0,1,08,2017-08-03,0,7,2.0,0,1,1,3,Guest_3333,Expected
City Hotel,0,125,32,6,2,2,2,0.0,0,BB,Online TA,TA/TO,0,0,0,0,0,Transient,111.6,0,0,08,2017-08-06,0,4,2.0,0,1,1,6,Guest_3334,Expected
City Hotel,0,125,32,6,2,2,1,1.0,0,BB,Online TA,TA/TO,0,0,0,0,0,Transient,111.6,0,1,08,2017-08-06,0,4,2.0,0,1,1,6,Guest_3335,Expected
City Hotel,0,103,32,6,2,2,2,0.0,0,SC,Online TA,TA/TO,0,0,0,0,0,Transient,99.5,0,1,08,2017-08-06,0,4,2.0,0,1,1,6,Guest_3336,Expected
City Hotel,0,127,32,8,0,2,2,2.0,0,BB,Online TA,TA/TO,0,0,0,0,0,Transient,217.3,0,0,08,2017-08-08,0,2,4.0,0,1,1,1,Guest_3337,Expected
City Hotel,0,153,32,9,0,1,2,0.0,0,BB,Online TA,TA/TO,0,0,0,0,0,Transient,130.5,0,0,08,2017-08-09,0,1,2.0,0,1,1,2,Guest_3338,Expected
City Hotel,0,22,32,9,0,1,2,0.0,0,SC,Online TA,TA/TO,0,0,0,0,0,Transient,160.0,0,0,08,2017-08-09,0,1,2.0,0,1,0,2,Guest_3339,Expected
City Hotel,0,184,32,8,0,2,2,0.0,0,BB,Online TA,TA/TO,0,0,0,1,0,Transient,141.5,0,0,08,2017-08-08,0,2,2.0,0,1,1,1,Guest_3340,Expected
City Hotel,0,108,32,6,2,2,2,0.0,0,HB,Online TA,TA/TO,0,0,0,0,0,Transient,183.0,0,1,08,2017-08-06,0,4,2.0,0,1,1,6,Guest_3341,Expected
City Hotel,0,108,32,6,2,2,2,0.0,0,HB,Online TA,TA/TO,0,0,0,0,0,Transient,183.0,0,1,08,2017-08-06,0,4,2.0,0,1,1,6,Guest_3342,Expected
City Hotel,0,73,31,2,2,6,2,0.0,0,BB,Direct,Direct,0,0,0,0,0,Transient,145.0,0,0,08,2017-08-02,0,8,2.0,0,1,1,2,Guest_3343,Expected
City Hotel,0,190,32,6,2,2,2,0.0,0,BB,Direct,Direct,0,0,0,2,0,Transient,112.5,0,3,08,2017-08-06,1,4,2.0,0,1,1,6,Guest_3344,Expected
City Hotel,0,13,32,9,0,1,2,2.0,0,BB,Online TA,TA/TO,0,0,0,0,0,Transient,270.0,0,3,08,2017-08-09,0,1,4.0,0,1,0,2,Guest_3345,Expected
City Hotel,0,111,32,7,1,2,2,0.0,0,BB,Online TA,TA/TO,0,0,0,0,0,Transient,155.0,0,3,08,2017-08-07,0,3,2.0,0,1,1,0,Guest_3346,Expected
City Hotel,0,111,32,7,1,2,2,0.0,0,BB,Online TA,TA/TO,0,0,0,0,0,Transient,164.0,0,3,08,2017-08-07,0,3,2.0,0,1,0,0,Guest_3347,Expected
City Hotel,0,107,32,7,1,2,2,0.0,0,BB,Online TA,TA/TO,0,0,0,0,0,Transient,155.0,0,2,08,2017-08-07,0,3,2.0,0,1,1,0,Guest_3348,Expected
City Hotel,0,22,32,6,2,2,3,0.0,0,HB,Online TA,TA/TO,0,0,0,0,0,Transient,293.75,0,2,08,2017-08-06,0,4,3.0,0,1,1,6,Guest_3349,Expected
City Hotel,0,6,32,7,1,2,2,0.0,0,SC,Online TA,TA/TO,0,0,0,0,0,Transient,160.0,0,2,08,2017-08-07,0,3,2.0,0,1,0,0,Guest_3350,Expected
City Hotel,0,3,32,7,1,2,2,0.0,0,SC,Online TA,TA/TO,0,0,0,0,0,Transient,169.0,0,0,08,2017-08-07,0,3,2.0,0,1,0,0,Guest_3351,Expected
City Hotel,0,142,32,8,0,2,3,0.0,0,BB,Online TA,TA/TO,0,0,0,0,0,Transient,211.5,0,3,08,2017-08-08,0,2,3.0,0,1,0,1,Guest_3352,Expected
City Hotel,0,87,31,3,2,5,2,0.0,0,SC,Online TA,TA/TO,0,0,0,0,0,Transient,133.29,0,1,08,2017-08-03,0,7,2.0,0,1,1,3,Guest_3353,Expected
City Hotel,0,143,31,1,2,7,2,1.0,0,BB,Online TA,TA/TO,0,0,0,0,0,Transient,148.5,0,0,08,2017-08-01,0,9,3.0,0,1,1,1,Guest_3354,Expected
City Hotel,0,251,31,5,2,3,3,0.0,0,BB,Online TA,TA/TO,0,0,0,0,0,Transient,156.6,0,2,08,2017-08-05,0,5,3.0,0,1,1,5,Guest_3355,Expected
City Hotel,0,174,32,7,1,2,2,0.0,0,BB,Online TA,TA/TO,0,0,0,0,0,Transient,139.5,0,1,08,2017-08-07,0,3,2.0,0,1,1,0,Guest_3356,Expected
City Hotel,0,72,31,3,2,5,2,0.0,0,BB,Online TA,TA/TO,0,0,0,0,0,Transient,120.0,0,1,08,2017-08-03,0,7,2.0,0,1,1,3,Guest_3357,Expected
City Hotel,0,107,31,3,2,5,3,0.0,0,BB,Direct,Direct,0,0,0,0,0,Transient,220.0,0,1,08,2017-08-03,0,7,3.0,0,1,1,3,Guest_3358,Expected
City Hotel,0,66,32,7,1,2,2,0.0,0,BB,Online TA,TA/TO,0,0,0,0,0,Transient,98.1,0,0,08,2017-08-07,0,3,2.0,0,1,1,0,Guest_3359,Expected
City Hotel,0,192,32,9,0,1,2,1.0,0,BB,Online TA,TA/TO,0,0,0,1,0,Transient,148.5,0,2,08,2017-08-09,0,1,3.0,0,1,1,2,Guest_3360,Expected
City Hotel,0,143,31,5,2,3,2,0.0,0,BB,Direct,Direct,0,0,0,2,0,Transient,125.62,0,2,08,2017-08-05,0,5,2.0,0,1,1,5,Guest_3361,Expected
City Hotel,0,174,32,7,1,2,2,0.0,0,BB,Online TA,TA/TO,0,0,0,0,0,Transient,139.5,0,1,08,2017-08-07,0,3,2.0,0,1,1,0,Guest_3362,Expected
City Hotel,0,174,32,7,1,2,3,0.0,0,BB,Online TA,TA/TO,0,0,0,0,0,Transient,175.5,0,2,08,2017-08-07,0,3,3.0,0,1,1,0,Guest_3363,Expected
City Hotel,0,7,32,9,0,1,2,0.0,0,SC,Online TA,TA/TO,0,0,0,0,0,Transient,160.0,0,1,08,2017-08-09,0,1,2.0,0,1,0,2,Guest_3364,Expected
City Hotel,0,1,31,3,2,5,2,0.0,0,BB,Direct,Direct,0,0,0,0,0,Transient,168.43,0,0,08,2017-08-03,0,7,2.0,0,1,1,3,Guest_3365,Expected
City Hotel,0,107,31,5,2,3,2,0.0,0,BB,Online TA,TA/TO,0,0,0,0,0,Transient,151.7,0,0,08,2017-08-05,0,5,2.0,0,1,1,5,Guest_3366,Expected
City Hotel,0,0,32,6,2,2,2,0.0,0,BB,Direct,Direct,0,0,0,4,0,Transient,160.0,0,0,08,2017-08-06,0,4,2.0,0,0,0,6,Guest_3367,Expected
City Hotel,0,169,32,8,0,3,2,0.0,0,BB,Online TA,TA/TO,0,0,0,2,0,Transient-Party,130.5,0,0,08,2017-08-08,0,3,2.0,0,1,1,1,Guest_3368,Expected
City Hotel,0,169,32,8,0,3,3,0.0,0,BB,Online TA,TA/TO,0,0,0,2,0,Transient-Party,175.5,0,1,08,2017-08-08,0,3,3.0,0,1,1,1,Guest_3369,Expected
City Hotel,0,137,31,5,2,4,2,0.0,0,SC,Offline TA/TO,TA/TO,0,0,0,0,0,Transient,71.1,0,0,08,2017-08-05,0,6,2.0,0,1,1,5,Guest_3370,Expected
City Hotel,0,164,32,7,1,3,2,2.0,0,BB,Online TA,TA/TO,0,0,0,3,0,Transient,250.5,0,1,08,2017-08-07,0,4,4.0,0,1,1,0,Guest_3371,Expected
City Hotel,0,100,32,7,1,3,3,0.0,0,BB,Online TA,TA/TO,0,0,0,0,0,Transient,225.0,0,0,08,2017-08-07,0,4,3.0,0,1,1,0,Guest_3372,Expected
City Hotel,0,194,32,8,0,3,2,0.0,0,BB,Online TA,TA/TO,0,0,0,2,0,Transient,140.33,0,1,08,2017-08-08,0,3,2.0,0,1,1,1,Guest_3373,Expected
City Hotel,0,306,32,7,1,3,2,0.0,0,HB,Direct,Direct,0,0,0,2,0,Transient-Party,122.9,0,0,08,2017-08-07,1,4,2.0,0,1,1,0,Guest_3374,Expected
City Hotel,0,306,32,7,1,3,1,1.0,0,HB,Direct,Direct,0,0,0,1,0,Transient-Party,122.9,0,0,08,2017-08-07,1,4,2.0,0,1,1,0,Guest_3375,Expected
City Hotel,0,13,32,8,0,3,1,0.0,0,BB,Corporate,Corporate,0,0,0,1,0,Transient,65.0,0,2,08,2017-08-08,0,3,1.0,0,0,0,1,Guest_3376,Expected
City Hotel,0,7,35,30,0,2,1,0.0,0,BB,Corporate,Corporate,1,0,1,0,0,Transient,65.0,0,2,08,2017-08-30,0,2,1.0,0,0,0,2,Guest_3377,Expected
City Hotel,0,208,32,6,2,3,2,0.0,0,SC,Offline TA/TO,TA/TO,0,0,0,0,0,Transient,67.15,0,1,08,2017-08-06,0,5,2.0,0,1,1,6,Guest_3378,Expected
City Hotel,0,208,32,6,2,3,2,0.0,0,SC,Offline TA/TO,TA/TO,0,0,0,0,0,Transient,67.15,0,1,08,2017-08-06,0,5,2.0,0,1,1,6,Guest_3379,Expected
City Hotel,0,113,32,6,2,3,1,1.0,0,BB,Direct,Direct,0,0,0,0,0,Transient-Party,112.4,0,0,08,2017-08-06,1,5,2.0,0,1,1,6,Guest_3380,Expected
City Hotel,0,113,32,6,2,3,2,0.0,0,BB,Direct,Direct,0,0,0,1,0,Transient-Party,112.4,0,0,08,2017-08-06,1,5,2.0,0,1,1,6,Guest_3381,Expected
City Hotel,0,142,31,5,2,4,2,0.0,0,BB,Online TA,TA/TO,0,0,0,0,0,Transient,139.5,0,1,08,2017-08-05,0,6,2.0,0,1,1,5,Guest_3382,Expected
City Hotel,0,0,32,10,0,1,2,0.0,0,BB,Direct,Direct,0,0,0,0,0,Transient,150.0,0,0,08,2017-08-10,0,1,2.0,0,0,0,3,Guest_3383,Expected
City Hotel,0,177,31,4,2,5,2,0.0,0,BB,Direct,Direct,0,0,0,0,0,Transient,112.5,0,2,08,2017-08-04,0,7,2.0,0,1,1,4,Guest_3384,Expected
City Hotel,0,0,32,10,0,1,2,0.0,0,BB,Direct,Direct,0,0,0,0,0,Transient,180.0,0,0,08,2017-08-10,0,1,2.0,0,0,0,3,Guest_3385,Expected
City Hotel,0,92,32,6,2,3,2,0.0,0,HB,Online TA,TA/TO,0,0,0,0,0,Transient,183.0,0,1,08,2017-08-06,0,5,2.0,0,1,1,6,Guest_3386,Expected
City Hotel,0,283,32,9,0,2,2,2.0,0,BB,Online TA,TA/TO,0,0,0,0,0,Transient,179.1,0,0,08,2017-08-09,0,2,4.0,0,1,1,2,Guest_3387,Expected
City Hotel,0,6,32,10,0,1,3,0.0,0,BB,Online TA,TA/TO,0,0,0,0,0,Transient,230.0,0,1,08,2017-08-10,0,1,3.0,0,1,1,3,Guest_3388,Expected
City Hotel,0,255,31,5,2,4,2,0.0,0,BB,Online TA,TA/TO,0,0,0,0,0,Transient,107.1,0,3,08,2017-08-05,0,6,2.0,0,1,1,5,Guest_3389,Expected
City Hotel,0,175,32,8,0,3,2,1.0,0,BB,Direct,Direct,0,0,0,0,0,Transient,169.0,1,3,08,2017-08-08,0,3,3.0,0,1,1,1,Guest_3390,Expected
City Hotel,0,175,32,8,0,3,2,0.0,0,BB,Online TA,TA/TO,0,0,0,0,0,Transient,148.5,0,0,08,2017-08-08,0,3,2.0,0,1,1,1,Guest_3391,Expected
City Hotel,0,126,32,8,0,3,2,0.0,0,BB,Offline TA/TO,TA/TO,0,0,0,0,0,Transient,89.1,0,0,08,2017-08-08,0,3,2.0,0,1,0,1,Guest_3392,Expected
City Hotel,0,1,32,8,0,3,2,0.0,0,SC,Online TA,TA/TO,0,0,0,0,0,Transient,92.21,0,0,08,2017-08-08,0,3,2.0,0,1,1,1,Guest_3393,Expected
City Hotel,0,87,32,10,0,1,2,0.0,0,SC,Online TA,TA/TO,0,0,0,0,0,Transient,134.0,0,1,08,2017-08-10,1,1,2.0,0,1,1,3,Guest_3394,Expected
City Hotel,0,211,31,4,2,5,2,1.0,0,HB,Online TA,TA/TO,0,0,0,0,0,Transient,191.25,0,2,08,2017-08-04,0,7,3.0,0,1,1,4,Guest_3395,Expected
City Hotel,0,183,32,7,1,3,2,0.0,0,BB,Online TA,TA/TO,0,0,0,0,0,Transient,130.5,0,0,08,2017-08-07,0,4,2.0,0,1,1,0,Guest_3396,Expected
City Hotel,0,285,31,4,2,5,2,2.0,0,BB,Online TA,TA/TO,0,0,0,0,0,Transient,179.1,0,1,08,2017-08-04,0,7,4.0,0,1,1,4,Guest_3397,Expected
City Hotel,0,44,32,9,0,2,2,0.0,0,SC,Online TA,TA/TO,0,0,0,0,0,Transient,140.0,0,1,08,2017-08-09,0,2,2.0,0,1,1,2,Guest_3398,Expected
City Hotel,0,197,31,5,2,4,2,0.0,0,BB,Offline TA/TO,TA/TO,0,0,0,0,0,Transient,85.0,0,0,08,2017-08-05,1,6,2.0,0,1,0,5,Guest_3399,Expected
City Hotel,0,197,31,5,2,4,2,0.0,0,BB,Offline TA/TO,TA/TO,0,0,0,0,0,Transient,85.0,0,0,08,2017-08-05,1,6,2.0,0,1,1,5,Guest_3400,Expected
City Hotel,0,153,32,7,1,3,2,0.0,0,BB,Offline TA/TO,TA/TO,0,0,0,0,0,Transient,80.1,0,3,08,2017-08-07,0,4,2.0,0,1,1,0,Guest_3401,Expected
City Hotel,0,18,32,7,1,3,2,0.0,0,BB,Online TA,TA/TO,0,0,0,0,0,Transient,180.0,0,2,08,2017-08-07,0,4,2.0,0,1,1,0,Guest_3402,Expected
City Hotel,0,127,32,9,0,2,2,0.0,0,SC,Online TA,TA/TO,0,0,0,0,0,Transient,125.0,0,1,08,2017-08-09,0,2,2.0,0,1,1,2,Guest_3403,Expected
City Hotel,0,140,32,7,1,3,1,0.0,0,BB,Offline TA/TO,TA/TO,0,0,0,0,0,Transient,75.6,0,0,08,2017-08-07,0,4,1.0,0,1,1,0,Guest_3404,Expected
City Hotel,0,140,32,7,1,3,2,0.0,0,BB,Offline TA/TO,TA/TO,0,0,0,0,0,Transient,80.1,0,0,08,2017-08-07,0,4,2.0,0,1,1,0,Guest_3405,Expected
City Hotel,0,140,32,7,1,3,2,0.0,0,BB,Offline TA/TO,TA/TO,0,0,0,0,0,Transient,80.1,0,0,08,2017-08-07,0,4,2.0,0,1,1,0,Guest_3406,Expected
City Hotel,0,0,32,9,0,2,2,0.0,0,SC,Online TA,TA/TO,0,0,0,0,0,Transient,170.0,0,2,08,2017-08-09,1,2,2.0,0,1,1,2,Guest_3407,Expected
City Hotel,0,29,32,10,0,1,2,2.0,0,BB,Online TA,TA/TO,0,0,0,0,0,Transient,270.0,0,2,08,2017-08-10,0,1,4.0,0,1,1,3,Guest_3408,Expected
City Hotel,0,1,32,9,0,2,3,0.0,0,BB,Online TA,TA/TO,0,0,0,0,0,Transient,229.0,0,1,08,2017-08-09,0,2,3.0,0,1,1,2,Guest_3409,Expected
City Hotel,0,1,32,10,0,1,2,0.0,0,SC,Direct,Direct,0,0,0,0,0,Transient,190.0,0,0,08,2017-08-10,0,1,2.0,0,1,1,3,Guest_3410,Expected
City Hotel,0,168,32,7,1,3,1,1.0,0,BB,Online TA,TA/TO,0,0,0,0,0,Transient,99.18,0,1,08,2017-08-07,0,4,2.0,0,1,1,0,Guest_3411,Expected
City Hotel,0,168,32,7,1,3,1,1.0,0,BB,Online TA,TA/TO,0,0,0,0,0,Transient,99.18,0,1,08,2017-08-07,0,4,2.0,0,1,1,0,Guest_3412,Expected
City Hotel,0,148,31,3,2,7,3,0.0,0,BB,Online TA,TA/TO,0,0,0,0,0,Transient,175.5,0,0,08,2017-08-03,0,9,3.0,0,1,1,3,Guest_3413,Expected
City Hotel,0,93,32,9,0,3,2,0.0,0,BB,Online TA,TA/TO,0,0,0,0,0,Transient,155.0,0,2,08,2017-08-09,0,3,2.0,0,1,1,2,Guest_3414,Expected
City Hotel,0,312,32,6,2,4,2,0.0,0,BB,Online TA,TA/TO,0,0,0,0,0,Transient,99.9,0,1,08,2017-08-06,0,6,2.0,0,1,1,6,Guest_3415,Expected
City Hotel,0,312,32,6,2,4,1,0.0,0,BB,Online TA,TA/TO,0,0,0,0,0,Transient,107.1,0,1,08,2017-08-06,0,6,1.0,0,1,1,6,Guest_3416,Expected
City Hotel,0,479,32,9,0,3,2,0.0,0,BB,Offline TA/TO,TA/TO,0,0,0,0,0,Transient-Party,112.67,0,1,08,2017-08-09,0,3,2.0,0,1,1,2,Guest_3417,Expected
City Hotel,0,479,32,9,0,3,2,0.0,0,BB,Offline TA/TO,TA/TO,0,0,0,0,0,Transient-Party,112.67,0,1,08,2017-08-09,0,3,2.0,0,1,1,2,Guest_3418,Expected
City Hotel,0,48,32,9,0,3,2,0.0,0,BB,Online TA,TA/TO,0,0,0,0,0,Transient,170.0,0,2,08,2017-08-09,0,3,2.0,0,1,1,2,Guest_3419,Expected
City Hotel,0,479,32,9,0,3,2,0.0,0,BB,Offline TA/TO,TA/TO,0,0,0,0,0,Transient-Party,112.67,0,2,08,2017-08-09,0,3,2.0,0,1,1,2,Guest_3420,Expected
City Hotel,0,479,32,9,0,3,2,0.0,0,BB,Offline TA/TO,TA/TO,0,0,0,0,0,Transient-Party,112.67,0,1,08,2017-08-09,0,3,2.0,0,1,0,2,Guest_3421,Expected
City Hotel,0,479,32,9,0,3,2,0.0,0,BB,Offline TA/TO,TA/TO,0,0,0,0,0,Transient-Party,112.67,0,1,08,2017-08-09,0,3,2.0,0,1,1,2,Guest_3422,Expected
City Hotel,0,478,32,8,0,4,2,0.0,0,BB,Offline TA/TO,TA/TO,0,0,0,1,0,Transient-Party,107.0,0,1,08,2017-08-08,0,4,2.0,0,1,1,1,Guest_3423,Expected
City Hotel,0,114,32,9,0,3,2,0.0,0,HB,Online TA,TA/TO,0,0,0,2,0,Transient,183.0,0,1,08,2017-08-09,0,3,2.0,0,1,1,2,Guest_3424,Expected
City Hotel,0,479,32,9,0,3,2,0.0,0,BB,Offline TA/TO,TA/TO,0,0,0,0,0,Transient-Party,112.67,0,1,08,2017-08-09,0,3,2.0,0,1,1,2,Guest_3425,Expected
City Hotel,0,479,32,9,0,3,2,0.0,0,BB,Offline TA/TO,TA/TO,0,0,0,0,0,Transient-Party,112.67,0,1,08,2017-08-09,0,3,2.0,0,1,0,2,Guest_3426,Expected
City Hotel,0,479,32,9,0,3,2,0.0,0,BB,Offline TA/TO,TA/TO,0,0,0,0,0,Transient-Party,112.67,0,1,08,2017-08-09,0,3,2.0,0,1,1,2,Guest_3427,Expected
City Hotel,0,478,32,8,0,4,2,0.0,0,BB,Offline TA/TO,TA/TO,0,0,0,1,0,Transient-Party,107.0,0,1,08,2017-08-08,0,4,2.0,0,1,1,1,Guest_3428,Expected
City Hotel,0,479,32,9,0,3,2,0.0,0,BB,Offline TA/TO,TA/TO,0,0,0,0,0,Transient-Party,112.67,0,1,08,2017-08-09,0,3,2.0,0,1,1,2,Guest_3429,Expected
City Hotel,0,479,32,9,0,3,2,0.0,0,BB,Offline TA/TO,TA/TO,0,0,0,0,0,Transient-Party,112.67,0,1,08,2017-08-09,1,3,2.0,0,1,1,2,Guest_3430,Expected
City Hotel,0,479,32,9,0,3,2,0.0,0,BB,Offline TA/TO,TA/TO,0,0,0,0,0,Transient-Party,112.67,0,1,08,2017-08-09,0,3,2.0,0,1,1,2,Guest_3431,Expected
City Hotel,0,479,32,9,0,3,2,0.0,0,BB,Offline TA/TO,TA/TO,0,0,0,0,0,Transient-Party,112.67,0,1,08,2017-08-09,0,3,2.0,0,1,1,2,Guest_3432,Expected
City Hotel,0,479,32,9,0,3,2,0.0,0,BB,Offline TA/TO,TA/TO,0,0,0,0,0,Transient-Party,112.67,0,1,08,2017-08-09,0,3,2.0,0,1,1,2,Guest_3433,Expected
City Hotel,0,479,32,9,0,3,2,0.0,0,BB,Offline TA/TO,TA/TO,0,0,0,0,0,Transient-Party,112.67,0,1,08,2017-08-09,0,3,2.0,0,1,1,2,Guest_3434,Expected
City Hotel,0,479,32,9,0,3,2,0.0,0,BB,Offline TA/TO,TA/TO,0,0,0,0,0,Transient-Party,112.67,0,1,08,2017-08-09,0,3,2.0,0,1,1,2,Guest_3435,Expected
City Hotel,0,479,32,9,0,3,2,0.0,0,BB,Offline TA/TO,TA/TO,0,0,0,0,0,Transient-Party,112.67,0,1,08,2017-08-09,0,3,2.0,0,1,1,2,Guest_3436,Expected
City Hotel,0,479,32,9,0,3,1,0.0,0,BB,Offline TA/TO,TA/TO,0,0,0,1,0,Transient-Party,0.0,0,0,08,2017-08-09,0,3,1.0,1,1,0,2,Guest_3437,Expected
City Hotel,0,479,32,9,0,3,2,0.0,0,BB,Offline TA/TO,TA/TO,0,0,0,0,0,Transient-Party,112.67,0,1,08,2017-08-09,0,3,2.0,0,1,1,2,Guest_3438,Expected
City Hotel,0,479,32,9,0,3,2,0.0,0,BB,Offline TA/TO,TA/TO,0,0,0,0,0,Transient-Party,112.67,0,1,08,2017-08-09,0,3,2.0,0,1,1,2,Guest_3439,Expected
City Hotel,0,479,32,9,0,3,2,0.0,0,BB,Offline TA/TO,TA/TO,0,0,0,0,0,Transient-Party,112.67,0,1,08,2017-08-09,0,3,2.0,0,1,1,2,Guest_3440,Expected
City Hotel,0,265,32,10,0,2,2,0.0,0,BB,Online TA,TA/TO,0,0,0,0,0,Transient,107.1,0,2,08,2017-08-10,0,2,2.0,0,1,1,3,Guest_3441,Expected
City Hotel,0,265,32,10,0,2,2,0.0,0,BB,Online TA,TA/TO,0,0,0,0,0,Transient,107.1,0,2,08,2017-08-10,0,2,2.0,0,1,1,3,Guest_3442,Expected
City Hotel,0,150,32,9,0,3,2,1.0,0,BB,Online TA,TA/TO,0,0,0,0,0,Transient,157.5,0,1,08,2017-08-09,0,3,3.0,0,1,1,2,Guest_3443,Expected
City Hotel,0,163,32,9,0,3,2,0.0,0,BB,Online TA,TA/TO,0,0,0,0,0,Transient,130.5,0,0,08,2017-08-09,0,3,2.0,0,1,0,2,Guest_3444,Expected
City Hotel,0,143,32,8,0,4,2,0.0,0,BB,Online TA,TA/TO,0,0,0,0,0,Transient,130.5,0,0,08,2017-08-08,0,4,2.0,0,1,1,1,Guest_3445,Expected
City Hotel,0,225,32,9,0,3,2,0.0,0,BB,Online TA,TA/TO,0,0,0,0,0,Transient,139.5,1,0,08,2017-08-09,0,3,2.0,0,1,0,2,Guest_3446,Expected
City Hotel,0,147,31,5,2,5,3,0.0,0,BB,Online TA,TA/TO,0,0,0,0,0,Transient,184.5,0,1,08,2017-08-05,0,7,3.0,0,1,1,5,Guest_3447,Expected
City Hotel,0,183,31,5,2,5,2,0.0,0,BB,Online TA,TA/TO,0,0,0,0,0,Transient,95.46,0,1,08,2017-08-05,0,7,2.0,0,1,1,5,Guest_3448,Expected
City Hotel,0,1,32,11,0,1,2,1.0,0,BB,Online TA,TA/TO,0,0,0,1,0,Transient,230.0,0,0,08,2017-08-11,0,1,3.0,0,1,1,4,Guest_3449,Expected
City Hotel,0,21,32,8,0,4,2,0.0,0,BB,Online TA,TA/TO,0,0,0,0,0,Transient,190.0,0,1,08,2017-08-08,0,4,2.0,0,1,1,1,Guest_3450,Expected
City Hotel,0,143,32,8,0,4,2,1.0,0,BB,Online TA,TA/TO,0,0,0,0,0,Transient,155.25,0,1,08,2017-08-08,0,4,3.0,0,1,1,1,Guest_3451,Expected
City Hotel,0,145,31,5,2,5,2,1.0,0,BB,Online TA,TA/TO,0,0,0,0,0,Transient,118.8,0,1,08,2017-08-05,0,7,3.0,0,1,1,5,Guest_3452,Expected
City Hotel,0,161,32,6,2,4,2,0.0,0,HB,Online TA,TA/TO,0,0,0,0,0,Transient,164.7,0,1,08,2017-08-06,0,6,2.0,0,1,1,6,Guest_3453,Expected
City Hotel,0,16,32,9,0,3,2,0.0,0,BB,Online TA,TA/TO,0,0,0,0,0,Transient,180.0,0,1,08,2017-08-09,0,3,2.0,0,1,1,2,Guest_3454,Expected
City Hotel,0,108,31,5,2,5,2,0.0,0,SC,Online TA,TA/TO,0,0,0,0,0,Transient,125.0,0,1,08,2017-08-05,0,7,2.0,0,1,1,5,Guest_3455,Expected
City Hotel,0,217,32,8,0,4,2,2.0,0,HB,Online TA,TA/TO,0,0,0,1,0,Transient,228.0,0,0,08,2017-08-08,0,4,4.0,0,1,1,1,Guest_3456,Expected
City Hotel,0,14,32,9,0,3,4,0.0,0,BB,Offline TA/TO,TA/TO,0,0,0,0,0,Transient,275.9,0,0,08,2017-08-09,0,3,4.0,0,1,0,2,Guest_3457,Expected
City Hotel,0,14,32,9,0,3,2,0.0,0,SC,Online TA,TA/TO,0,0,0,0,0,Transient,160.0,0,2,08,2017-08-09,0,3,2.0,0,1,0,2,Guest_3458,Expected
City Hotel,0,207,32,10,0,2,2,0.0,0,SC,Online TA,TA/TO,0,0,0,0,0,Transient,112.5,0,2,08,2017-08-10,0,2,2.0,0,1,1,3,Guest_3459,Expected
City Hotel,0,0,32,11,0,1,2,0.0,0,BB,Direct,Direct,0,0,0,0,0,Transient,180.0,0,0,08,2017-08-11,0,1,2.0,0,0,0,4,Guest_3460,Expected
City Hotel,0,207,32,10,0,2,2,0.0,0,SC,Online TA,TA/TO,0,0,0,0,0,Transient,112.5,0,2,08,2017-08-10,0,2,2.0,0,1,1,3,Guest_3461,Expected
City Hotel,0,221,32,10,0,2,2,1.0,0,BB,Online TA,TA/TO,0,0,0,0,0,Transient,148.5,0,1,08,2017-08-10,0,2,3.0,0,1,1,3,Guest_3462,Expected
City Hotel,0,3,32,9,0,3,3,0.0,0,BB,Online TA,TA/TO,0,0,0,0,0,Transient,230.0,0,1,08,2017-08-09,0,3,3.0,0,1,1,2,Guest_3463,Expected
City Hotel,0,221,32,10,0,2,2,1.0,0,BB,Online TA,TA/TO,0,0,0,0,0,Transient,148.5,0,2,08,2017-08-10,0,2,3.0,0,1,1,3,Guest_3464,Expected
City Hotel,0,277,32,9,0,3,1,2.0,0,BB,Online TA,TA/TO,0,0,0,0,0,Transient,106.34,0,1,08,2017-08-09,0,3,3.0,0,1,1,2,Guest_3465,Expected
City Hotel,0,277,32,9,0,3,2,0.0,0,BB,Online TA,TA/TO,0,0,0,0,0,Transient,92.86,0,1,08,2017-08-09,0,3,2.0,0,1,1,2,Guest_3466,Expected
City Hotel,0,176,32,9,0,3,2,0.0,0,BB,Offline TA/TO,TA/TO,0,0,0,0,0,Transient,80.1,0,0,08,2017-08-09,0,3,2.0,0,1,0,2,Guest_3467,Expected
City Hotel,0,155,32,7,1,4,2,0.0,0,SC,Online TA,TA/TO,0,0,0,1,0,Transient,120.0,0,2,08,2017-08-07,0,5,2.0,0,1,1,0,Guest_3468,Expected
City Hotel,0,1,32,11,0,1,2,0.0,0,BB,Direct,Direct,0,0,0,0,0,Transient,75.0,0,3,08,2017-08-11,0,1,2.0,0,0,0,4,Guest_3469,Expected
City Hotel,0,203,32,7,1,4,1,1.0,0,BB,Offline TA/TO,TA/TO,0,0,0,0,0,Transient,75.6,0,0,08,2017-08-07,0,5,2.0,0,1,1,0,Guest_3470,Expected
City Hotel,0,203,32,7,1,4,2,0.0,0,BB,Offline TA/TO,TA/TO,0,0,0,1,0,Transient,93.6,0,1,08,2017-08-07,0,5,2.0,0,1,1,0,Guest_3471,Expected
City Hotel,0,1,32,11,0,1,2,2.0,0,BB,Direct,Direct,0,0,0,0,0,Transient,290.0,0,0,08,2017-08-11,0,1,4.0,0,1,1,4,Guest_3472,Expected
City Hotel,0,139,31,5,2,5,2,0.0,0,SC,Online TA,TA/TO,0,0,0,0,0,Transient-Party,125.0,0,2,08,2017-08-05,0,7,2.0,0,1,1,5,Guest_3473,Expected
City Hotel,0,139,31,5,2,5,2,0.0,0,SC,Online TA,TA/TO,0,0,0,0,0,Transient-Party,125.0,0,2,08,2017-08-05,0,7,2.0,0,1,1,5,Guest_3474,Expected
City Hotel,0,5,32,10,0,2,2,0.0,0,BB,Online TA,TA/TO,0,0,0,0,0,Transient,180.0,0,1,08,2017-08-10,0,2,2.0,0,1,1,3,Guest_3475,Expected
City Hotel,0,144,31,5,2,5,3,0.0,0,HB,Offline TA/TO,TA/TO,0,0,0,0,0,Transient,164.1,0,1,08,2017-08-05,0,7,3.0,0,1,1,5,Guest_3476,Expected
City Hotel,0,144,31,5,2,5,2,0.0,0,HB,Offline TA/TO,TA/TO,0,0,0,0,0,Transient,121.1,0,1,08,2017-08-05,0,7,2.0,0,1,1,5,Guest_3477,Expected
City Hotel,0,48,32,7,1,4,2,0.0,0,HB,Online TA,TA/TO,0,0,0,0,0,Transient,198.0,0,1,08,2017-08-07,0,5,2.0,0,1,1,0,Guest_3478,Expected
City Hotel,0,2,32,9,0,3,2,0.0,0,BB,Online TA,TA/TO,0,0,0,0,0,Transient,183.33,0,1,08,2017-08-09,0,3,2.0,0,1,1,2,Guest_3479,Expected
City Hotel,0,3,32,10,0,2,2,0.0,0,BB,Online TA,TA/TO,0,0,0,0,0,Transient,180.0,0,1,08,2017-08-10,0,2,2.0,0,1,1,3,Guest_3480,Expected
City Hotel,0,109,32,9,0,3,2,0.0,0,BB,Online TA,TA/TO,0,0,0,0,0,Transient,185.0,0,1,08,2017-08-09,0,3,2.0,0,1,0,2,Guest_3481,Expected
City Hotel,0,1,32,11,0,1,1,0.0,0,BB,Direct,Direct,0,0,0,0,0,Transient,75.0,0,2,08,2017-08-11,0,1,1.0,0,0,0,4,Guest_3482,Expected
City Hotel,0,0,32,11,0,1,2,3.0,0,BB,Direct,Direct,0,0,0,1,0,Transient,250.0,0,0,08,2017-08-11,0,1,5.0,0,0,1,4,Guest_3483,Expected
City Hotel,0,41,32,7,1,4,2,0.0,0,BB,Online TA,TA/TO,0,0,0,0,0,Transient,160.0,0,1,08,2017-08-07,0,5,2.0,0,1,1,0,Guest_3484,Expected
City Hotel,0,181,31,5,2,5,2,0.0,0,SC,Online TA,TA/TO,0,0,0,0,0,Transient,82.3,0,1,08,2017-08-05,0,7,2.0,0,1,0,5,Guest_3485,Expected
City Hotel,0,117,32,11,0,1,2,0.0,0,SC,Online TA,TA/TO,0,0,0,2,0,Transient,145.0,0,2,08,2017-08-11,0,1,2.0,0,1,1,4,Guest_3486,Expected
City Hotel,0,4,32,10,0,2,2,0.0,0,BB,Online TA,TA/TO,0,0,0,0,0,Transient,199.0,0,1,08,2017-08-10,0,2,2.0,0,1,0,3,Guest_3487,Expected
City Hotel,0,127,32,9,0,3,3,0.0,0,BB,Online TA,TA/TO,0,0,0,0,0,Transient,195.0,0,2,08,2017-08-09,0,3,3.0,0,1,1,2,Guest_3488,Expected
City Hotel,0,4,32,9,0,3,2,0.0,0,BB,Online TA,TA/TO,0,0,0,0,0,Transient,152.0,0,1,08,2017-08-09,0,3,2.0,0,1,1,2,Guest_3489,Expected
City Hotel,0,0,32,10,0,2,2,0.0,0,SC,Online TA,TA/TO,0,0,0,0,0,Transient,189.0,0,0,08,2017-08-10,0,2,2.0,0,1,1,3,Guest_3490,Expected
City Hotel,0,10,32,11,0,1,2,0.0,0,BB,Online TA,TA/TO,0,0,0,0,0,Transient,189.0,0,0,08,2017-08-11,0,1,2.0,0,1,1,4,Guest_3491,Expected
City Hotel,0,48,32,9,0,3,2,0.0,0,SC,Online TA,TA/TO,0,0,0,0,0,Transient,140.0,0,2,08,2017-08-09,0,3,2.0,0,1,1,2,Guest_3492,Expected
City Hotel,0,127,32,9,0,3,3,0.0,0,BB,Online TA,TA/TO,0,0,0,0,0,Transient,204.0,1,2,08,2017-08-09,0,3,3.0,0,1,1,2,Guest_3493,Expected
City Hotel,0,148,32,9,0,3,2,0.0,1,HB,Online TA,TA/TO,0,0,0,1,0,Transient,164.7,0,1,08,2017-08-09,0,3,3.0,0,1,1,2,Guest_3494,Expected
City Hotel,0,155,32,7,1,4,2,0.0,0,BB,Online TA,TA/TO,0,0,0,1,0,Transient,139.5,0,2,08,2017-08-07,0,5,2.0,0,1,1,0,Guest_3495,Expected
City Hotel,0,9,32,12,2,1,2,0.0,0,SC,Online TA,TA/TO,0,0,0,3,0,Transient-Party,0.0,0,0,08,2017-08-12,1,3,2.0,1,1,1,5,Guest_3496,Expected
City Hotel,0,0,32,12,0,1,2,0.0,0,HB,Direct,Direct,1,0,0,1,0,Transient,240.0,0,2,08,2017-08-12,0,1,2.0,0,1,1,5,Guest_3497,Expected
City Hotel,0,9,32,11,0,2,2,0.0,0,BB,Offline TA/TO,TA/TO,0,0,0,0,0,Transient,144.5,0,0,08,2017-08-11,0,2,2.0,0,1,1,4,Guest_3498,Expected
City Hotel,0,183,32,6,2,5,2,1.0,0,BB,Online TA,TA/TO,0,0,0,0,0,Transient,148.5,0,0,08,2017-08-06,0,7,3.0,0,1,1,6,Guest_3499,Expected
City Hotel,0,6,32,10,0,3,2,0.0,0,SC,Online TA,TA/TO,0,0,0,0,0,Transient,166.67,0,2,08,2017-08-10,0,3,2.0,0,1,1,3,Guest_3500,Expected
City Hotel,0,120,32,9,0,4,3,0.0,0,BB,Online TA,TA/TO,0,0,0,0,0,Transient,225.0,0,1,08,2017-08-09,0,4,3.0,0,1,1,2,Guest_3501,Expected
City Hotel,0,173,32,10,0,3,2,0.0,0,BB,Direct,Direct,0,0,0,0,0,Transient,112.5,0,0,08,2017-08-10,0,3,2.0,0,1,1,3,Guest_3502,Expected
City Hotel,0,3,32,8,0,5,2,0.0,0,SC,Online TA,TA/TO,0,0,0,0,0,Transient,124.63,0,1,08,2017-08-08,0,5,2.0,0,1,1,1,Guest_3503,Expected
City Hotel,0,308,32,7,1,5,2,0.0,0,SC,Online TA,TA/TO,0,0,0,0,0,Transient-Party,98.1,0,1,08,2017-08-07,0,6,2.0,0,1,1,0,Guest_3504,Expected
City Hotel,0,53,32,11,0,2,2,0.0,0,BB,Online TA,TA/TO,0,0,0,0,0,Transient,160.0,0,2,08,2017-08-11,0,2,2.0,0,1,1,4,Guest_3505,Expected
City Hotel,0,296,32,6,2,5,2,0.0,0,BB,Offline TA/TO,TA/TO,0,0,0,0,0,Transient,80.1,0,0,08,2017-08-06,0,7,2.0,0,1,1,6,Guest_3506,Expected
City Hotel,0,308,32,7,1,5,2,0.0,0,SC,Online TA,TA/TO,0,0,0,0,0,Transient-Party,89.1,0,1,08,2017-08-07,0,6,2.0,0,1,1,0,Guest_3507,Expected
City Hotel,0,125,32,9,0,4,2,0.0,0,BB,Direct,Direct,0,0,0,0,0,Transient-Party,112.5,0,2,08,2017-08-09,0,4,2.0,0,0,1,2,Guest_3508,Expected
City Hotel,0,149,32,9,0,4,2,0.0,0,BB,Online TA,TA/TO,0,0,0,0,0,Transient,130.5,0,0,08,2017-08-09,0,4,2.0,0,1,1,2,Guest_3509,Expected
City Hotel,0,179,32,8,0,5,3,0.0,0,HB,Offline TA/TO,TA/TO,0,0,0,0,0,Transient,171.66,0,1,08,2017-08-08,0,5,3.0,0,1,0,1,Guest_3510,Expected
City Hotel,0,127,32,8,0,5,2,0.0,0,BB,Offline TA/TO,TA/TO,0,0,0,0,0,Transient,80.1,0,0,08,2017-08-08,0,5,2.0,0,1,1,1,Guest_3511,Expected
City Hotel,0,270,32,10,0,3,2,2.0,0,BB,Online TA,TA/TO,0,0,0,0,0,Transient,179.1,0,0,08,2017-08-10,0,3,4.0,0,1,1,3,Guest_3512,Expected
City Hotel,0,7,32,10,0,3,2,0.0,0,BB,Online TA,TA/TO,0,0,0,0,0,Transient,195.67,0,2,08,2017-08-10,0,3,2.0,0,1,1,3,Guest_3513,Expected
City Hotel,0,7,32,10,0,3,2,0.0,0,BB,Online TA,TA/TO,0,0,0,0,0,Transient,186.67,0,2,08,2017-08-10,0,3,2.0,0,1,1,3,Guest_3514,Expected
City Hotel,0,125,32,9,0,4,2,0.0,0,BB,Direct,Direct,0,0,0,0,0,Transient-Party,112.5,0,2,08,2017-08-09,0,4,2.0,0,0,1,2,Guest_3515,Expected
City Hotel,0,84,32,11,0,2,2,2.0,0,BB,Online TA,TA/TO,0,0,0,0,0,Transient,240.0,0,1,08,2017-08-11,0,2,4.0,0,1,1,4,Guest_3516,Expected
City Hotel,0,125,32,9,0,4,3,0.0,0,BB,Direct,Direct,0,0,0,0,0,Transient-Party,175.0,0,3,08,2017-08-09,0,4,3.0,0,0,1,2,Guest_3517,Expected
City Hotel,0,125,32,9,0,4,2,2.0,0,BB,Direct,Direct,0,0,0,0,0,Transient-Party,200.0,0,3,08,2017-08-09,0,4,4.0,0,0,1,2,Guest_3518,Expected
City Hotel,0,101,31,3,2,8,1,0.0,0,HB,Direct,Direct,0,0,0,3,0,Transient,130.5,0,2,08,2017-08-03,0,10,1.0,0,1,1,3,Guest_3519,Expected
City Hotel,0,101,31,3,2,8,2,0.0,0,HB,Direct,Direct,0,0,0,1,0,Transient,157.5,0,2,08,2017-08-03,0,10,2.0,0,1,1,3,Guest_3520,Expected
City Hotel,0,202,32,11,0,2,2,0.0,0,SC,Online TA,TA/TO,0,0,0,0,0,Transient,112.5,0,0,08,2017-08-11,0,2,2.0,0,1,1,4,Guest_3521,Expected
City Hotel,0,108,32,8,0,5,2,0.0,0,HB,Online TA,TA/TO,0,0,0,0,0,Transient,192.0,0,0,08,2017-08-08,0,5,2.0,0,1,1,1,Guest_3522,Expected
City Hotel,0,110,32,6,2,5,3,0.0,0,BB,Direct,Direct,0,0,0,1,0,Transient,190.0,0,2,08,2017-08-06,0,7,3.0,0,1,1,6,Guest_3523,Expected
City Hotel,0,193,32,10,0,3,3,0.0,0,BB,Online TA,TA/TO,0,0,0,0,0,Transient,175.5,0,1,08,2017-08-10,0,3,3.0,0,1,1,3,Guest_3524,Expected
City Hotel,0,202,32,11,0,2,2,0.0,0,SC,Online TA,TA/TO,0,0,0,0,0,Transient,112.5,0,0,08,2017-08-11,0,2,2.0,0,1,1,4,Guest_3525,Expected
City Hotel,0,0,32,11,0,2,2,0.0,0,BB,Online TA,TA/TO,0,0,0,0,0,Transient,209.0,0,0,08,2017-08-11,0,2,2.0,0,1,1,4,Guest_3526,Expected
City Hotel,0,175,32,8,0,5,2,0.0,0,HB,Online TA,TA/TO,0,0,0,0,0,Transient,173.7,0,0,08,2017-08-08,0,5,2.0,0,1,1,1,Guest_3527,Expected
City Hotel,0,175,32,8,0,5,2,0.0,0,HB,Online TA,TA/TO,0,0,0,0,0,Transient,164.7,0,0,08,2017-08-08,0,5,2.0,0,1,1,1,Guest_3528,Expected
City Hotel,0,286,31,3,2,8,2,0.0,0,BB,Online TA,TA/TO,0,0,0,0,0,Transient,78.35,0,1,08,2017-08-03,0,10,2.0,0,1,1,3,Guest_3529,Expected
City Hotel,0,223,32,11,0,2,2,0.0,0,BB,Online TA,TA/TO,0,0,0,0,0,Transient,139.5,0,1,08,2017-08-11,0,2,2.0,0,1,1,4,Guest_3530,Expected
City Hotel,0,19,32,7,1,5,3,0.0,0,BB,Online TA,TA/TO,0,0,0,0,0,Transient,239.0,1,3,08,2017-08-07,0,6,3.0,0,1,1,0,Guest_3531,Expected
City Hotel,0,182,32,11,0,2,3,0.0,0,BB,Online TA,TA/TO,0,0,0,0,0,Transient,128.38,0,2,08,2017-08-11,0,2,3.0,0,1,0,4,Guest_3532,Expected
City Hotel,0,122,32,10,0,3,2,0.0,0,BB,Direct,Direct,0,0,0,0,0,Transient,112.5,0,1,08,2017-08-10,0,3,2.0,0,1,1,3,Guest_3533,Expected
City Hotel,0,160,32,7,1,5,2,0.0,0,HB,Online TA,TA/TO,0,0,0,0,0,Transient,173.7,0,1,08,2017-08-07,0,6,2.0,0,1,1,0,Guest_3534,Expected
City Hotel,0,202,32,10,0,3,3,0.0,0,BB,Online TA,TA/TO,0,0,0,0,0,Transient,255.5,0,0,08,2017-08-10,1,3,3.0,0,1,1,3,Guest_3535,Expected
City Hotel,0,0,32,11,0,2,2,0.0,0,BB,Online TA,TA/TO,0,0,0,0,0,Transient,240.0,0,1,08,2017-08-11,0,2,2.0,0,1,1,4,Guest_3536,Expected
City Hotel,0,0,32,11,0,2,2,1.0,0,SC,Online TA,TA/TO,0,0,0,1,0,Transient,170.0,0,1,08,2017-08-11,1,2,3.0,0,1,1,4,Guest_3537,Expected
City Hotel,0,171,32,9,0,4,2,0.0,0,BB,Online TA,TA/TO,0,0,0,1,0,Transient,115.63,0,0,08,2017-08-09,0,4,2.0,0,1,1,2,Guest_3538,Expected
City Hotel,0,148,32,10,0,3,2,1.0,0,BB,Online TA,TA/TO,0,0,0,0,0,Transient,148.5,0,2,08,2017-08-10,0,3,3.0,0,1,1,3,Guest_3539,Expected
City Hotel,0,53,32,11,0,2,3,0.0,0,BB,Online TA,TA/TO,0,0,0,0,0,Transient,210.0,0,3,08,2017-08-11,0,2,3.0,0,1,1,4,Guest_3540,Expected
City Hotel,0,1,32,12,0,1,3,0.0,0,BB,Online TA,TA/TO,0,0,0,0,0,Transient,250.0,0,1,08,2017-08-12,0,1,3.0,0,1,1,5,Guest_3541,Expected
City Hotel,0,0,32,12,0,1,1,0.0,0,BB,Direct,Direct,0,0,0,1,0,Transient,199.0,0,0,08,2017-08-12,1,1,1.0,0,0,1,5,Guest_3542,Expected
City Hotel,0,2,32,10,0,3,3,0.0,0,BB,Online TA,TA/TO,0,0,0,0,0,Transient,230.0,0,0,08,2017-08-10,0,3,3.0,0,1,0,3,Guest_3543,Expected
City Hotel,0,112,32,10,0,3,2,0.0,0,BB,Online TA,TA/TO,0,0,0,0,0,Transient,155.0,0,0,08,2017-08-10,0,3,2.0,0,1,1,3,Guest_3544,Expected
City Hotel,0,20,32,8,0,5,2,0.0,0,BB,Online TA,TA/TO,0,0,0,0,0,Transient,180.0,0,1,08,2017-08-08,0,5,2.0,0,1,1,1,Guest_3545,Expected
City Hotel,0,134,32,7,1,5,3,0.0,0,BB,Online TA,TA/TO,0,0,0,0,0,Transient,195.0,0,3,08,2017-08-07,0,6,3.0,0,1,1,0,Guest_3546,Expected
City Hotel,0,198,32,11,0,2,2,0.0,0,BB,Offline TA/TO,TA/TO,0,0,0,0,0,Transient,80.1,0,0,08,2017-08-11,0,2,2.0,0,1,1,4,Guest_3547,Expected
City Hotel,0,198,32,11,0,2,2,0.0,0,BB,Offline TA/TO,TA/TO,0,0,0,0,0,Transient,80.1,0,0,08,2017-08-11,0,2,2.0,0,1,1,4,Guest_3548,Expected
City Hotel,0,80,32,6,2,5,3,0.0,0,BB,Online TA,TA/TO,0,0,0,1,0,Transient,237.71,0,0,08,2017-08-06,0,7,3.0,0,1,1,6,Guest_3549,Expected
City Hotel,0,135,32,10,0,3,2,0.0,0,BB,Online TA,TA/TO,0,0,0,0,0,Transient,155.0,0,1,08,2017-08-10,0,3,2.0,0,1,1,3,Guest_3550,Expected
City Hotel,0,163,32,10,0,3,2,0.0,0,BB,Online TA,TA/TO,0,0,0,0,0,Transient,130.5,0,2,08,2017-08-10,0,3,2.0,0,1,1,3,Guest_3551,Expected
City Hotel,0,190,32,7,1,5,2,0.0,0,BB,Online TA,TA/TO,0,0,0,0,0,Transient,139.5,0,0,08,2017-08-07,0,6,2.0,0,1,1,0,Guest_3552,Expected
City Hotel,0,190,32,7,1,5,3,0.0,0,BB,Online TA,TA/TO,0,0,0,0,0,Transient,175.5,0,0,08,2017-08-07,0,6,3.0,0,1,1,0,Guest_3553,Expected
City Hotel,0,144,32,10,0,3,2,0.0,0,BB,Online TA,TA/TO,0,0,0,0,0,Transient,130.5,0,1,08,2017-08-10,0,3,2.0,0,1,0,3,Guest_3554,Expected
City Hotel,0,199,32,6,2,5,3,0.0,0,BB,Online TA,TA/TO,0,0,0,0,0,Transient,183.21,0,2,08,2017-08-06,0,7,3.0,0,1,1,6,Guest_3555,Expected
City Hotel,0,18,32,10,0,3,2,0.0,0,BB,Direct,Direct,0,0,0,0,0,Transient,140.8,0,2,08,2017-08-10,0,3,2.0,0,1,1,3,Guest_3556,Expected
City Hotel,0,144,32,10,0,3,1,0.0,0,BB,Online TA,TA/TO,0,0,0,1,0,Transient,130.5,0,1,08,2017-08-10,0,3,1.0,0,1,0,3,Guest_3557,Expected
City Hotel,0,144,32,10,0,3,1,0.0,0,BB,Online TA,TA/TO,0,0,0,0,0,Transient,121.5,0,1,08,2017-08-10,0,3,1.0,0,1,0,3,Guest_3558,Expected
City Hotel,0,144,32,10,0,3,2,0.0,0,BB,Online TA,TA/TO,0,0,0,0,0,Transient,130.5,0,1,08,2017-08-10,0,3,2.0,0,1,0,3,Guest_3559,Expected
City Hotel,0,1,32,12,0,1,3,0.0,0,BB,Direct,Direct,0,0,0,0,0,Transient,240.0,0,2,08,2017-08-12,0,1,3.0,0,1,1,5,Guest_3560,Expected
City Hotel,0,112,32,10,0,3,2,0.0,0,BB,Online TA,TA/TO,0,0,0,0,0,Transient,155.0,0,0,08,2017-08-10,0,3,2.0,0,1,1,3,Guest_3561,Expected
City Hotel,0,132,32,7,1,5,2,0.0,1,SC,Online TA,TA/TO,0,0,0,1,0,Transient,125.0,0,3,08,2017-08-07,0,6,3.0,0,1,1,0,Guest_3562,Expected
City Hotel,0,42,32,10,0,3,2,0.0,0,BB,Online TA,TA/TO,0,0,0,1,0,Transient,250.0,0,1,08,2017-08-10,0,3,2.0,0,1,1,3,Guest_3563,Expected
City Hotel,0,308,32,7,1,5,2,0.0,0,SC,Online TA,TA/TO,0,0,0,0,0,Transient-Party,98.1,0,1,08,2017-08-07,1,6,2.0,0,1,1,0,Guest_3564,Expected
City Hotel,0,0,33,14,0,0,2,0.0,0,BB,Direct,Direct,1,0,0,0,0,Transient,0.0,0,0,08,2017-08-14,0,0,2.0,1,0,0,0,Guest_3565,Expected
City Hotel,0,87,32,9,1,4,2,0.0,0,BB,Online TA,TA/TO,0,0,0,0,0,Transient,155.0,0,0,08,2017-08-09,1,5,2.0,0,1,1,2,Guest_3566,Expected
City Hotel,0,135,32,7,2,5,3,0.0,0,BB,Online TA,TA/TO,0,0,0,0,0,Transient,189.43,0,2,08,2017-08-07,0,7,3.0,0,1,1,0,Guest_3567,Expected
City Hotel,0,177,32,10,1,3,2,0.0,0,SC,Online TA,TA/TO,0,0,0,0,0,Transient,112.5,0,0,08,2017-08-10,0,4,2.0,0,1,1,3,Guest_3568,Expected
City Hotel,0,280,32,8,1,5,2,0.0,0,SC,Online TA,TA/TO,0,0,0,0,0,Transient,89.1,0,2,08,2017-08-08,0,6,2.0,0,1,1,1,Guest_3569,Expected
City Hotel,0,31,33,13,1,0,2,1.0,0,BB,Online TA,TA/TO,0,0,0,1,0,Transient,200.0,0,3,08,2017-08-13,1,1,3.0,0,1,1,6,Guest_3570,Expected
City Hotel,0,195,32,11,1,2,2,0.0,0,SC,Offline TA/TO,TA/TO,0,0,0,0,0,Transient,80.1,0,0,08,2017-08-11,0,3,2.0,0,1,1,4,Guest_3571,Expected
City Hotel,0,22,32,10,1,3,2,0.0,0,BB,Online TA,TA/TO,0,0,0,1,0,Transient,180.0,0,2,08,2017-08-10,0,4,2.0,0,1,1,3,Guest_3572,Expected
City Hotel,0,117,32,12,1,1,2,0.0,0,BB,Online TA,TA/TO,0,0,0,0,0,Transient,164.0,0,1,08,2017-08-12,0,2,2.0,0,1,1,5,Guest_3573,Expected
City Hotel,0,117,32,12,1,1,2,0.0,0,BB,Online TA,TA/TO,0,0,0,0,0,Transient,155.0,0,1,08,2017-08-12,0,2,2.0,0,1,1,5,Guest_3574,Expected
City Hotel,0,117,32,12,1,1,2,0.0,0,BB,Online TA,TA/TO,0,0,0,0,0,Transient,155.0,0,1,08,2017-08-12,0,2,2.0,0,1,1,5,Guest_3575,Expected
City Hotel,0,0,33,13,1,0,3,0.0,0,BB,Direct,Direct,0,0,0,0,0,Transient,139.0,0,0,08,2017-08-13,0,1,3.0,0,0,0,6,Guest_3576,Expected
City Hotel,0,309,32,7,2,5,2,0.0,0,HB,Online TA,TA/TO,0,0,0,0,0,Transient,141.3,0,1,08,2017-08-07,0,7,2.0,0,1,1,0,Guest_3577,Expected
City Hotel,0,204,32,7,2,5,2,0.0,0,SC,Online TA,TA/TO,0,0,0,0,0,Transient,112.5,0,1,08,2017-08-07,0,7,2.0,0,1,1,0,Guest_3578,Expected
City Hotel,0,156,32,11,1,2,2,1.0,0,BB,Online TA,TA/TO,0,0,0,0,0,Transient,157.5,0,2,08,2017-08-11,0,3,3.0,0,1,1,4,Guest_3579,Expected
City Hotel,0,176,32,7,2,5,2,0.0,0,BB,Online TA,TA/TO,0,0,0,0,0,Transient,130.5,0,1,08,2017-08-07,0,7,2.0,0,1,1,0,Guest_3580,Expected
City Hotel,0,54,32,10,1,3,2,0.0,0,BB,Direct,Direct,0,0,0,2,0,Transient,157.5,0,0,08,2017-08-10,0,4,2.0,0,1,1,3,Guest_3581,Expected
City Hotel,0,138,32,11,1,2,2,0.0,0,SC,Online TA,TA/TO,0,0,0,0,0,Transient,125.0,0,3,08,2017-08-11,0,3,2.0,0,1,1,4,Guest_3582,Expected
City Hotel,0,138,32,11,1,2,2,0.0,0,SC,Online TA,TA/TO,0,0,0,0,0,Transient,125.0,0,3,08,2017-08-11,0,3,2.0,0,1,1,4,Guest_3583,Expected
City Hotel,0,0,33,13,1,0,2,0.0,0,BB,Direct,Direct,0,0,0,0,0,Transient,180.0,0,0,08,2017-08-13,0,1,2.0,0,0,1,6,Guest_3584,Expected
City Hotel,0,157,32,10,1,3,2,1.0,0,BB,Online TA,TA/TO,0,0,0,0,0,Transient,148.5,0,2,08,2017-08-10,0,4,3.0,0,1,1,3,Guest_3585,Expected
City Hotel,0,1,32,11,1,2,2,0.0,0,BB,Online TA,GDS,0,0,0,0,0,Transient,200.0,0,1,08,2017-08-11,0,3,2.0,0,1,0,4,Guest_3586,Expected
City Hotel,0,102,32,7,2,5,3,0.0,0,BB,Online TA,TA/TO,0,0,0,0,0,Transient,201.4,0,2,08,2017-08-07,0,7,3.0,0,1,1,0,Guest_3587,Expected
City Hotel,0,149,32,7,2,5,2,0.0,0,BB,Online TA,TA/TO,0,0,0,0,0,Transient,130.5,0,1,08,2017-08-07,0,7,2.0,0,1,1,0,Guest_3588,Expected
City Hotel,0,195,32,12,1,1,2,0.0,0,BB,Online TA,TA/TO,0,0,0,0,0,Transient,130.5,0,1,08,2017-08-12,0,2,2.0,0,1,1,5,Guest_3589,Expected
City Hotel,0,20,32,10,1,3,2,0.0,0,BB,Online TA,TA/TO,0,0,0,0,0,Transient,180.0,0,2,08,2017-08-10,0,4,2.0,0,1,1,3,Guest_3590,Expected
City Hotel,0,5,33,13,1,0,2,0.0,0,BB,Online TA,TA/TO,0,0,0,0,0,Transient,89.0,0,0,08,2017-08-13,0,1,2.0,0,1,1,6,Guest_3591,Expected
City Hotel,0,158,32,10,1,3,3,0.0,0,BB,Online TA,TA/TO,0,0,0,1,0,Transient,175.5,0,1,08,2017-08-10,0,4,3.0,0,1,1,3,Guest_3592,Expected
City Hotel,0,36,32,12,1,1,2,0.0,0,BB,Direct,Direct,0,0,0,0,0,Transient,155.0,0,1,08,2017-08-12,0,2,2.0,0,1,1,5,Guest_3593,Expected
City Hotel,0,105,32,12,1,1,3,0.0,0,BB,Online TA,TA/TO,0,0,0,0,0,Transient,225.0,0,0,08,2017-08-12,0,2,3.0,0,1,1,5,Guest_3594,Expected
City Hotel,0,317,32,11,1,2,2,0.0,0,BB,Online TA,TA/TO,0,0,0,0,0,Transient-Party,108.9,1,1,08,2017-08-11,0,3,2.0,0,1,1,4,Guest_3595,Expected
City Hotel,0,122,32,7,2,5,2,0.0,0,BB,Online TA,TA/TO,0,0,0,0,0,Transient,111.6,0,1,08,2017-08-07,0,7,2.0,0,1,1,0,Guest_3596,Expected
City Hotel,0,294,33,13,1,0,2,0.0,0,BB,Direct,Direct,0,0,0,3,0,Transient,201.25,0,1,08,2017-08-13,0,1,2.0,0,1,1,6,Guest_3597,Expected
City Hotel,0,2,32,12,1,1,2,0.0,0,SC,Online TA,TA/TO,0,0,0,0,0,Transient,180.0,0,1,08,2017-08-12,0,2,2.0,0,1,0,5,Guest_3598,Expected
City Hotel,0,187,32,11,1,2,2,0.0,0,SC,Online TA,TA/TO,0,0,0,0,0,Transient,112.5,0,1,08,2017-08-11,0,3,2.0,0,1,1,4,Guest_3599,Expected
City Hotel,0,56,33,13,1,0,1,0.0,0,SC,Online TA,TA/TO,0,0,0,0,0,Transient,140.0,0,1,08,2017-08-13,0,1,1.0,0,1,1,6,Guest_3600,Expected
City Hotel,0,144,32,10,1,3,2,0.0,0,BB,Online TA,TA/TO,0,0,0,0,0,Transient,130.5,0,2,08,2017-08-10,0,4,2.0,0,1,1,3,Guest_3601,Expected
City Hotel,0,128,32,11,1,2,2,0.0,0,SC,Online TA,TA/TO,0,0,0,0,0,Transient,125.0,0,2,08,2017-08-11,0,3,2.0,0,1,1,4,Guest_3602,Expected
City Hotel,0,295,32,10,1,3,3,0.0,0,BB,Online TA,TA/TO,0,0,0,0,0,Transient-Party,156.6,0,0,08,2017-08-10,0,4,3.0,0,1,1,3,Guest_3603,Expected
City Hotel,0,130,32,9,1,4,2,0.0,0,BB,Offline TA/TO,TA/TO,0,0,0,0,0,Transient,80.1,0,0,08,2017-08-09,0,5,2.0,0,1,1,2,Guest_3604,Expected
City Hotel,0,153,32,10,1,3,2,0.0,0,SC,Online TA,TA/TO,0,0,0,0,0,Transient,90.0,0,0,08,2017-08-10,0,4,2.0,0,1,1,3,Guest_3605,Expected
City Hotel,0,6,32,10,1,3,2,0.0,0,BB,Online TA,TA/TO,0,0,0,0,0,Transient,200.0,0,0,08,2017-08-10,0,4,2.0,0,1,1,3,Guest_3606,Expected
City Hotel,0,23,32,8,1,5,2,0.0,0,SC,Online TA,TA/TO,0,0,0,0,0,Transient,160.0,0,0,08,2017-08-08,0,6,2.0,0,1,1,1,Guest_3607,Expected
City Hotel,0,317,32,11,1,2,1,0.0,0,BB,Online TA,TA/TO,0,0,0,0,0,Transient-Party,116.1,0,1,08,2017-08-11,0,3,1.0,0,1,1,4,Guest_3608,Expected
City Hotel,0,108,32,10,1,3,3,0.0,0,BB,Online TA,TA/TO,0,0,0,2,0,Transient,195.0,0,2,08,2017-08-10,0,4,3.0,0,1,1,3,Guest_3609,Expected
City Hotel,0,295,32,10,1,3,3,0.0,0,BB,Online TA,TA/TO,0,0,0,0,0,Transient-Party,156.6,0,0,08,2017-08-10,0,4,3.0,0,1,1,3,Guest_3610,Expected
City Hotel,0,295,32,10,1,3,3,0.0,0,BB,Online TA,TA/TO,0,0,0,0,0,Transient-Party,156.6,0,0,08,2017-08-10,0,4,3.0,0,1,1,3,Guest_3611,Expected
City Hotel,0,195,32,12,1,1,2,0.0,0,BB,Online TA,TA/TO,0,0,0,0,0,Transient,130.5,0,1,08,2017-08-12,0,2,2.0,0,1,1,5,Guest_3612,Expected
City Hotel,0,320,32,12,1,1,2,1.0,0,BB,Online TA,TA/TO,0,0,0,0,0,Transient,123.3,0,3,08,2017-08-12,0,2,3.0,0,1,1,5,Guest_3613,Expected
City Hotel,0,153,32,10,1,3,2,0.0,0,SC,Online TA,TA/TO,0,0,0,0,0,Transient,90.0,0,0,08,2017-08-10,0,4,2.0,0,1,1,3,Guest_3614,Expected
City Hotel,0,0,33,13,1,0,2,0.0,0,BB,Online TA,TA/TO,0,0,0,1,0,Transient,98.4,0,0,08,2017-08-13,1,1,2.0,0,1,1,6,Guest_3615,Expected
City Hotel,0,504,32,12,2,1,2,0.0,0,BB,Offline TA/TO,TA/TO,0,0,0,0,0,Transient-Party,112.67,0,1,08,2017-08-12,0,3,2.0,0,1,1,5,Guest_3616,Expected
City Hotel,0,141,32,12,2,1,2,0.0,0,BB,Offline TA/TO,TA/TO,0,0,0,0,0,Transient-Party,106.0,0,0,08,2017-08-12,0,3,2.0,0,1,1,5,Guest_3617,Expected
City Hotel,0,129,32,8,2,5,2,0.0,0,SC,Online TA,TA/TO,0,0,0,0,0,Transient,125.0,0,1,08,2017-08-08,0,7,2.0,0,1,1,1,Guest_3618,Expected
City Hotel,0,129,32,8,2,5,2,0.0,0,SC,Online TA,TA/TO,0,0,0,0,0,Transient,125.0,0,1,08,2017-08-08,0,7,2.0,0,1,1,1,Guest_3619,Expected
City Hotel,0,168,33,13,2,0,2,0.0,0,BB,Online TA,TA/TO,0,0,0,0,0,Transient,130.5,0,0,08,2017-08-13,0,2,2.0,0,1,1,6,Guest_3620,Expected
City Hotel,0,113,32,10,2,3,2,0.0,0,SC,Direct,Direct,0,0,0,0,0,Transient,125.0,0,0,08,2017-08-10,0,5,2.0,0,1,1,3,Guest_3621,Expected
City Hotel,0,504,32,12,2,1,2,0.0,0,BB,Offline TA/TO,TA/TO,0,0,0,0,0,Transient-Party,112.67,0,1,08,2017-08-12,0,3,2.0,0,1,1,5,Guest_3622,Expected
City Hotel,0,181,32,11,2,2,2,0.0,0,BB,Online TA,TA/TO,0,0,0,0,0,Transient,100.48,0,0,08,2017-08-11,0,4,2.0,0,1,1,4,Guest_3623,Expected
City Hotel,0,504,32,12,2,1,2,0.0,0,BB,Offline TA/TO,TA/TO,0,0,0,0,0,Transient-Party,112.67,0,1,08,2017-08-12,0,3,2.0,0,1,1,5,Guest_3624,Expected
City Hotel,0,141,32,12,2,1,2,0.0,0,BB,Offline TA/TO,TA/TO,0,0,0,0,0,Transient-Party,106.0,0,0,08,2017-08-12,0,3,2.0,0,1,1,5,Guest_3625,Expected
City Hotel,0,504,32,12,2,1,2,0.0,0,BB,Offline TA/TO,TA/TO,0,0,0,0,0,Transient-Party,112.67,0,1,08,2017-08-12,0,3,2.0,0,1,1,5,Guest_3626,Expected
City Hotel,0,54,33,13,2,0,3,0.0,0,SC,Online TA,TA/TO,0,0,0,0,0,Transient,152.0,0,0,08,2017-08-13,0,2,3.0,0,1,1,6,Guest_3627,Expected
City Hotel,0,1,33,14,1,0,2,0.0,0,BB,Direct,Direct,0,0,0,2,0,Transient,180.0,0,0,08,2017-08-14,1,1,2.0,0,0,0,0,Guest_3628,Expected
City Hotel,0,179,32,12,2,1,2,0.0,0,SC,Online TA,TA/TO,0,0,0,0,0,Transient,112.5,0,1,08,2017-08-12,0,3,2.0,0,1,1,5,Guest_3629,Expected
City Hotel,0,256,32,10,2,3,2,0.0,0,BB,Direct,Direct,0,0,0,4,0,Transient,86.63,0,2,08,2017-08-10,0,5,2.0,0,1,1,3,Guest_3630,Expected
City Hotel,0,21,33,13,2,0,2,0.0,0,SC,Online TA,TA/TO,0,0,0,0,0,Transient,160.0,0,2,08,2017-08-13,0,2,2.0,0,1,1,6,Guest_3631,Expected
City Hotel,0,504,32,12,2,1,2,0.0,0,BB,Offline TA/TO,TA/TO,0,0,0,0,0,Transient-Party,112.67,0,1,08,2017-08-12,0,3,2.0,0,1,1,5,Guest_3632,Expected
City Hotel,0,504,32,12,2,1,2,0.0,0,BB,Offline TA/TO,TA/TO,0,0,0,0,0,Transient-Party,112.67,0,1,08,2017-08-12,0,3,2.0,0,1,1,5,Guest_3633,Expected
City Hotel,0,122,32,11,2,2,2,0.0,0,BB,Online TA,TA/TO,0,0,0,1,0,Transient,130.5,0,1,08,2017-08-11,0,4,2.0,0,1,1,4,Guest_3634,Expected
City Hotel,0,7,33,14,1,0,2,0.0,0,SC,Online TA,TA/TO,0,0,0,0,0,Transient,180.0,0,0,08,2017-08-14,1,1,2.0,0,1,1,0,Guest_3635,Expected
City Hotel,0,146,32,12,2,1,3,0.0,0,BB,Online TA,TA/TO,0,0,0,0,0,Transient,175.5,0,2,08,2017-08-12,0,3,3.0,0,1,1,5,Guest_3636,Expected
City Hotel,0,146,32,12,2,1,3,0.0,0,BB,Online TA,TA/TO,0,0,0,0,0,Transient,175.5,0,2,08,2017-08-12,0,3,3.0,0,1,1,5,Guest_3637,Expected
City Hotel,0,504,32,12,2,1,2,0.0,0,BB,Offline TA/TO,TA/TO,0,0,0,0,0,Transient-Party,112.67,0,1,08,2017-08-12,0,3,2.0,0,1,1,5,Guest_3638,Expected
City Hotel,0,150,33,14,1,0,2,0.0,0,SC,Online TA,TA/TO,0,0,0,0,0,Transient,112.5,0,0,08,2017-08-14,0,1,2.0,0,1,1,0,Guest_3639,Expected
City Hotel,0,225,32,11,2,2,2,0.0,0,BB,Online TA,TA/TO,0,0,0,0,0,Transient,130.5,0,2,08,2017-08-11,0,4,2.0,0,1,1,4,Guest_3640,Expected
City Hotel,0,88,33,13,2,5,1,2.0,0,BB,Online TA,TA/TO,0,0,0,3,0,Transient,172.29,0,1,08,2017-08-13,0,7,3.0,0,1,1,6,Guest_3641,Expected
City Hotel,0,37,33,13,2,0,2,0.0,0,BB,Online TA,TA/TO,0,0,0,0,0,Transient,136.0,0,1,08,2017-08-13,0,2,2.0,0,1,1,6,Guest_3642,Expected
City Hotel,0,87,32,12,2,1,2,0.0,0,BB,Online TA,TA/TO,0,0,0,1,0,Transient,130.0,0,3,08,2017-08-12,0,3,2.0,0,1,1,5,Guest_3643,Expected
City Hotel,0,87,32,12,2,1,2,0.0,0,BB,Online TA,TA/TO,0,0,0,0,0,Transient,160.0,0,2,08,2017-08-12,0,3,2.0,0,1,1,5,Guest_3644,Expected
City Hotel,0,504,32,12,2,1,2,0.0,0,BB,Offline TA/TO,TA/TO,0,0,0,0,0,Transient-Party,112.67,0,1,08,2017-08-12,0,3,2.0,0,1,1,5,Guest_3645,Expected
City Hotel,0,156,32,12,2,1,2,1.0,0,BB,Online TA,TA/TO,0,0,0,0,0,Transient,104.4,0,0,08,2017-08-12,0,3,3.0,0,1,0,5,Guest_3646,Expected
City Hotel,0,504,32,12,2,1,2,0.0,0,BB,Offline TA/TO,TA/TO,0,0,0,0,0,Transient-Party,112.67,0,1,08,2017-08-12,1,3,2.0,0,1,1,5,Guest_3647,Expected
City Hotel,0,265,32,12,2,1,2,1.0,0,BB,Online TA,TA/TO,0,0,0,0,0,Transient,125.1,0,2,08,2017-08-12,0,3,3.0,0,1,1,5,Guest_3648,Expected
City Hotel,0,265,32,12,2,1,2,0.0,0,SC,Online TA,TA/TO,0,0,0,0,0,Transient,89.1,0,2,08,2017-08-12,0,3,2.0,0,1,1,5,Guest_3649,Expected
City Hotel,0,34,33,14,1,0,3,0.0,0,BB,Online TA,TA/TO,0,0,0,1,0,Transient,219.0,1,2,08,2017-08-14,0,1,3.0,0,1,1,0,Guest_3650,Expected
City Hotel,0,34,33,14,1,0,2,0.0,0,BB,Online TA,TA/TO,0,0,0,2,0,Transient,160.0,0,2,08,2017-08-14,1,1,2.0,0,1,1,0,Guest_3651,Expected
City Hotel,0,504,32,12,2,1,2,0.0,0,BB,Offline TA/TO,TA/TO,0,0,0,0,0,Transient-Party,112.67,0,1,08,2017-08-12,0,3,2.0,0,1,1,5,Guest_3652,Expected
City Hotel,0,170,32,11,2,2,2,0.0,0,BB,Online TA,TA/TO,0,0,0,4,0,Transient-Party,175.5,0,0,08,2017-08-11,0,4,2.0,0,1,1,4,Guest_3653,Expected
City Hotel,0,170,32,11,2,2,3,0.0,0,BB,Online TA,TA/TO,0,0,0,4,0,Transient-Party,148.5,1,2,08,2017-08-11,0,4,3.0,0,1,1,4,Guest_3654,Expected
City Hotel,0,1,33,13,2,0,2,0.0,0,BB,Online TA,TA/TO,0,0,0,0,0,Transient,210.0,0,2,08,2017-08-13,0,2,2.0,0,1,1,6,Guest_3655,Expected
City Hotel,0,21,33,14,1,0,2,0.0,0,HB,Online TA,TA/TO,0,0,0,2,0,Transient,218.0,0,3,08,2017-08-14,0,1,2.0,0,1,1,0,Guest_3656,Expected
City Hotel,0,195,32,12,2,1,2,1.0,0,BB,Online TA,TA/TO,0,0,0,0,0,Transient,148.5,0,1,08,2017-08-12,0,3,3.0,0,1,1,5,Guest_3657,Expected
City Hotel,0,187,32,10,2,3,2,0.0,0,BB,Offline TA/TO,TA/TO,0,0,0,0,0,Transient,80.1,0,1,08,2017-08-10,0,5,2.0,0,1,1,3,Guest_3658,Expected
City Hotel,0,504,32,12,2,1,2,0.0,0,BB,Offline TA/TO,TA/TO,0,0,0,0,0,Transient-Party,112.67,0,1,08,2017-08-12,0,3,2.0,0,1,1,5,Guest_3659,Expected
City Hotel,0,504,32,12,2,1,2,0.0,0,BB,Offline TA/TO,TA/TO,0,0,0,0,0,Transient-Party,112.67,0,1,08,2017-08-12,0,3,2.0,0,1,1,5,Guest_3660,Expected
City Hotel,0,504,32,12,2,1,2,0.0,0,BB,Offline TA/TO,TA/TO,0,0,0,0,0,Transient-Party,112.67,0,1,08,2017-08-12,0,3,2.0,0,1,1,5,Guest_3661,Expected
City Hotel,0,504,32,12,2,1,2,0.0,0,BB,Offline TA/TO,TA/TO,0,0,0,0,0,Transient-Party,112.67,0,1,08,2017-08-12,0,3,2.0,0,1,1,5,Guest_3662,Expected
City Hotel,0,215,32,12,2,1,2,2.0,0,BB,Online TA,TA/TO,0,0,0,0,0,Transient,202.5,0,0,08,2017-08-12,0,3,4.0,0,1,1,5,Guest_3663,Expected
City Hotel,0,504,32,12,2,1,2,0.0,0,BB,Offline TA/TO,TA/TO,0,0,0,0,0,Transient-Party,112.67,0,1,08,2017-08-12,0,3,2.0,0,1,1,5,Guest_3664,Expected
City Hotel,0,9,32,12,2,1,2,0.0,0,SC,Online TA,TA/TO,0,0,0,2,0,Transient-Party,166.67,0,0,08,2017-08-12,0,3,2.0,0,1,1,5,Guest_3665,Expected
City Hotel,0,91,33,13,2,0,2,0.0,0,BB,Direct,Direct,0,0,0,0,0,Transient,112.5,0,0,08,2017-08-13,0,2,2.0,0,1,1,6,Guest_3666,Expected
City Hotel,0,150,32,8,2,5,2,1.0,0,BB,Online TA,TA/TO,0,0,0,0,0,Transient,148.5,0,2,08,2017-08-08,0,7,3.0,0,1,1,1,Guest_3667,Expected
City Hotel,0,87,32,8,2,5,2,0.0,0,BB,Online TA,TA/TO,0,0,0,0,0,Transient,155.0,0,1,08,2017-08-08,0,7,2.0,0,1,1,1,Guest_3668,Expected
City Hotel,0,504,32,12,2,1,2,0.0,0,BB,Offline TA/TO,TA/TO,0,0,0,0,0,Transient-Party,112.67,0,1,08,2017-08-12,0,3,2.0,0,1,1,5,Guest_3669,Expected
City Hotel,0,200,32,11,2,2,2,0.0,0,BB,Online TA,TA/TO,0,0,0,0,0,Transient,100.48,0,0,08,2017-08-11,0,4,2.0,0,1,1,4,Guest_3670,Expected
City Hotel,0,23,32,12,2,1,2,0.0,0,BB,Online TA,TA/TO,0,0,0,0,0,Transient,190.0,0,0,08,2017-08-12,1,3,2.0,0,1,1,5,Guest_3671,Expected
City Hotel,0,54,32,11,2,2,3,0.0,0,BB,Online TA,TA/TO,0,0,0,0,0,Transient,210.0,0,1,08,2017-08-11,0,4,3.0,0,1,1,4,Guest_3672,Expected
City Hotel,0,145,32,12,2,1,2,0.0,0,SC,Online TA,TA/TO,0,0,0,1,0,Transient-Party,129.83,1,0,08,2017-08-12,0,3,2.0,0,1,1,5,Guest_3673,Expected
City Hotel,0,145,32,12,2,1,3,0.0,0,BB,Online TA,TA/TO,0,0,0,1,0,Transient-Party,175.5,0,0,08,2017-08-12,0,3,3.0,0,1,1,5,Guest_3674,Expected
City Hotel,0,104,32,12,2,1,2,0.0,0,SC,Online TA,TA/TO,0,0,0,0,0,Transient,125.0,0,0,08,2017-08-12,0,3,2.0,0,1,1,5,Guest_3675,Expected
City Hotel,0,104,32,12,2,1,2,0.0,0,SC,Online TA,TA/TO,0,0,0,0,0,Transient,125.0,0,0,08,2017-08-12,0,3,2.0,0,1,1,5,Guest_3676,Expected
City Hotel,0,504,32,12,2,1,2,0.0,0,BB,Offline TA/TO,TA/TO,0,0,0,0,0,Transient-Party,112.67,0,1,08,2017-08-12,0,3,2.0,0,1,1,5,Guest_3677,Expected
City Hotel,0,504,32,12,2,1,1,0.0,0,BB,Offline TA/TO,TA/TO,0,0,0,3,0,Transient-Party,0.0,0,0,08,2017-08-12,0,3,1.0,1,1,0,5,Guest_3678,Expected
City Hotel,0,1,33,14,1,0,2,0.0,0,SC,Online TA,TA/TO,0,0,0,0,0,Transient,144.0,0,1,08,2017-08-14,0,1,2.0,0,1,0,0,Guest_3679,Expected
City Hotel,0,504,32,12,2,1,2,0.0,0,BB,Offline TA/TO,TA/TO,0,0,0,0,0,Transient-Party,112.67,0,1,08,2017-08-12,0,3,2.0,0,1,1,5,Guest_3680,Expected
City Hotel,0,1,32,12,2,1,2,0.0,0,SC,Online TA,TA/TO,0,0,0,0,0,Transient,126.19,0,0,08,2017-08-12,0,3,2.0,0,1,0,5,Guest_3681,Expected
City Hotel,0,4,32,12,2,1,3,0.0,0,BB,Direct,Direct,0,0,0,0,0,Transient,233.33,0,0,08,2017-08-12,0,3,3.0,0,1,0,5,Guest_3682,Expected
City Hotel,0,176,32,10,2,3,2,0.0,0,BB,Offline TA/TO,TA/TO,0,0,0,0,0,Transient,103.5,0,0,08,2017-08-10,0,5,2.0,0,1,1,3,Guest_3683,Expected
City Hotel,0,7,32,12,2,1,2,0.0,0,SC,Online TA,TA/TO,0,0,0,0,0,Transient,180.0,0,1,08,2017-08-12,0,3,2.0,0,1,1,5,Guest_3684,Expected
City Hotel,0,107,32,11,2,2,2,0.0,0,BB,Online TA,TA/TO,0,0,0,0,0,Transient,185.0,0,2,08,2017-08-11,0,4,2.0,0,1,1,4,Guest_3685,Expected
City Hotel,0,140,33,15,0,1,2,0.0,0,SC,Offline TA/TO,TA/TO,0,0,0,0,0,Transient,71.1,0,0,08,2017-08-15,0,1,2.0,0,1,1,1,Guest_3686,Expected
City Hotel,0,209,32,12,2,2,1,0.0,0,BB,Online TA,TA/TO,0,0,0,1,0,Transient,121.5,0,1,08,2017-08-12,0,4,1.0,0,1,1,5,Guest_3687,Expected
City Hotel,0,6,33,13,2,1,2,0.0,1,BB,Direct,Direct,0,0,0,0,0,Transient,210.0,0,3,08,2017-08-13,0,3,3.0,0,1,1,6,Guest_3688,Expected
City Hotel,0,209,32,12,2,2,2,2.0,0,BB,Online TA,TA/TO,0,0,0,3,0,Transient,202.5,0,1,08,2017-08-12,0,4,4.0,0,1,0,5,Guest_3689,Expected
City Hotel,0,127,33,14,1,1,2,2.0,0,BB,Online TA,TA/TO,0,0,0,0,0,Transient,300.0,0,1,08,2017-08-14,0,2,4.0,0,1,1,0,Guest_3690,Expected
City Hotel,0,156,32,11,2,3,3,0.0,0,BB,Online TA,TA/TO,0,0,0,0,0,Transient,175.5,0,3,08,2017-08-11,0,5,3.0,0,1,1,4,Guest_3691,Expected
City Hotel,0,224,33,14,1,1,2,0.0,0,SC,Online TA,TA/TO,0,0,0,0,0,Transient,117.0,0,1,08,2017-08-14,1,2,2.0,0,1,1,0,Guest_3692,Expected
City Hotel,0,79,32,12,2,2,3,0.0,0,BB,Direct,Direct,0,0,0,0,0,Transient,195.0,0,1,08,2017-08-12,0,4,3.0,0,1,1,5,Guest_3693,Expected
City Hotel,0,102,33,15,0,1,2,0.0,0,SC,Online TA,TA/TO,0,0,0,0,0,Transient,125.0,0,1,08,2017-08-15,0,1,2.0,0,1,1,1,Guest_3694,Expected
City Hotel,0,102,33,15,0,1,2,0.0,0,SC,Online TA,TA/TO,0,0,0,0,0,Transient,125.0,0,1,08,2017-08-15,0,1,2.0,0,1,1,1,Guest_3695,Expected
City Hotel,0,214,32,12,2,2,2,0.0,0,BB,Offline TA/TO,TA/TO,0,0,0,0,0,Transient,89.0,0,0,08,2017-08-12,0,4,2.0,0,1,0,5,Guest_3696,Expected
City Hotel,0,167,33,14,1,1,3,0.0,0,BB,Online TA,TA/TO,0,0,0,1,0,Transient,184.5,0,1,08,2017-08-14,0,2,3.0,0,1,1,0,Guest_3697,Expected
City Hotel,0,234,32,12,2,2,2,0.0,0,BB,Direct,Direct,0,0,0,0,0,Transient,109.38,0,3,08,2017-08-12,0,4,2.0,0,1,1,5,Guest_3698,Expected
City Hotel,0,161,32,9,2,5,2,0.0,0,HB,Direct,Direct,0,0,0,1,0,Transient,148.5,0,0,08,2017-08-09,0,7,2.0,0,1,1,2,Guest_3699,Expected
City Hotel,0,262,33,13,2,1,2,2.0,0,BB,Online TA,TA/TO,0,0,0,0,0,Transient,179.1,0,0,08,2017-08-13,0,3,4.0,0,1,1,6,Guest_3700,Expected
City Hotel,0,3,32,6,4,6,2,0.0,0,BB,Offline TA/TO,TA/TO,0,0,0,1,0,Group,89.0,0,0,08,2017-08-06,0,10,2.0,0,1,1,6,Guest_3701,Expected
City Hotel,0,103,32,12,2,2,2,0.0,0,SC,Online TA,TA/TO,0,0,0,0,0,Transient,125.0,0,1,08,2017-08-12,0,4,2.0,0,1,1,5,Guest_3702,Expected
City Hotel,0,77,33,13,2,1,2,1.0,0,BB,Direct,Direct,0,0,0,0,0,Transient,175.0,0,0,08,2017-08-13,0,3,3.0,0,1,1,6,Guest_3703,Expected
City Hotel,0,201,32,10,2,4,2,0.0,0,SC,Online TA,TA/TO,0,0,0,0,0,Transient,82.3,0,1,08,2017-08-10,0,6,2.0,0,1,1,3,Guest_3704,Expected
City Hotel,0,103,32,7,3,6,2,2.0,0,BB,Direct,Direct,0,0,0,0,0,Transient,200.0,0,1,08,2017-08-07,0,9,4.0,0,1,1,0,Guest_3705,Expected
City Hotel,0,274,33,14,1,1,2,0.0,0,SC,Online TA,TA/TO,0,0,0,0,0,Transient,89.1,0,1,08,2017-08-14,0,2,2.0,0,1,1,0,Guest_3706,Expected
City Hotel,0,45,33,13,2,1,2,1.0,0,BB,Online TA,TA/TO,0,0,0,0,0,Transient,180.0,0,2,08,2017-08-13,0,3,3.0,0,1,1,6,Guest_3707,Expected
City Hotel,0,157,32,10,2,4,2,0.0,0,BB,Online TA,TA/TO,0,0,0,1,0,Transient,175.5,0,0,08,2017-08-10,0,6,2.0,0,1,1,3,Guest_3708,Expected
City Hotel,0,171,33,14,1,1,3,0.0,0,BB,Online TA,TA/TO,0,0,0,1,0,Transient,184.5,1,1,08,2017-08-14,0,2,3.0,0,1,1,0,Guest_3709,Expected
City Hotel,0,171,33,14,1,1,2,0.0,0,BB,Online TA,TA/TO,0,0,0,1,0,Transient,139.5,1,0,08,2017-08-14,0,2,2.0,0,1,1,0,Guest_3710,Expected
City Hotel,0,165,32,12,2,2,2,0.0,0,BB,Direct,Direct,0,0,0,0,0,Transient-Party,146.25,0,0,08,2017-08-12,1,4,2.0,0,1,1,5,Guest_3711,Expected
City Hotel,0,89,32,12,2,2,3,0.0,0,BB,Online TA,TA/TO,0,0,0,5,0,Transient,195.0,0,2,08,2017-08-12,1,4,3.0,0,1,1,5,Guest_3712,Expected
City Hotel,0,46,32,12,2,2,2,0.0,0,BB,Online TA,TA/TO,0,0,0,0,0,Transient,160.0,0,1,08,2017-08-12,0,4,2.0,0,1,1,5,Guest_3713,Expected
City Hotel,0,182,33,14,1,1,3,0.0,0,BB,Online TA,TA/TO,0,0,0,0,0,Transient,175.5,0,0,08,2017-08-14,0,2,3.0,0,1,1,0,Guest_3714,Expected
City Hotel,0,209,32,11,2,3,2,2.0,0,BB,Direct,Direct,0,0,0,1,0,Transient,198.0,0,1,08,2017-08-11,0,5,4.0,0,1,1,4,Guest_3715,Expected
City Hotel,0,5,33,14,1,1,2,1.0,0,BB,Online TA,TA/TO,0,0,0,0,0,Transient,220.0,0,2,08,2017-08-14,1,2,3.0,0,1,1,0,Guest_3716,Expected
City Hotel,0,305,33,13,2,1,2,1.0,0,BB,Online TA,TA/TO,0,0,0,1,0,Transient,124.5,0,2,08,2017-08-13,1,3,3.0,0,1,1,6,Guest_3717,Expected
City Hotel,0,1,33,15,0,1,2,0.0,0,BB,Online TA,TA/TO,0,0,0,0,0,Transient,200.0,0,0,08,2017-08-15,0,1,2.0,0,1,1,1,Guest_3718,Expected
City Hotel,0,139,32,9,2,5,2,0.0,0,BB,Online TA,TA/TO,0,0,0,0,0,Transient,111.6,0,0,08,2017-08-09,0,7,2.0,0,1,1,2,Guest_3719,Expected
City Hotel,0,139,32,9,2,5,2,0.0,0,BB,Online TA,TA/TO,0,0,0,0,0,Transient,111.6,0,0,08,2017-08-09,0,7,2.0,0,1,1,2,Guest_3720,Expected
City Hotel,0,4,33,13,2,1,2,0.0,0,BB,Online TA,TA/TO,0,0,0,0,0,Transient,200.0,0,1,08,2017-08-13,0,3,2.0,0,1,1,6,Guest_3721,Expected
City Hotel,0,4,33,15,0,1,2,2.0,0,BB,Online TA,TA/TO,0,0,0,0,0,Transient,290.0,0,0,08,2017-08-15,0,1,4.0,0,1,1,1,Guest_3722,Expected
City Hotel,0,203,32,7,3,6,2,0.0,0,HB,Offline TA/TO,TA/TO,0,0,0,0,0,Transient,80.1,0,0,08,2017-08-07,0,9,2.0,0,1,1,0,Guest_3723,Expected
City Hotel,0,156,32,10,2,4,2,0.0,0,BB,Offline TA/TO,TA/TO,0,0,0,0,0,Transient,91.75,0,1,08,2017-08-10,1,6,2.0,0,1,1,3,Guest_3724,Expected
City Hotel,0,126,32,12,2,2,2,2.0,0,HB,Online TA,TA/TO,0,0,0,1,0,Transient,198.44,0,0,08,2017-08-12,0,4,4.0,0,1,1,5,Guest_3725,Expected
City Hotel,0,3,33,13,2,1,1,0.0,0,SC,Online TA,TA/TO,0,0,0,0,0,Transient,180.0,0,1,08,2017-08-13,0,3,1.0,0,1,1,6,Guest_3726,Expected
City Hotel,0,210,33,13,2,1,2,2.0,0,BB,Online TA,TA/TO,0,0,0,0,0,Transient,211.5,0,0,08,2017-08-13,0,3,4.0,0,1,1,6,Guest_3727,Expected
City Hotel,0,50,33,14,1,1,2,0.0,0,BB,Online TA,TA/TO,0,0,0,0,0,Transient,160.0,0,1,08,2017-08-14,0,2,2.0,0,1,1,0,Guest_3728,Expected
City Hotel,0,173,32,10,2,4,2,0.0,0,HB,Online TA,TA/TO,0,0,0,0,0,Transient,173.7,0,1,08,2017-08-10,0,6,2.0,0,1,1,3,Guest_3729,Expected
City Hotel,0,0,33,15,0,1,2,0.0,0,BB,Online TA,TA/TO,0,0,0,0,0,Transient-Party,219.0,0,0,08,2017-08-15,0,1,2.0,0,1,0,1,Guest_3730,Expected
City Hotel,0,0,33,15,0,1,2,1.0,0,BB,Online TA,TA/TO,0,0,0,0,0,Transient-Party,199.0,0,0,08,2017-08-15,0,1,3.0,0,1,0,1,Guest_3731,Expected
City Hotel,0,222,32,11,2,3,2,2.0,0,BB,Online TA,TA/TO,0,0,0,0,0,Transient,202.5,0,0,08,2017-08-11,0,5,4.0,0,1,1,4,Guest_3732,Expected
City Hotel,0,89,32,12,2,2,2,0.0,0,SC,Online TA,TA/TO,0,0,0,5,0,Transient,125.0,0,2,08,2017-08-12,1,4,2.0,0,1,1,5,Guest_3733,Expected
City Hotel,0,173,32,10,2,4,2,0.0,0,HB,Online TA,TA/TO,0,0,0,0,0,Transient,173.7,0,1,08,2017-08-10,0,6,2.0,0,1,1,3,Guest_3734,Expected
City Hotel,0,170,33,15,0,1,2,0.0,0,BB,Online TA,TA/TO,0,0,0,0,0,Transient,139.5,1,1,08,2017-08-15,0,1,2.0,0,1,1,1,Guest_3735,Expected
City Hotel,0,10,32,12,2,2,0,3.0,0,BB,Direct,Direct,0,0,0,1,0,Transient-Party,6.0,0,1,08,2017-08-12,1,4,3.0,0,0,1,5,Guest_3736,Expected
City Hotel,0,10,32,12,2,2,2,0.0,0,BB,Direct,Direct,0,0,0,1,0,Transient-Party,99.0,0,0,08,2017-08-12,1,4,2.0,0,0,1,5,Guest_3737,Expected
City Hotel,0,58,33,15,0,1,2,1.0,0,BB,Online TA,TA/TO,0,0,0,0,0,Transient,180.0,0,1,08,2017-08-15,1,1,3.0,0,1,0,1,Guest_3738,Expected
City Hotel,0,154,32,9,2,5,2,0.0,0,SC,Online TA,TA/TO,0,0,0,0,0,Transient,121.43,0,0,08,2017-08-09,0,7,2.0,0,1,1,2,Guest_3739,Expected
City Hotel,0,170,33,15,0,1,2,0.0,0,BB,Online TA,TA/TO,0,0,0,0,0,Transient,130.5,0,1,08,2017-08-15,0,1,2.0,0,1,1,1,Guest_3740,Expected
City Hotel,0,72,33,13,2,1,2,0.0,0,BB,Online TA,TA/TO,0,0,0,0,0,Transient,160.0,0,1,08,2017-08-13,0,3,2.0,0,1,1,6,Guest_3741,Expected
City Hotel,0,9,33,13,2,1,2,0.0,0,BB,Offline TA/TO,TA/TO,0,0,0,0,0,Transient,99.0,0,2,08,2017-08-13,0,3,2.0,0,1,1,6,Guest_3742,Expected
City Hotel,0,166,33,14,1,1,2,1.0,0,BB,Online TA,TA/TO,0,0,0,0,0,Transient,148.5,0,1,08,2017-08-14,0,2,3.0,0,1,1,0,Guest_3743,Expected
City Hotel,0,166,32,12,2,2,2,0.0,0,BB,Direct,Direct,0,0,0,1,0,Transient-Party,146.25,0,0,08,2017-08-12,1,4,2.0,0,1,1,5,Guest_3744,Expected
City Hotel,0,113,33,13,2,2,2,0.0,0,SC,Online TA,TA/TO,0,0,0,0,0,Transient,125.0,0,1,08,2017-08-13,0,4,2.0,0,1,1,6,Guest_3745,Expected
City Hotel,0,66,33,13,2,2,2,0.0,0,BB,Online TA,TA/TO,0,0,0,0,0,Transient,160.0,0,1,08,2017-08-13,0,4,2.0,0,1,1,6,Guest_3746,Expected
City Hotel,0,180,32,9,2,6,2,0.0,0,SC,Online TA,TA/TO,0,0,0,0,0,Transient,112.5,0,1,08,2017-08-09,0,8,2.0,0,1,1,2,Guest_3747,Expected
City Hotel,0,278,33,13,2,2,2,0.0,0,SC,Online TA,TA/TO,0,0,0,0,0,Transient,89.1,0,1,08,2017-08-13,0,4,2.0,0,1,1,6,Guest_3748,Expected
City Hotel,0,93,33,13,2,2,2,0.0,0,BB,Online TA,TA/TO,0,0,0,0,0,Transient,145.0,0,0,08,2017-08-13,0,4,2.0,0,1,1,6,Guest_3749,Expected
City Hotel,0,87,33,13,2,2,3,0.0,0,BB,Online TA,TA/TO,0,0,0,0,0,Transient,200.0,0,2,08,2017-08-13,0,4,3.0,0,1,1,6,Guest_3750,Expected
City Hotel,0,53,33,15,0,2,2,0.0,0,BB,Online TA,TA/TO,0,0,0,0,0,Transient,160.0,0,1,08,2017-08-15,0,2,2.0,0,1,0,1,Guest_3751,Expected
City Hotel,0,34,33,16,0,1,3,0.0,0,BB,Online TA,TA/TO,0,0,0,1,0,Transient,239.0,1,1,08,2017-08-16,0,1,3.0,0,1,1,2,Guest_3752,Expected
City Hotel,0,34,33,16,0,1,2,0.0,0,SC,Online TA,TA/TO,0,0,0,1,0,Transient,160.0,0,1,08,2017-08-16,0,1,2.0,0,1,1,2,Guest_3753,Expected
City Hotel,0,196,33,14,1,2,2,0.0,0,SC,Offline TA/TO,TA/TO,0,0,0,0,0,Transient,71.1,0,0,08,2017-08-14,0,3,2.0,0,1,1,0,Guest_3754,Expected
City Hotel,0,29,33,15,0,2,2,0.0,0,BB,Direct,Direct,0,0,0,0,0,Transient-Party,80.0,0,1,08,2017-08-15,0,2,2.0,0,0,0,1,Guest_3755,Expected
City Hotel,0,113,33,13,2,2,2,0.0,0,BB,Online TA,TA/TO,0,0,0,0,0,Transient,164.0,1,1,08,2017-08-13,0,4,2.0,0,1,1,6,Guest_3756,Expected
City Hotel,0,0,33,16,0,1,2,0.0,0,BB,Direct,Direct,0,0,0,0,0,Transient,139.0,0,0,08,2017-08-16,0,1,2.0,0,0,0,2,Guest_3757,Expected
City Hotel,0,28,33,14,1,2,2,0.0,0,SC,Online TA,TA/TO,0,0,0,0,0,Transient,160.0,0,0,08,2017-08-14,0,3,2.0,0,1,1,0,Guest_3758,Expected
City Hotel,0,111,33,14,1,2,3,0.0,0,BB,Online TA,TA/TO,0,0,0,0,0,Transient,225.0,0,2,08,2017-08-14,0,3,3.0,0,1,1,0,Guest_3759,Expected
City Hotel,0,97,33,15,0,2,2,0.0,0,SC,Online TA,TA/TO,0,0,0,0,0,Transient,125.0,0,1,08,2017-08-15,0,2,2.0,0,1,1,1,Guest_3760,Expected
City Hotel,0,28,33,16,0,1,1,0.0,0,BB,Corporate,Corporate,0,0,0,0,0,Transient,65.0,0,0,08,2017-08-16,0,1,1.0,0,0,0,2,Guest_3761,Expected
City Hotel,0,172,32,12,2,3,2,0.0,0,BB,Online TA,TA/TO,0,0,0,0,0,Transient,130.5,0,1,08,2017-08-12,0,5,2.0,0,1,1,5,Guest_3762,Expected
City Hotel,0,63,33,15,0,2,2,0.0,0,BB,Online TA,TA/TO,0,0,0,0,0,Transient,89.1,0,2,08,2017-08-15,0,2,2.0,0,1,1,1,Guest_3763,Expected
City Hotel,0,62,33,15,0,2,2,0.0,0,BB,Direct,Direct,0,0,0,0,0,Transient,126.0,0,3,08,2017-08-15,0,2,2.0,0,1,1,1,Guest_3764,Expected
City Hotel,0,119,33,14,1,2,2,2.0,0,BB,Online TA,TA/TO,0,0,0,0,0,Transient,244.0,0,0,08,2017-08-14,0,3,4.0,0,1,1,0,Guest_3765,Expected
City Hotel,0,141,33,15,0,2,2,0.0,0,BB,Offline TA/TO,TA/TO,0,0,0,0,0,Transient,80.1,0,2,08,2017-08-15,0,2,2.0,0,1,1,1,Guest_3766,Expected
City Hotel,0,141,33,15,0,2,2,0.0,0,BB,Offline TA/TO,TA/TO,0,0,0,0,0,Transient,80.1,0,0,08,2017-08-15,0,2,2.0,0,1,1,1,Guest_3767,Expected
City Hotel,0,83,33,13,2,2,2,0.0,0,BB,Online TA,TA/TO,0,0,0,0,0,Transient,150.0,0,1,08,2017-08-13,0,4,2.0,0,1,1,6,Guest_3768,Expected
City Hotel,0,71,33,14,1,2,1,0.0,0,BB,Online TA,TA/TO,0,0,0,0,0,Transient,125.46,0,1,08,2017-08-14,0,3,1.0,0,1,1,0,Guest_3769,Expected
City Hotel,0,209,33,14,1,2,2,0.0,0,HB,Direct,Direct,0,0,0,1,0,Transient,188.0,0,1,08,2017-08-14,0,3,2.0,0,1,1,0,Guest_3770,Expected
City Hotel,0,208,33,14,1,2,2,2.0,0,HB,Direct,Direct,0,0,0,0,0,Transient,249.0,0,0,08,2017-08-14,0,3,4.0,0,1,1,0,Guest_3771,Expected
City Hotel,0,171,32,12,2,3,2,0.0,0,BB,Online TA,TA/TO,0,0,0,0,0,Transient,130.5,0,3,08,2017-08-12,0,5,2.0,0,1,1,5,Guest_3772,Expected
City Hotel,0,83,33,14,1,2,2,1.0,0,BB,Direct,Direct,0,0,0,1,0,Transient,135.0,0,3,08,2017-08-14,0,3,3.0,0,0,1,0,Guest_3773,Expected
City Hotel,0,72,33,16,0,1,3,0.0,0,HB,Online TA,TA/TO,0,0,0,0,0,Transient,267.0,0,3,08,2017-08-16,0,1,3.0,0,1,1,2,Guest_3774,Expected
City Hotel,0,192,33,13,2,2,2,1.0,0,BB,Online TA,TA/TO,0,0,0,0,0,Transient,157.5,0,2,08,2017-08-13,0,4,3.0,0,1,1,6,Guest_3775,Expected
City Hotel,0,75,33,16,0,1,3,0.0,0,BB,Online TA,TA/TO,0,0,0,0,0,Transient,200.0,0,1,08,2017-08-16,0,1,3.0,0,1,1,2,Guest_3776,Expected
City Hotel,0,190,32,12,2,3,2,3.0,0,BB,Online TA,TA/TO,0,0,0,0,0,Transient,326.5,0,2,08,2017-08-12,0,5,5.0,0,1,0,5,Guest_3777,Expected
City Hotel,0,71,33,13,2,2,2,0.0,0,SC,Online TA,TA/TO,0,0,0,0,0,Transient,140.0,0,1,08,2017-08-13,0,4,2.0,0,1,1,6,Guest_3778,Expected
City Hotel,0,27,33,14,1,2,2,0.0,0,SC,Online TA,TA/TO,0,0,0,0,0,Transient,160.0,0,3,08,2017-08-14,0,3,2.0,0,1,1,0,Guest_3779,Expected
City Hotel,0,48,33,15,0,2,2,1.0,0,BB,Online TA,TA/TO,0,0,0,0,0,Transient,180.0,0,3,08,2017-08-15,0,2,3.0,0,1,1,1,Guest_3780,Expected
City Hotel,0,0,33,16,0,1,2,2.0,0,BB,Direct,Direct,0,0,0,0,0,Transient,259.0,0,1,08,2017-08-16,0,1,4.0,0,0,1,2,Guest_3781,Expected
City Hotel,0,25,33,14,1,2,2,0.0,0,SC,Online TA,TA/TO,0,0,0,0,0,Transient,169.0,0,1,08,2017-08-14,0,3,2.0,0,1,1,0,Guest_3782,Expected
City Hotel,0,45,33,16,0,1,2,2.0,0,BB,Online TA,TA/TO,0,0,0,0,0,Transient,259.0,0,0,08,2017-08-16,0,1,4.0,0,1,1,2,Guest_3783,Expected
City Hotel,0,0,33,16,0,1,2,0.0,0,SC,Direct,Direct,0,0,0,0,0,Transient,139.0,0,0,08,2017-08-16,0,1,2.0,0,1,0,2,Guest_3784,Expected
City Hotel,0,75,33,15,0,2,1,0.0,0,SC,Online TA,TA/TO,0,0,0,1,0,Transient,130.0,0,1,08,2017-08-15,0,2,1.0,0,1,1,1,Guest_3785,Expected
City Hotel,0,47,33,16,0,1,1,2.0,0,BB,Direct,Direct,0,0,0,1,0,Transient,145.0,0,0,08,2017-08-16,1,1,3.0,0,1,1,2,Guest_3786,Expected
City Hotel,0,46,33,16,0,1,2,0.0,0,BB,Direct,Direct,0,0,0,0,0,Transient,154.0,0,1,08,2017-08-16,1,1,2.0,0,1,0,2,Guest_3787,Expected
City Hotel,0,190,32,12,2,3,2,3.0,0,BB,Online TA,TA/TO,0,0,0,0,0,Transient,326.5,0,2,08,2017-08-12,0,5,5.0,0,1,1,5,Guest_3788,Expected
City Hotel,0,173,33,14,1,2,2,0.0,0,BB,Direct,Direct,0,0,0,0,0,Transient,112.5,0,1,08,2017-08-14,0,3,2.0,0,1,1,0,Guest_3789,Expected
City Hotel,0,173,33,14,1,2,2,0.0,0,BB,Direct,Direct,0,0,0,0,0,Transient,112.5,0,1,08,2017-08-14,0,3,2.0,0,1,1,0,Guest_3790,Expected
City Hotel,0,173,33,14,1,2,2,0.0,0,BB,Direct,Direct,0,0,0,0,0,Transient,112.5,0,1,08,2017-08-14,0,3,2.0,0,1,1,0,Guest_3791,Expected
City Hotel,0,173,33,14,1,2,2,0.0,0,BB,Direct,Direct,0,0,0,0,0,Transient,112.5,0,1,08,2017-08-14,0,3,2.0,0,1,1,0,Guest_3792,Expected
City Hotel,0,288,33,17,1,3,2,1.0,1,HB,Direct,Direct,0,0,0,3,0,Transient,44.0,0,3,08,2017-08-17,0,4,4.0,0,1,1,3,Guest_3793,Expected
City Hotel,0,223,32,8,2,7,2,0.0,0,BB,Online TA,TA/TO,0,0,0,2,0,Transient,132.11,0,1,08,2017-08-08,0,9,2.0,0,1,1,1,Guest_3794,Expected
City Hotel,0,47,33,14,1,2,2,0.0,0,BB,Online TA,TA/TO,0,0,0,0,0,Transient,160.0,0,1,08,2017-08-14,0,3,2.0,0,1,1,0,Guest_3795,Expected
City Hotel,0,140,33,13,2,2,2,0.0,0,BB,Direct,Direct,0,0,0,0,0,Transient,112.5,0,0,08,2017-08-13,0,4,2.0,0,1,1,6,Guest_3796,Expected
City Hotel,0,113,33,14,1,2,3,0.0,0,BB,Online TA,TA/TO,0,0,0,0,0,Transient,195.0,0,1,08,2017-08-14,0,3,3.0,0,1,1,0,Guest_3797,Expected
City Hotel,0,113,32,12,2,3,2,2.0,0,HB,Direct,Direct,0,0,0,0,0,Transient,240.0,1,1,08,2017-08-12,0,5,4.0,0,1,1,5,Guest_3798,Expected
City Hotel,0,48,33,15,0,2,2,1.0,0,BB,Online TA,TA/TO,0,0,0,0,0,Transient,180.0,0,3,08,2017-08-15,0,2,3.0,0,1,1,1,Guest_3799,Expected
City Hotel,0,45,33,13,2,2,2,0.0,0,BB,Online TA,TA/TO,0,0,0,0,0,Transient,109.44,0,0,08,2017-08-13,0,4,2.0,0,1,1,6,Guest_3800,Expected
City Hotel,0,208,33,14,1,2,2,2.0,1,HB,Direct,Direct,0,0,0,1,0,Transient,240.0,0,1,08,2017-08-14,0,3,5.0,0,1,1,0,Guest_3801,Expected
City Hotel,0,95,32,12,2,3,2,0.0,0,BB,Online TA,TA/TO,0,0,0,0,0,Transient-Party,155.0,0,1,08,2017-08-12,0,5,2.0,0,1,1,5,Guest_3802,Expected
City Hotel,0,71,33,14,1,2,1,0.0,0,BB,Online TA,TA/TO,0,0,0,0,0,Transient,125.46,0,1,08,2017-08-14,0,3,1.0,0,1,1,0,Guest_3803,Expected
City Hotel,0,95,32,12,2,3,2,0.0,0,BB,Online TA,TA/TO,0,0,0,0,0,Transient-Party,145.0,0,1,08,2017-08-12,0,5,2.0,0,1,1,5,Guest_3804,Expected
City Hotel,0,152,32,10,2,5,2,0.0,0,BB,Online TA,TA/TO,0,0,0,0,0,Transient,109.87,0,1,08,2017-08-10,0,7,2.0,0,1,1,3,Guest_3805,Expected
City Hotel,0,295,33,15,0,3,2,1.0,0,BB,Online TA,TA/TO,0,0,0,0,0,Transient,125.1,0,2,08,2017-08-15,0,3,3.0,0,1,1,1,Guest_3806,Expected
City Hotel,0,106,33,13,2,3,2,0.0,0,BB,Online TA,TA/TO,0,0,0,2,0,Transient,154.0,0,1,08,2017-08-13,0,5,2.0,0,1,1,6,Guest_3807,Expected
City Hotel,0,106,33,13,2,3,3,0.0,0,BB,Online TA,TA/TO,0,0,0,1,0,Transient,195.0,0,1,08,2017-08-13,0,5,3.0,0,1,1,6,Guest_3808,Expected
City Hotel,0,41,33,14,1,3,2,0.0,0,BB,Online TA,TA/TO,0,0,0,0,0,Transient,131.2,0,0,08,2017-08-14,0,4,2.0,0,1,1,0,Guest_3809,Expected
City Hotel,0,105,33,13,2,3,2,0.0,0,SC,Online TA,TA/TO,0,0,0,0,0,Transient,95.0,0,1,08,2017-08-13,0,5,2.0,0,1,1,6,Guest_3810,Expected
City Hotel,0,105,33,13,2,3,2,0.0,0,SC,Online TA,TA/TO,0,0,0,0,0,Transient,95.0,0,1,08,2017-08-13,0,5,2.0,0,1,1,6,Guest_3811,Expected
City Hotel,0,504,32,12,2,4,2,0.0,0,BB,Offline TA/TO,TA/TO,0,0,0,1,0,Transient-Party,101.33,0,1,08,2017-08-12,0,6,2.0,0,1,1,5,Guest_3812,Expected
City Hotel,0,101,33,16,0,2,3,0.0,0,BB,Online TA,TA/TO,0,0,0,0,0,Transient,225.0,0,2,08,2017-08-16,0,2,3.0,0,1,1,2,Guest_3813,Expected
City Hotel,0,186,33,15,0,3,2,1.0,0,HB,Online TA,TA/TO,0,0,0,0,0,Transient,199.8,1,3,08,2017-08-15,0,3,3.0,0,1,1,1,Guest_3814,Expected
City Hotel,0,108,33,14,1,3,2,0.0,0,BB,Online TA,TA/TO,0,0,0,0,0,Transient-Party,155.0,0,1,08,2017-08-14,0,4,2.0,0,1,1,0,Guest_3815,Expected
City Hotel,0,108,33,14,1,3,1,0.0,0,BB,Online TA,TA/TO,0,0,0,1,0,Transient-Party,155.0,0,3,08,2017-08-14,0,4,1.0,0,1,1,0,Guest_3816,Expected
City Hotel,0,91,33,17,0,1,3,0.0,0,BB,Online TA,TA/TO,0,0,0,0,0,Transient,230.0,0,2,08,2017-08-17,0,1,3.0,0,1,1,3,Guest_3817,Expected
City Hotel,0,178,32,12,2,4,2,0.0,0,BB,Online TA,TA/TO,0,0,0,0,0,Transient,130.5,0,0,08,2017-08-12,0,6,2.0,0,1,1,5,Guest_3818,Expected
City Hotel,0,178,32,12,2,4,2,0.0,0,BB,Online TA,TA/TO,0,0,0,0,0,Transient,139.5,1,0,08,2017-08-12,0,6,2.0,0,1,1,5,Guest_3819,Expected
City Hotel,0,75,33,14,1,3,2,0.0,0,SC,Online TA,TA/TO,0,0,0,0,0,Transient,130.0,0,1,08,2017-08-14,0,4,2.0,0,1,1,0,Guest_3820,Expected
City Hotel,0,78,33,16,0,2,3,0.0,0,BB,Online TA,TA/TO,0,0,0,0,0,Transient,209.0,1,2,08,2017-08-16,0,2,3.0,0,1,1,2,Guest_3821,Expected
City Hotel,0,73,33,14,1,3,3,0.0,0,BB,Online TA,TA/TO,0,0,0,0,0,Transient,200.0,0,0,08,2017-08-14,0,4,3.0,0,1,1,0,Guest_3822,Expected
City Hotel,0,51,33,14,1,3,2,1.0,0,BB,Direct,Direct,0,0,0,0,0,Transient,146.0,0,1,08,2017-08-14,0,4,3.0,0,1,1,0,Guest_3823,Expected
City Hotel,0,191,33,13,2,3,2,0.0,0,SC,Online TA,TA/TO,0,0,0,0,0,Transient,112.5,0,0,08,2017-08-13,0,5,2.0,0,1,1,6,Guest_3824,Expected
City Hotel,0,94,33,15,0,3,2,0.0,0,BB,Online TA,TA/TO,0,0,0,0,0,Transient,145.0,0,2,08,2017-08-15,0,3,2.0,0,1,1,1,Guest_3825,Expected
City Hotel,0,191,33,13,2,3,2,0.0,0,SC,Online TA,TA/TO,0,0,0,0,0,Transient,121.5,1,0,08,2017-08-13,0,5,2.0,0,1,1,6,Guest_3826,Expected
City Hotel,0,120,33,16,0,2,2,0.0,0,BB,Online TA,TA/TO,0,0,0,0,0,Transient,98.1,1,0,08,2017-08-16,0,2,2.0,0,1,1,2,Guest_3827,Expected
City Hotel,0,11,33,14,1,3,1,1.0,0,BB,Online TA,TA/TO,0,0,0,0,0,Transient,136.0,0,1,08,2017-08-14,0,4,2.0,0,1,1,0,Guest_3828,Expected
City Hotel,0,77,33,15,0,3,3,0.0,0,BB,Direct,Direct,0,0,0,0,0,Transient-Party,179.5,0,1,08,2017-08-15,0,3,3.0,0,1,1,1,Guest_3829,Expected
City Hotel,0,77,33,15,0,3,2,0.0,0,BB,Direct,Direct,0,0,0,0,0,Transient-Party,117.0,0,1,08,2017-08-15,0,3,2.0,0,1,1,1,Guest_3830,Expected
City Hotel,0,113,33,13,2,3,2,0.0,0,BB,Online TA,TA/TO,0,0,0,0,0,Transient,164.0,1,2,08,2017-08-13,0,5,2.0,0,1,1,6,Guest_3831,Expected
City Hotel,0,10,33,16,0,2,2,2.0,0,BB,Direct,Direct,0,0,0,0,0,Transient,260.0,0,1,08,2017-08-16,0,2,4.0,0,1,1,2,Guest_3832,Expected
City Hotel,0,36,33,15,0,3,3,0.0,0,BB,Online TA,TA/TO,0,0,0,0,0,Transient,219.0,0,2,08,2017-08-15,0,3,3.0,0,1,1,1,Guest_3833,Expected
City Hotel,0,124,33,15,0,3,2,1.0,0,BB,Direct,Direct,0,0,0,0,0,Transient,141.5,0,2,08,2017-08-15,1,3,3.0,0,1,1,1,Guest_3834,Expected
City Hotel,0,12,33,17,0,1,2,2.0,0,BB,Online TA,TA/TO,0,0,0,0,0,Transient,279.0,0,0,08,2017-08-17,0,1,4.0,0,1,1,3,Guest_3835,Expected
City Hotel,0,84,33,14,1,3,2,0.0,0,BB,Online TA,TA/TO,0,0,0,2,0,Transient-Party,170.0,0,0,08,2017-08-14,0,4,2.0,0,1,1,0,Guest_3836,Expected
City Hotel,0,504,32,12,2,4,2,0.0,0,BB,Offline TA/TO,TA/TO,0,0,0,1,0,Transient-Party,101.33,0,1,08,2017-08-12,0,6,2.0,0,1,1,5,Guest_3837,Expected
City Hotel,0,80,33,16,0,2,2,1.0,0,BB,Online TA,TA/TO,0,0,0,0,0,Transient,170.0,0,2,08,2017-08-16,0,2,3.0,0,1,1,2,Guest_3838,Expected
City Hotel,0,70,33,15,0,3,2,0.0,0,SC,Online TA,TA/TO,0,0,0,0,0,Transient,140.0,0,1,08,2017-08-15,0,3,2.0,0,1,1,1,Guest_3839,Expected
City Hotel,0,157,33,14,1,3,2,0.0,0,BB,Offline TA/TO,TA/TO,0,0,0,0,0,Transient,80.1,0,1,08,2017-08-14,0,4,2.0,0,1,1,0,Guest_3840,Expected
City Hotel,0,134,33,16,0,2,1,0.0,0,SC,Offline TA/TO,TA/TO,0,0,0,0,0,Transient,71.1,0,0,08,2017-08-16,0,2,1.0,0,1,1,2,Guest_3841,Expected
City Hotel,0,1,33,17,0,1,2,0.0,0,BB,Online TA,TA/TO,0,0,0,0,0,Transient,189.0,0,2,08,2017-08-17,0,1,2.0,0,1,0,3,Guest_3842,Expected
City Hotel,0,157,33,14,1,3,2,0.0,0,BB,Offline TA/TO,TA/TO,0,0,0,0,0,Transient,80.1,0,1,08,2017-08-14,0,4,2.0,0,1,1,0,Guest_3843,Expected
City Hotel,0,36,33,15,0,3,2,0.0,0,BB,Online TA,TA/TO,0,0,0,0,0,Transient,160.0,0,1,08,2017-08-15,0,3,2.0,0,1,0,1,Guest_3844,Expected
City Hotel,0,140,33,15,0,3,2,0.0,0,HB,Offline TA/TO,TA/TO,0,0,0,0,0,Transient,112.1,0,0,08,2017-08-15,0,3,2.0,0,1,1,1,Guest_3845,Expected
City Hotel,0,176,33,14,1,3,2,0.0,0,BB,Online TA,TA/TO,0,0,0,1,0,Transient,132.5,0,0,08,2017-08-14,0,4,2.0,0,1,1,0,Guest_3846,Expected
City Hotel,0,0,33,17,0,1,2,0.0,0,BB,Direct,Direct,0,0,0,0,0,Transient,190.0,0,0,08,2017-08-17,0,1,2.0,0,1,0,3,Guest_3847,Expected
City Hotel,0,176,33,14,1,3,2,0.0,0,BB,Online TA,TA/TO,0,0,0,0,0,Transient,130.5,0,0,08,2017-08-14,0,4,2.0,0,1,1,0,Guest_3848,Expected
City Hotel,0,28,33,16,0,2,1,0.0,0,SC,Offline TA/TO,TA/TO,0,0,0,0,0,Transient,103.0,0,0,08,2017-08-16,0,2,1.0,0,1,1,2,Guest_3849,Expected
City Hotel,0,77,33,14,1,3,3,0.0,0,BB,Online TA,TA/TO,0,0,0,1,0,Transient,200.0,0,2,08,2017-08-14,0,4,3.0,0,1,1,0,Guest_3850,Expected
City Hotel,0,77,33,14,1,3,2,0.0,0,BB,Online TA,TA/TO,0,0,0,1,0,Transient,150.0,0,1,08,2017-08-14,0,4,2.0,0,1,1,0,Guest_3851,Expected
City Hotel,0,191,33,15,0,3,2,0.0,0,BB,Online TA,TA/TO,0,0,0,2,0,Transient,132.5,0,0,08,2017-08-15,0,3,2.0,0,1,1,1,Guest_3852,Expected
City Hotel,0,191,33,15,0,3,3,0.0,0,BB,Online TA,TA/TO,0,0,0,1,0,Transient,175.5,0,0,08,2017-08-15,0,3,3.0,0,1,1,1,Guest_3853,Expected
City Hotel,0,46,33,16,0,2,2,0.0,0,BB,Direct,Direct,0,0,0,0,0,Transient,123.0,0,0,08,2017-08-16,1,2,2.0,0,1,0,2,Guest_3854,Expected
City Hotel,0,43,33,16,0,2,2,0.0,0,BB,Direct,Direct,0,0,0,0,0,Transient,123.0,0,0,08,2017-08-16,1,2,2.0,0,1,0,2,Guest_3855,Expected
City Hotel,0,278,33,13,2,3,2,0.0,0,SC,Online TA,TA/TO,0,0,0,2,0,Transient,93.16,0,1,08,2017-08-13,0,5,2.0,0,1,1,6,Guest_3856,Expected
City Hotel,0,174,33,14,1,3,2,0.0,0,BB,Offline TA/TO,TA/TO,0,0,0,0,0,Transient,80.1,0,1,08,2017-08-14,0,4,2.0,0,1,1,0,Guest_3857,Expected
City Hotel,0,49,33,14,1,3,2,0.0,0,BB,Online TA,TA/TO,0,0,0,0,0,Transient,160.0,0,1,08,2017-08-14,0,4,2.0,0,1,1,0,Guest_3858,Expected
City Hotel,0,96,33,16,0,2,2,1.0,0,BB,Online TA,TA/TO,0,0,0,0,0,Transient,174.0,0,1,08,2017-08-16,1,2,3.0,0,1,1,2,Guest_3859,Expected
City Hotel,0,174,33,17,0,1,2,2.0,0,BB,Online TA,TA/TO,0,0,0,0,0,Transient,244.0,0,0,08,2017-08-17,0,1,4.0,0,1,1,3,Guest_3860,Expected
City Hotel,0,84,33,14,1,3,3,0.0,0,BB,Online TA,TA/TO,0,0,0,1,0,Transient-Party,200.0,0,0,08,2017-08-14,0,4,3.0,0,1,1,0,Guest_3861,Expected
City Hotel,0,191,32,11,2,5,2,0.0,0,HB,Offline TA/TO,TA/TO,0,0,0,0,0,Transient,112.1,0,0,08,2017-08-11,0,7,2.0,0,1,1,4,Guest_3862,Expected
City Hotel,0,84,33,14,1,3,2,1.0,0,BB,Online TA,TA/TO,0,0,0,0,0,Transient-Party,170.0,0,0,08,2017-08-14,0,4,3.0,0,1,1,0,Guest_3863,Expected
City Hotel,0,163,33,14,1,3,2,1.0,0,BB,Online TA,TA/TO,0,0,0,0,0,Transient,157.5,1,1,08,2017-08-14,0,4,3.0,0,1,1,0,Guest_3864,Expected
City Hotel,0,8,33,15,0,3,1,0.0,0,BB,Corporate,Corporate,0,0,0,1,0,Transient,84.0,0,3,08,2017-08-15,0,3,1.0,0,0,0,1,Guest_3865,Expected
City Hotel,0,198,32,12,2,5,2,1.0,0,HB,Offline TA/TO,TA/TO,0,0,0,0,0,Transient,105.91,0,0,08,2017-08-12,0,7,3.0,0,1,1,5,Guest_3866,Expected
City Hotel,0,167,33,16,0,3,2,1.0,0,BB,Online TA,TA/TO,0,0,0,0,0,Transient,133.65,0,1,08,2017-08-16,1,3,3.0,0,1,1,2,Guest_3867,Expected
City Hotel,0,114,33,15,0,4,3,0.0,0,BB,Direct,Direct,0,0,0,0,0,Transient,184.0,1,0,08,2017-08-15,0,4,3.0,0,1,1,1,Guest_3868,Expected
City Hotel,0,167,33,16,0,3,2,1.0,0,BB,Online TA,TA/TO,0,0,0,0,0,Transient,133.65,0,1,08,2017-08-16,0,3,3.0,0,1,1,2,Guest_3869,Expected
City Hotel,0,2,33,16,0,3,2,0.0,0,SC,Online TA,TA/TO,0,0,0,0,0,Transient,128.0,0,0,08,2017-08-16,0,3,2.0,0,1,1,2,Guest_3870,Expected
City Hotel,0,84,33,15,0,4,3,0.0,0,BB,Online TA,TA/TO,0,0,0,0,0,Transient,152.0,0,1,08,2017-08-15,0,4,3.0,0,1,1,1,Guest_3871,Expected
City Hotel,0,84,33,15,0,4,2,0.0,0,BB,Online TA,TA/TO,0,0,0,0,0,Transient,121.6,0,1,08,2017-08-15,0,4,2.0,0,1,1,1,Guest_3872,Expected
City Hotel,0,54,33,15,0,4,2,0.0,0,SC,Online TA,TA/TO,0,0,0,1,0,Transient,152.5,0,3,08,2017-08-15,0,4,2.0,0,1,1,1,Guest_3873,Expected
City Hotel,0,103,33,17,0,2,2,0.0,0,BB,Online TA,TA/TO,0,0,0,2,0,Transient,115.0,0,1,08,2017-08-17,0,2,2.0,0,1,1,3,Guest_3874,Expected
City Hotel,0,0,33,18,0,1,2,0.0,0,BB,Online TA,TA/TO,0,0,0,1,0,Transient,89.5,0,0,08,2017-08-18,0,1,2.0,0,1,0,4,Guest_3875,Expected
City Hotel,0,157,33,13,2,4,3,0.0,0,BB,Online TA,TA/TO,0,0,0,1,0,Transient,168.5,0,2,08,2017-08-13,0,6,3.0,0,1,1,6,Guest_3876,Expected
City Hotel,0,159,33,14,1,4,2,0.0,0,BB,Direct,Direct,0,0,0,0,0,Transient,112.5,0,1,08,2017-08-14,0,5,2.0,0,1,1,0,Guest_3877,Expected
City Hotel,0,30,33,15,0,4,2,0.0,0,SC,Online TA,TA/TO,0,0,0,0,0,Transient,160.0,0,1,08,2017-08-15,0,4,2.0,0,1,1,1,Guest_3878,Expected
City Hotel,0,10,33,18,0,1,2,1.0,0,BB,Direct,Direct,0,0,0,0,0,Transient,260.0,0,1,08,2017-08-18,0,1,3.0,0,1,1,4,Guest_3879,Expected
City Hotel,0,69,33,13,2,4,2,0.0,0,SC,Online TA,TA/TO,0,0,0,0,0,Transient,140.0,0,2,08,2017-08-13,0,6,2.0,0,1,1,6,Guest_3880,Expected
City Hotel,0,35,33,17,0,2,2,0.0,0,BB,Online TA,TA/TO,0,0,0,0,0,Transient,190.0,0,2,08,2017-08-17,0,2,2.0,0,1,1,3,Guest_3881,Expected
City Hotel,0,45,33,16,0,3,3,0.0,0,BB,Online TA,TA/TO,0,0,0,0,0,Transient,139.4,0,0,08,2017-08-16,0,3,3.0,0,1,1,2,Guest_3882,Expected
City Hotel,0,108,33,15,0,4,2,0.0,0,BB,Direct,Direct,0,0,0,0,0,Transient-Party,130.5,0,0,08,2017-08-15,0,4,2.0,0,0,0,1,Guest_3883,Expected
City Hotel,0,89,33,16,0,3,2,2.0,0,BB,Online TA,TA/TO,0,0,0,1,0,Transient,240.0,0,1,08,2017-08-16,0,3,4.0,0,1,1,2,Guest_3884,Expected
City Hotel,0,89,33,16,0,3,3,0.0,0,BB,Online TA,TA/TO,0,0,0,1,0,Transient,200.0,0,2,08,2017-08-16,0,3,3.0,0,1,1,2,Guest_3885,Expected
City Hotel,0,108,33,15,0,4,2,0.0,0,BB,Direct,Direct,0,0,0,1,0,Transient-Party,130.5,0,0,08,2017-08-15,1,4,2.0,0,0,0,1,Guest_3886,Expected
City Hotel,0,10,33,18,0,1,2,1.0,0,BB,Direct,Direct,0,0,0,0,0,Transient,260.0,0,0,08,2017-08-18,0,1,3.0,0,1,1,4,Guest_3887,Expected
City Hotel,0,123,33,16,0,3,2,0.0,0,BB,Online TA,TA/TO,0,0,0,0,0,Transient,185.0,0,0,08,2017-08-16,0,3,2.0,0,1,1,2,Guest_3888,Expected
City Hotel,0,98,33,16,0,3,3,0.0,0,BB,Offline TA/TO,TA/TO,0,0,0,0,0,Transient,116.1,0,1,08,2017-08-16,0,3,3.0,0,1,1,2,Guest_3889,Expected
City Hotel,0,135,33,17,0,2,3,0.0,0,BB,Online TA,TA/TO,0,0,0,0,0,Transient,199.5,0,1,08,2017-08-17,0,2,3.0,0,1,1,3,Guest_3890,Expected
City Hotel,0,129,33,15,0,4,2,0.0,0,SC,Online TA,TA/TO,0,0,0,0,0,Transient,125.0,0,2,08,2017-08-15,0,4,2.0,0,1,1,1,Guest_3891,Expected
City Hotel,0,129,33,15,0,4,2,0.0,0,SC,Online TA,TA/TO,0,0,0,0,0,Transient,125.0,0,2,08,2017-08-15,0,4,2.0,0,1,1,1,Guest_3892,Expected
City Hotel,0,112,33,16,0,3,2,0.0,0,HB,Online TA,TA/TO,0,0,0,0,0,Transient,202.0,0,1,08,2017-08-16,0,3,2.0,0,1,0,2,Guest_3893,Expected
City Hotel,0,107,33,15,0,4,2,0.0,0,SC,Online TA,TA/TO,0,0,0,1,0,Transient,125.0,0,1,08,2017-08-15,0,4,2.0,0,1,1,1,Guest_3894,Expected
City Hotel,0,72,33,17,0,2,2,1.0,0,BB,Online TA,TA/TO,0,0,0,0,0,Transient,160.0,0,2,08,2017-08-17,0,2,3.0,0,1,1,3,Guest_3895,Expected
City Hotel,0,129,33,15,0,4,2,0.0,0,SC,Online TA,TA/TO,0,0,0,0,0,Transient,125.0,0,2,08,2017-08-15,0,4,2.0,0,1,1,1,Guest_3896,Expected
City Hotel,0,72,33,17,0,2,2,1.0,0,BB,Online TA,TA/TO,0,0,0,0,0,Transient,259.0,0,1,08,2017-08-17,0,2,3.0,0,1,1,3,Guest_3897,Expected
City Hotel,0,113,33,17,0,2,2,0.0,0,BB,Online TA,TA/TO,0,0,0,0,0,Transient,155.0,0,1,08,2017-08-17,0,2,2.0,0,1,1,3,Guest_3898,Expected
City Hotel,0,125,32,12,2,5,2,0.0,0,BB,Online TA,TA/TO,0,0,0,0,0,Transient,155.0,0,1,08,2017-08-12,0,7,2.0,0,1,1,5,Guest_3899,Expected
City Hotel,0,147,33,17,0,2,1,1.0,0,SC,Online TA,TA/TO,0,0,0,1,0,Transient,103.5,0,0,08,2017-08-17,0,2,2.0,0,1,0,3,Guest_3900,Expected
City Hotel,0,175,33,15,0,4,2,0.0,0,BB,Online TA,TA/TO,0,0,0,0,0,Transient,130.5,0,0,08,2017-08-15,0,4,2.0,0,1,1,1,Guest_3901,Expected
City Hotel,0,77,33,15,0,4,2,0.0,0,BB,Direct,Direct,0,0,0,0,0,Transient,111.8,0,0,08,2017-08-15,1,4,2.0,0,1,1,1,Guest_3902,Expected
City Hotel,0,31,33,17,0,2,2,0.0,0,SC,Online TA,TA/TO,0,0,0,0,0,Transient,169.0,0,3,08,2017-08-17,0,2,2.0,0,1,1,3,Guest_3903,Expected
City Hotel,0,2,33,17,0,2,2,0.0,0,SC,Online TA,TA/TO,0,0,0,0,0,Transient,169.0,0,1,08,2017-08-17,0,2,2.0,0,1,1,3,Guest_3904,Expected
City Hotel,0,209,33,16,0,3,3,0.0,0,BB,Offline TA/TO,TA/TO,0,0,0,0,0,Transient,115.0,0,1,08,2017-08-16,1,3,3.0,0,1,1,2,Guest_3905,Expected
City Hotel,0,107,33,15,0,4,3,0.0,0,BB,Online TA,TA/TO,0,0,0,1,0,Transient,204.0,0,1,08,2017-08-15,0,4,3.0,0,1,1,1,Guest_3906,Expected
City Hotel,0,156,32,12,2,5,2,1.0,0,BB,Online TA,TA/TO,0,0,0,0,0,Transient,157.5,1,2,08,2017-08-12,0,7,3.0,0,1,0,5,Guest_3907,Expected
City Hotel,0,201,33,17,0,2,2,2.0,0,BB,Online TA,TA/TO,0,0,0,0,0,Transient,235.0,0,0,08,2017-08-17,0,2,4.0,0,1,1,3,Guest_3908,Expected
City Hotel,0,230,33,16,0,3,2,1.0,0,BB,Online TA,TA/TO,0,0,0,0,0,Transient,148.5,0,2,08,2017-08-16,0,3,3.0,0,1,1,2,Guest_3909,Expected
City Hotel,0,213,33,17,0,2,2,0.0,0,BB,Offline TA/TO,TA/TO,0,0,0,0,0,Transient,80.1,0,2,08,2017-08-17,0,2,2.0,0,1,0,3,Guest_3910,Expected
City Hotel,0,139,33,15,0,4,2,3.0,0,HB,Direct,Direct,0,0,0,0,0,Transient,300.0,0,1,08,2017-08-15,0,4,5.0,0,0,1,1,Guest_3911,Expected
City Hotel,0,84,33,15,0,4,3,0.0,0,BB,Direct,Direct,0,0,0,0,0,Transient,215.0,0,3,08,2017-08-15,0,4,3.0,0,1,1,1,Guest_3912,Expected
City Hotel,0,137,33,18,0,1,3,0.0,0,BB,Online TA,TA/TO,0,0,0,1,0,Transient,195.0,0,1,08,2017-08-18,0,1,3.0,0,1,1,4,Guest_3913,Expected
City Hotel,0,77,33,17,0,2,2,2.0,0,BB,Online TA,TA/TO,0,0,0,1,0,Transient,240.0,0,1,08,2017-08-17,0,2,4.0,0,1,1,3,Guest_3914,Expected
City Hotel,0,27,33,15,0,4,2,0.0,0,SC,Online TA,TA/TO,0,0,0,0,0,Transient,169.0,1,1,08,2017-08-15,0,4,2.0,0,1,1,1,Guest_3915,Expected
City Hotel,0,182,33,17,0,2,2,0.0,0,BB,Direct,Direct,0,0,0,0,0,Transient,112.5,0,1,08,2017-08-17,0,2,2.0,0,1,1,3,Guest_3916,Expected
City Hotel,0,210,33,14,1,4,3,0.0,0,BB,Online TA,TA/TO,0,0,0,0,0,Transient,177.3,0,0,08,2017-08-14,0,5,3.0,0,1,1,0,Guest_3917,Expected
City Hotel,0,219,32,12,2,5,2,0.0,0,BB,Online TA,TA/TO,0,0,0,0,0,Transient,130.5,0,1,08,2017-08-12,0,7,2.0,0,1,1,5,Guest_3918,Expected
City Hotel,0,80,33,18,0,1,1,0.0,0,BB,Online TA,TA/TO,0,0,0,0,0,Transient,140.0,0,1,08,2017-08-18,0,1,1.0,0,1,0,4,Guest_3919,Expected
City Hotel,0,208,33,14,1,4,2,1.0,0,BB,Online TA,TA/TO,0,0,0,0,0,Transient,148.5,0,3,08,2017-08-14,0,5,3.0,0,1,1,0,Guest_3920,Expected
City Hotel,0,22,33,19,1,1,2,1.0,0,BB,Direct,TA/TO,0,0,0,0,0,Transient,174.0,0,3,08,2017-08-19,1,2,3.0,0,0,1,5,Guest_3921,Expected
City Hotel,0,0,33,18,0,1,2,1.0,0,BB,Online TA,TA/TO,0,0,0,1,0,Transient,89.5,0,0,08,2017-08-18,0,1,3.0,0,1,1,4,Guest_3922,Expected
City Hotel,0,108,33,17,0,2,2,0.0,0,SC,Online TA,TA/TO,0,0,0,0,0,Transient,125.0,0,3,08,2017-08-17,0,2,2.0,0,1,1,3,Guest_3923,Expected
City Hotel,0,108,33,17,0,2,2,0.0,0,SC,Online TA,TA/TO,0,0,0,0,0,Transient,125.0,0,3,08,2017-08-17,0,2,2.0,0,1,1,3,Guest_3924,Expected
City Hotel,0,201,33,16,0,3,2,0.0,0,SC,Online TA,TA/TO,0,0,0,0,0,Transient-Party,112.5,0,0,08,2017-08-16,0,3,2.0,0,1,1,2,Guest_3925,Expected
City Hotel,0,40,33,18,0,1,2,0.0,0,BB,Direct,Direct,0,0,0,0,0,Transient,174.0,0,0,08,2017-08-18,0,1,2.0,0,1,1,4,Guest_3926,Expected
City Hotel,0,201,33,16,0,3,2,0.0,0,SC,Online TA,TA/TO,0,0,0,0,0,Transient-Party,112.5,0,0,08,2017-08-16,0,3,2.0,0,1,1,2,Guest_3927,Expected
City Hotel,0,93,33,17,0,2,3,0.0,0,BB,Offline TA/TO,TA/TO,0,0,0,0,0,Transient,116.1,0,1,08,2017-08-17,0,2,3.0,0,1,1,3,Guest_3928,Expected
City Hotel,0,185,33,16,0,3,2,1.0,0,BB,Online TA,TA/TO,0,0,0,0,0,Transient,148.5,0,1,08,2017-08-16,0,3,3.0,0,1,1,2,Guest_3929,Expected
City Hotel,0,23,33,18,0,1,3,1.0,0,BB,Direct,Direct,0,0,0,0,0,Transient,264.0,1,1,08,2017-08-18,0,1,4.0,0,1,1,4,Guest_3930,Expected
City Hotel,0,70,33,15,0,4,2,0.0,0,BB,Online TA,TA/TO,0,0,0,0,0,Transient,98.1,0,0,08,2017-08-15,0,4,2.0,0,1,1,1,Guest_3931,Expected
City Hotel,0,129,33,15,0,4,2,0.0,0,SC,Online TA,TA/TO,0,0,0,0,0,Transient,125.0,0,2,08,2017-08-15,0,4,2.0,0,1,1,1,Guest_3932,Expected
City Hotel,0,134,33,15,0,4,2,0.0,0,SC,Online TA,TA/TO,0,0,0,0,0,Transient,125.0,0,2,08,2017-08-15,1,4,2.0,0,1,1,1,Guest_3933,Expected
City Hotel,0,77,33,17,0,2,2,1.0,0,BB,Online TA,TA/TO,0,0,0,1,0,Transient,170.0,0,2,08,2017-08-17,0,2,3.0,0,1,1,3,Guest_3934,Expected
City Hotel,0,134,33,15,0,4,2,0.0,0,SC,Online TA,TA/TO,0,0,0,0,0,Transient,125.0,0,2,08,2017-08-15,1,4,2.0,0,1,1,1,Guest_3935,Expected
City Hotel,0,5,33,18,0,1,2,0.0,0,BB,Direct,Direct,0,0,0,0,0,Transient,144.0,0,1,08,2017-08-18,1,1,2.0,0,0,0,4,Guest_3936,Expected
City Hotel,0,121,33,16,0,4,1,0.0,0,SC,Online TA,TA/TO,0,0,0,1,0,Transient,125.0,0,1,08,2017-08-16,0,4,1.0,0,1,1,2,Guest_3937,Expected
City Hotel,0,346,32,12,2,6,2,0.0,0,HB,Offline TA/TO,TA/TO,0,0,0,0,0,Transient,116.15,0,0,08,2017-08-12,0,8,2.0,0,1,1,5,Guest_3938,Expected
City Hotel,0,115,32,8,2,10,2,0.0,0,SC,Online TA,TA/TO,0,0,0,0,0,Transient,125.0,0,2,08,2017-08-08,0,12,2.0,0,1,1,1,Guest_3939,Expected
City Hotel,0,121,33,16,0,4,1,0.0,0,SC,Online TA,TA/TO,0,0,0,1,0,Transient,125.0,0,1,08,2017-08-16,0,4,1.0,0,1,1,2,Guest_3940,Expected
City Hotel,0,2,33,18,0,2,2,0.0,0,BB,Online TA,TA/TO,0,0,0,0,0,Transient,127.6,0,1,08,2017-08-18,0,2,2.0,0,1,0,4,Guest_3941,Expected
City Hotel,0,233,33,16,0,4,2,0.0,0,SC,Online TA,TA/TO,0,0,0,0,0,Transient,106.65,0,1,08,2017-08-16,1,4,2.0,0,1,1,2,Guest_3942,Expected
City Hotel,0,266,33,17,0,3,2,0.0,0,BB,Offline TA/TO,TA/TO,0,0,0,0,0,Transient,80.1,0,0,08,2017-08-17,0,3,2.0,0,1,1,3,Guest_3943,Expected
City Hotel,0,11,33,14,1,5,2,0.0,0,BB,Online TA,TA/TO,0,0,0,0,0,Transient,189.0,0,1,08,2017-08-14,0,6,2.0,0,1,1,0,Guest_3944,Expected
City Hotel,0,263,33,17,0,3,2,0.0,0,BB,Online TA,TA/TO,0,0,0,0,0,Transient,107.1,0,0,08,2017-08-17,0,3,2.0,0,1,1,3,Guest_3945,Expected
City Hotel,0,120,33,16,0,4,2,0.0,0,HB,Online TA,TA/TO,0,0,0,2,0,Transient-Party,183.0,0,2,08,2017-08-16,0,4,2.0,0,1,1,2,Guest_3946,Expected
City Hotel,0,155,33,17,0,3,2,0.0,0,BB,Offline TA/TO,TA/TO,0,0,0,0,0,Transient,80.1,0,2,08,2017-08-17,0,3,2.0,0,1,1,3,Guest_3947,Expected
City Hotel,0,94,33,16,0,4,2,0.0,0,BB,Online TA,TA/TO,0,0,0,3,0,Transient,155.75,0,1,08,2017-08-16,0,4,2.0,0,1,1,2,Guest_3948,Expected
City Hotel,0,155,33,17,0,3,2,0.0,0,BB,Offline TA/TO,TA/TO,0,0,0,0,0,Transient,80.1,0,2,08,2017-08-17,0,3,2.0,0,1,1,3,Guest_3949,Expected
City Hotel,0,20,33,19,0,1,2,0.0,0,BB,Online TA,TA/TO,0,0,0,0,0,Transient,190.0,0,1,08,2017-08-19,0,1,2.0,0,1,1,5,Guest_3950,Expected
City Hotel,0,120,33,16,0,4,2,0.0,0,HB,Online TA,TA/TO,0,0,0,2,0,Transient-Party,193.0,0,2,08,2017-08-16,0,4,2.0,0,1,1,2,Guest_3951,Expected
City Hotel,0,103,33,17,0,3,2,0.0,0,BB,Offline TA/TO,TA/TO,0,0,0,0,0,Transient,89.1,0,1,08,2017-08-17,0,3,2.0,0,1,1,3,Guest_3952,Expected
City Hotel,0,113,33,17,0,3,2,0.0,0,BB,Direct,Direct,0,0,0,0,0,Transient,121.5,0,3,08,2017-08-17,0,3,2.0,0,1,1,3,Guest_3953,Expected
City Hotel,0,208,33,17,0,3,2,0.0,0,BB,Online TA,TA/TO,0,0,0,0,0,Transient,131.7,1,0,08,2017-08-17,0,3,2.0,0,1,1,3,Guest_3954,Expected
City Hotel,0,91,33,16,0,4,2,0.0,0,BB,Online TA,TA/TO,0,0,0,0,0,Transient,150.0,0,1,08,2017-08-16,1,4,2.0,0,1,1,2,Guest_3955,Expected
City Hotel,0,156,33,19,0,1,2,0.0,0,BB,Online TA,TA/TO,0,0,0,0,0,Transient-Party,130.5,0,2,08,2017-08-19,0,1,2.0,0,1,1,5,Guest_3956,Expected
City Hotel,0,219,33,17,0,3,2,0.0,0,BB,Online TA,TA/TO,0,0,0,0,0,Transient,131.7,0,1,08,2017-08-17,0,3,2.0,0,1,1,3,Guest_3957,Expected
City Hotel,0,156,33,19,0,1,2,0.0,0,BB,Online TA,TA/TO,0,0,0,0,0,Transient-Party,130.5,0,2,08,2017-08-19,0,1,2.0,0,1,1,5,Guest_3958,Expected
City Hotel,0,28,33,18,0,2,2,0.0,1,BB,Direct,Direct,0,0,0,1,0,Transient,140.8,0,1,08,2017-08-18,0,2,3.0,0,1,0,4,Guest_3959,Expected
City Hotel,0,219,33,17,0,3,2,0.0,0,BB,Online TA,TA/TO,0,0,0,0,0,Transient,122.7,0,1,08,2017-08-17,0,3,2.0,0,1,1,3,Guest_3960,Expected
City Hotel,0,155,33,14,1,5,2,0.0,0,BB,Direct,Direct,0,0,0,2,0,Transient,112.5,0,1,08,2017-08-14,0,6,2.0,0,1,1,0,Guest_3961,Expected
City Hotel,0,186,33,17,0,3,2,0.0,0,BB,Online TA,TA/TO,0,0,0,0,0,Transient,89.76,0,0,08,2017-08-17,0,3,2.0,0,1,1,3,Guest_3962,Expected
City Hotel,0,32,33,18,0,2,2,0.0,0,BB,Online TA,TA/TO,0,0,0,0,0,Transient,180.0,0,1,08,2017-08-18,0,2,2.0,0,1,1,4,Guest_3963,Expected
City Hotel,0,4,33,19,0,1,2,1.0,0,BB,Online TA,TA/TO,0,0,0,0,0,Transient,209.0,0,0,08,2017-08-19,0,1,3.0,0,1,0,5,Guest_3964,Expected
City Hotel,0,1,33,19,0,1,2,0.0,0,BB,Direct,Direct,0,0,0,0,0,Transient,173.5,1,1,08,2017-08-19,0,1,2.0,0,1,0,5,Guest_3965,Expected
City Hotel,0,1,33,19,0,1,2,0.0,0,BB,Direct,Direct,0,0,0,0,0,Transient,173.5,0,1,08,2017-08-19,0,1,2.0,0,1,0,5,Guest_3966,Expected
City Hotel,0,87,33,18,0,2,2,0.0,0,BB,Online TA,TA/TO,0,0,0,0,0,Transient,80.1,0,0,08,2017-08-18,0,2,2.0,0,1,1,4,Guest_3967,Expected
City Hotel,0,92,33,17,0,3,2,0.0,0,BB,Offline TA/TO,TA/TO,0,0,0,0,0,Transient,80.1,0,1,08,2017-08-17,0,3,2.0,0,1,1,3,Guest_3968,Expected
City Hotel,0,6,33,18,0,2,2,0.0,0,BB,Online TA,TA/TO,0,0,0,0,0,Transient,136.8,0,2,08,2017-08-18,0,2,2.0,0,1,1,4,Guest_3969,Expected
City Hotel,0,3,33,19,0,1,2,0.0,0,BB,Online TA,TA/TO,0,0,0,0,0,Transient,149.0,0,0,08,2017-08-19,0,1,2.0,0,1,0,5,Guest_3970,Expected
City Hotel,0,3,33,19,0,1,3,0.0,0,BB,Online TA,TA/TO,0,0,0,0,0,Transient,189.0,0,0,08,2017-08-19,0,1,3.0,0,1,0,5,Guest_3971,Expected
City Hotel,0,37,33,17,0,3,2,0.0,0,SC,Online TA,TA/TO,0,0,0,0,0,Transient,140.0,0,1,08,2017-08-17,0,3,2.0,0,1,1,3,Guest_3972,Expected
City Hotel,0,0,33,19,0,1,2,0.0,1,BB,Direct,Direct,0,0,0,0,0,Transient,169.0,0,0,08,2017-08-19,0,1,3.0,0,0,1,5,Guest_3973,Expected
City Hotel,0,4,33,18,0,2,2,0.0,0,BB,Direct,Direct,0,0,0,2,0,Transient,189.0,0,2,08,2017-08-18,0,2,2.0,0,1,1,4,Guest_3974,Expected
City Hotel,0,104,33,18,0,2,2,2.0,0,BB,Offline TA/TO,TA/TO,0,0,0,0,0,Transient,139.5,1,0,08,2017-08-18,0,2,4.0,0,1,1,4,Guest_3975,Expected
City Hotel,0,177,33,16,0,4,2,0.0,0,BB,Online TA,TA/TO,0,0,0,0,0,Transient,121.77,0,0,08,2017-08-16,0,4,2.0,0,1,1,2,Guest_3976,Expected
City Hotel,0,38,33,19,0,1,2,0.0,0,BB,Online TA,TA/TO,0,0,0,0,0,Transient,160.0,0,1,08,2017-08-19,0,1,2.0,0,1,1,5,Guest_3977,Expected
City Hotel,0,255,33,17,0,3,3,0.0,0,BB,Online TA,TA/TO,0,0,0,0,0,Transient,172.2,0,2,08,2017-08-17,0,3,3.0,0,1,1,3,Guest_3978,Expected
City Hotel,0,5,33,17,0,3,2,0.0,0,SC,Online TA,TA/TO,0,0,0,0,0,Transient,160.0,0,0,08,2017-08-17,0,3,2.0,0,1,1,3,Guest_3979,Expected
City Hotel,0,176,33,13,2,5,2,0.0,0,BB,Direct,Direct,0,0,0,0,0,Transient-Party,109.16,0,0,08,2017-08-13,0,7,2.0,0,1,1,6,Guest_3980,Expected
City Hotel,0,176,33,13,2,5,2,0.0,0,BB,Direct,Direct,0,0,0,0,0,Transient-Party,109.16,0,0,08,2017-08-13,0,7,2.0,0,1,1,6,Guest_3981,Expected
City Hotel,0,114,33,17,0,3,2,0.0,0,SC,Online TA,TA/TO,0,0,0,1,0,Transient,125.0,0,3,08,2017-08-17,0,3,2.0,0,1,1,3,Guest_3982,Expected
City Hotel,0,272,33,18,0,2,2,0.0,0,SC,Online TA,TA/TO,0,0,0,1,0,Transient,89.1,0,1,08,2017-08-18,0,2,2.0,0,1,1,4,Guest_3983,Expected
City Hotel,0,13,33,17,0,3,2,0.0,0,SC,Online TA,TA/TO,0,0,0,0,0,Transient,160.0,0,1,08,2017-08-17,0,3,2.0,0,1,0,3,Guest_3984,Expected
City Hotel,0,2,33,19,0,1,3,0.0,0,BB,Direct,Direct,0,0,0,0,0,Transient,219.0,0,0,08,2017-08-19,0,1,3.0,0,1,1,5,Guest_3985,Expected
City Hotel,0,109,33,16,0,4,3,0.0,0,BB,Online TA,TA/TO,0,0,0,0,0,Transient,225.0,0,1,08,2017-08-16,0,4,3.0,0,1,1,2,Guest_3986,Expected
City Hotel,0,141,33,17,0,3,2,0.0,0,SC,Offline TA/TO,TA/TO,0,0,0,0,0,Transient,71.1,0,1,08,2017-08-17,0,3,2.0,0,1,1,3,Guest_3987,Expected
City Hotel,0,180,33,13,2,5,3,0.0,0,BB,Offline TA/TO,TA/TO,0,0,0,0,0,Transient,116.1,0,0,08,2017-08-13,0,7,3.0,0,1,1,6,Guest_3988,Expected
City Hotel,0,0,33,19,0,1,2,0.0,0,BB,Online TA,TA/TO,0,0,0,0,0,Transient,169.0,0,0,08,2017-08-19,0,1,2.0,0,1,1,5,Guest_3989,Expected
City Hotel,0,30,33,17,0,3,2,1.0,0,BB,Direct,Direct,0,0,0,1,0,Transient-Party,138.02,0,2,08,2017-08-17,1,3,3.0,0,1,1,3,Guest_3990,Expected
City Hotel,0,138,33,19,0,1,2,0.0,0,SC,Online TA,TA/TO,0,0,0,0,0,Transient,125.0,0,2,08,2017-08-19,0,1,2.0,0,1,0,5,Guest_3991,Expected
City Hotel,0,138,33,19,0,1,2,0.0,0,SC,Online TA,TA/TO,0,0,0,0,0,Transient,125.0,0,2,08,2017-08-19,0,1,2.0,0,1,0,5,Guest_3992,Expected
City Hotel,0,30,33,17,0,3,2,1.0,0,BB,Direct,Direct,0,0,0,0,0,Transient-Party,138.02,0,2,08,2017-08-17,1,3,3.0,0,1,1,3,Guest_3993,Expected
City Hotel,0,13,33,19,0,1,2,0.0,0,BB,Direct,Direct,0,0,0,0,0,Transient,170.0,0,0,08,2017-08-19,0,1,2.0,0,0,1,5,Guest_3994,Expected
City Hotel,0,85,33,18,0,2,2,0.0,0,BB,Online TA,TA/TO,0,0,0,0,0,Transient,80.1,0,0,08,2017-08-18,0,2,2.0,0,1,1,4,Guest_3995,Expected
City Hotel,0,114,33,17,0,3,3,0.0,0,BB,Online TA,TA/TO,0,0,0,1,0,Transient,195.0,0,1,08,2017-08-17,0,3,3.0,0,1,1,3,Guest_3996,Expected
City Hotel,0,36,33,19,0,1,2,1.0,0,BB,Online TA,TA/TO,0,0,0,0,0,Transient,200.0,0,2,08,2017-08-19,0,1,3.0,0,1,1,5,Guest_3997,Expected
City Hotel,0,36,33,19,0,1,2,1.0,0,BB,Online TA,TA/TO,0,0,0,0,0,Transient,200.0,0,2,08,2017-08-19,0,1,3.0,0,1,1,5,Guest_3998,Expected
City Hotel,0,165,33,17,0,3,2,0.0,0,BB,Online TA,TA/TO,0,0,0,0,0,Transient,104.4,0,0,08,2017-08-17,0,3,2.0,0,1,1,3,Guest_3999,Expected
City Hotel,0,2,33,18,0,2,3,0.0,0,BB,Direct,Direct,0,0,0,0,0,Transient,229.0,0,0,08,2017-08-18,0,2,3.0,0,0,1,4,Guest_4000,Expected
City Hotel,0,25,33,18,0,2,2,0.0,0,BB,Online TA,TA/TO,0,0,0,0,0,Transient,180.0,0,1,08,2017-08-18,0,2,2.0,0,1,1,4,Guest_4001,Expected
City Hotel,0,70,33,18,0,2,2,0.0,0,BB,Online TA,TA/TO,0,0,0,0,0,Transient,89.1,0,1,08,2017-08-18,0,2,2.0,0,1,1,4,Guest_4002,Expected
City Hotel,0,81,33,19,0,1,1,0.0,0,BB,Online TA,TA/TO,0,0,0,0,0,Transient,160.0,0,1,08,2017-08-19,0,1,1.0,0,1,1,5,Guest_4003,Expected
City Hotel,0,10,33,18,0,2,2,0.0,0,BB,Online TA,TA/TO,0,0,0,0,0,Transient,180.0,0,2,08,2017-08-18,0,2,2.0,0,1,0,4,Guest_4004,Expected
City Hotel,0,2,33,19,0,1,2,0.0,0,BB,Online TA,TA/TO,0,0,0,0,0,Transient,149.0,0,1,08,2017-08-19,0,1,2.0,0,1,1,5,Guest_4005,Expected
City Hotel,0,19,33,19,0,1,2,2.0,0,BB,Online TA,TA/TO,0,0,0,0,0,Transient,270.0,0,0,08,2017-08-19,0,1,4.0,0,1,1,5,Guest_4006,Expected
City Hotel,0,179,33,14,1,5,2,0.0,0,BB,Offline TA/TO,TA/TO,0,0,0,0,0,Transient,75.65,0,1,08,2017-08-14,0,6,2.0,0,1,1,0,Guest_4007,Expected
City Hotel,0,272,33,18,0,2,3,0.0,0,BB,Online TA,TA/TO,0,0,0,1,0,Transient,156.6,0,1,08,2017-08-18,0,2,3.0,0,1,1,4,Guest_4008,Expected
City Hotel,0,70,33,18,0,2,2,0.0,0,BB,Online TA,TA/TO,0,0,0,0,0,Transient,89.1,0,1,08,2017-08-18,0,2,2.0,0,1,1,4,Guest_4009,Expected
City Hotel,0,23,33,18,0,2,3,1.0,0,BB,Offline TA/TO,TA/TO,0,0,0,0,0,Transient,283.23,0,0,08,2017-08-18,1,2,4.0,0,1,1,4,Guest_4010,Expected
City Hotel,0,250,33,14,2,5,2,0.0,0,HB,Offline TA/TO,TA/TO,0,0,0,1,0,Transient,112.1,0,0,08,2017-08-14,0,7,2.0,0,1,1,0,Guest_4011,Expected
City Hotel,0,147,33,14,2,5,2,0.0,0,BB,Online TA,TA/TO,0,0,0,1,0,Transient,149.5,0,2,08,2017-08-14,0,7,2.0,0,1,1,0,Guest_4012,Expected
City Hotel,0,193,33,18,1,2,3,0.0,0,BB,Online TA,TA/TO,0,0,0,0,0,Transient,163.2,0,1,08,2017-08-18,0,3,3.0,0,1,1,4,Guest_4013,Expected
City Hotel,0,182,32,9,3,9,2,0.0,0,BB,Offline TA/TO,TA/TO,0,0,0,0,0,Transient,89.1,0,1,08,2017-08-09,0,12,2.0,0,1,0,2,Guest_4014,Expected
City Hotel,0,296,33,19,1,1,2,0.0,0,BB,Direct,Direct,0,0,0,0,0,Transient,86.63,0,1,08,2017-08-19,0,2,2.0,0,1,0,5,Guest_4015,Expected
City Hotel,0,174,33,19,1,1,4,0.0,0,BB,Online TA,TA/TO,0,0,0,0,0,Transient,171.6,0,0,08,2017-08-19,0,2,4.0,0,1,1,5,Guest_4016,Expected
City Hotel,0,16,34,20,1,0,2,0.0,0,BB,Offline TA/TO,TA/TO,0,0,0,0,0,Transient,99.0,0,2,08,2017-08-20,0,1,2.0,0,1,1,6,Guest_4017,Expected
City Hotel,0,4,34,20,1,0,1,0.0,0,SC,Online TA,TA/TO,0,0,0,0,0,Transient,119.0,0,0,08,2017-08-20,0,1,1.0,0,1,1,6,Guest_4018,Expected
City Hotel,0,250,33,17,1,3,2,1.0,0,BB,Online TA,TA/TO,0,0,0,2,0,Transient,148.28,0,1,08,2017-08-17,0,4,3.0,0,1,1,3,Guest_4019,Expected
City Hotel,0,236,33,17,1,3,2,0.0,0,BB,Online TA,TA/TO,0,0,0,0,0,Transient,121.28,0,2,08,2017-08-17,0,4,2.0,0,1,1,3,Guest_4020,Expected
City Hotel,0,236,33,17,1,3,2,0.0,0,HB,Online TA,TA/TO,0,0,0,1,0,Transient,193.28,0,2,08,2017-08-17,0,4,2.0,0,1,1,3,Guest_4021,Expected
City Hotel,0,236,33,17,1,3,3,0.0,0,BB,Online TA,TA/TO,0,0,0,2,0,Transient,130.28,1,2,08,2017-08-17,0,4,3.0,0,1,1,3,Guest_4022,Expected
City Hotel,0,53,33,19,1,1,2,0.0,0,BB,Online TA,TA/TO,0,0,0,0,0,Transient,170.0,0,1,08,2017-08-19,0,2,2.0,0,1,1,5,Guest_4023,Expected
City Hotel,0,101,33,18,1,2,2,0.0,0,BB,Direct,Direct,0,0,0,2,0,Transient,93.42,0,1,08,2017-08-18,0,3,2.0,0,1,1,4,Guest_4024,Expected
City Hotel,0,323,33,18,1,2,2,0.0,0,SC,Online TA,TA/TO,0,0,0,0,0,Transient,89.1,0,1,08,2017-08-18,0,3,2.0,0,1,1,4,Guest_4025,Expected
City Hotel,0,127,33,18,1,2,2,0.0,0,SC,Online TA,TA/TO,0,0,0,0,0,Transient,125.0,0,2,08,2017-08-18,0,3,2.0,0,1,1,4,Guest_4026,Expected
City Hotel,0,127,33,18,1,2,2,0.0,0,SC,Online TA,TA/TO,0,0,0,0,0,Transient,134.0,0,2,08,2017-08-18,0,3,2.0,0,1,1,4,Guest_4027,Expected
City Hotel,0,9,33,18,1,2,2,0.0,0,SC,Online TA,TA/TO,0,0,0,0,0,Transient,162.33,0,1,08,2017-08-18,0,3,2.0,0,1,1,4,Guest_4028,Expected
City Hotel,0,0,34,20,1,0,1,0.0,0,BB,Offline TA/TO,TA/TO,0,0,0,0,0,Transient-Party,115.0,0,0,08,2017-08-20,0,1,1.0,0,1,0,6,Guest_4029,Expected
City Hotel,0,27,34,20,1,0,2,2.0,0,BB,Online TA,TA/TO,0,0,0,0,0,Transient,229.6,0,0,08,2017-08-20,0,1,4.0,0,1,0,6,Guest_4030,Expected
City Hotel,0,1,33,19,1,1,3,0.0,0,BB,Online TA,TA/TO,0,0,0,0,0,Transient,188.1,0,1,08,2017-08-19,0,2,3.0,0,1,1,5,Guest_4031,Expected
City Hotel,0,160,33,19,1,1,1,2.0,0,BB,Online TA,TA/TO,0,0,0,1,0,Transient,148.5,0,1,08,2017-08-19,0,2,3.0,0,1,1,5,Guest_4032,Expected
City Hotel,0,12,33,19,1,1,2,0.0,0,BB,Online TA,TA/TO,0,0,0,1,0,Transient,180.0,0,4,08,2017-08-19,0,2,2.0,0,1,0,5,Guest_4033,Expected
City Hotel,0,12,33,19,1,1,2,1.0,0,BB,Online TA,TA/TO,0,0,0,1,0,Transient,190.0,0,4,08,2017-08-19,0,2,3.0,0,1,0,5,Guest_4034,Expected
City Hotel,0,186,33,14,2,5,2,0.0,0,SC,Online TA,TA/TO,0,0,0,0,0,Transient,78.44,0,1,08,2017-08-14,0,7,2.0,0,1,1,0,Guest_4035,Expected
City Hotel,0,102,33,19,1,1,2,0.0,0,BB,Direct,Direct,0,0,0,0,0,Transient,112.5,0,1,08,2017-08-19,0,2,2.0,0,1,1,5,Guest_4036,Expected
City Hotel,0,0,34,20,1,0,3,0.0,0,BB,Direct,Direct,0,0,0,0,0,Transient,198.0,0,0,08,2017-08-20,0,1,3.0,0,0,0,6,Guest_4037,Expected
City Hotel,0,135,33,18,1,2,2,0.0,0,BB,Offline TA/TO,TA/TO,0,0,0,0,0,Transient,80.1,0,0,08,2017-08-18,0,3,2.0,0,1,1,4,Guest_4038,Expected
City Hotel,0,160,33,18,1,2,2,1.0,0,BB,Online TA,TA/TO,0,0,0,0,0,Transient,148.5,0,0,08,2017-08-18,0,3,3.0,0,1,1,4,Guest_4039,Expected
City Hotel,0,268,33,18,1,2,2,1.0,0,BB,Online TA,TA/TO,0,0,0,0,0,Transient,125.1,0,0,08,2017-08-18,0,3,3.0,0,1,1,4,Guest_4040,Expected
City Hotel,0,96,33,16,1,4,2,0.0,0,SC,Offline TA/TO,TA/TO,0,0,0,0,0,Transient,71.1,0,0,08,2017-08-16,0,5,2.0,0,1,1,2,Guest_4041,Expected
City Hotel,0,206,33,13,3,5,3,0.0,0,BB,Offline TA/TO,TA/TO,0,0,0,0,0,Transient,107.1,0,4,08,2017-08-13,0,8,3.0,0,1,1,6,Guest_4042,Expected
City Hotel,0,271,33,17,1,3,2,0.0,0,BB,Online TA,TA/TO,0,0,0,0,0,Transient,107.1,0,1,08,2017-08-17,0,4,2.0,0,1,1,3,Guest_4043,Expected
City Hotel,0,101,33,18,1,2,3,0.0,0,BB,Online TA,TA/TO,0,0,0,0,0,Transient,195.0,0,1,08,2017-08-18,0,3,3.0,0,1,1,4,Guest_4044,Expected
City Hotel,0,8,34,20,1,0,1,1.0,0,BB,Online TA,TA/TO,0,0,0,1,0,Transient,180.0,0,3,08,2017-08-20,0,1,2.0,0,1,0,6,Guest_4045,Expected
City Hotel,0,9,34,20,1,0,2,0.0,0,HB,Online TA,TA/TO,0,0,0,1,0,Transient,198.0,0,0,08,2017-08-20,1,1,2.0,0,1,1,6,Guest_4046,Expected
City Hotel,0,3,33,19,1,1,2,0.0,0,BB,Direct,Direct,0,0,0,0,0,Transient,139.0,0,0,08,2017-08-19,0,2,2.0,0,1,0,5,Guest_4047,Expected
City Hotel,0,186,34,20,1,0,1,0.0,0,BB,Online TA,TA/TO,0,0,0,0,0,Transient,108.0,0,0,08,2017-08-20,1,1,1.0,0,1,0,6,Guest_4048,Expected
City Hotel,0,9,33,18,1,2,2,0.0,0,BB,Online TA,TA/TO,0,0,0,0,0,Transient,183.33,0,1,08,2017-08-18,0,3,2.0,0,1,1,4,Guest_4049,Expected
City Hotel,0,161,33,16,1,4,2,0.0,0,BB,Offline TA/TO,TA/TO,0,0,0,0,0,Transient,80.1,0,0,08,2017-08-16,0,5,2.0,0,1,1,2,Guest_4050,Expected
City Hotel,0,14,33,18,1,2,3,2.0,0,HB,Direct,Direct,0,0,0,1,0,Transient,372.33,0,1,08,2017-08-18,0,3,5.0,0,1,1,4,Guest_4051,Expected
City Hotel,0,22,33,19,1,1,2,2.0,0,BB,Direct,Direct,0,0,0,0,0,Transient,200.4,0,1,08,2017-08-19,0,2,4.0,0,0,1,5,Guest_4052,Expected
City Hotel,0,161,33,16,1,4,2,0.0,0,BB,Offline TA/TO,TA/TO,0,0,0,0,0,Transient,80.1,0,0,08,2017-08-16,0,5,2.0,0,1,1,2,Guest_4053,Expected
City Hotel,0,225,33,19,1,1,2,2.0,0,BB,Direct,Direct,0,0,0,0,0,Transient,175.05,0,1,08,2017-08-19,0,2,4.0,0,1,1,5,Guest_4054,Expected
City Hotel,0,197,33,18,1,2,2,0.0,0,BB,Online TA,TA/TO,0,0,0,0,0,Transient,118.2,0,1,08,2017-08-18,0,3,2.0,0,1,1,4,Guest_4055,Expected
City Hotel,0,14,33,18,1,2,2,0.0,0,BB,Online TA,TA/TO,0,0,0,0,0,Transient,183.33,0,1,08,2017-08-18,0,3,2.0,0,1,1,4,Guest_4056,Expected
City Hotel,0,8,34,20,1,0,2,0.0,0,BB,Online TA,TA/TO,0,0,0,1,0,Transient,150.0,0,3,08,2017-08-20,0,1,2.0,0,1,0,6,Guest_4057,Expected
City Hotel,0,32,33,17,1,3,2,0.0,0,BB,Online TA,TA/TO,0,0,0,0,0,Transient,185.0,0,2,08,2017-08-17,0,4,2.0,0,1,1,3,Guest_4058,Expected
City Hotel,0,32,33,17,1,3,3,0.0,0,BB,Online TA,TA/TO,0,0,0,0,0,Transient,234.0,0,3,08,2017-08-17,0,4,3.0,0,1,1,3,Guest_4059,Expected
City Hotel,0,101,33,18,1,2,2,0.0,0,BB,Offline TA/TO,TA/TO,0,0,0,0,0,Transient,80.1,0,1,08,2017-08-18,0,3,2.0,0,1,1,4,Guest_4060,Expected
City Hotel,0,101,33,18,1,2,2,0.0,0,BB,Offline TA/TO,TA/TO,0,0,0,0,0,Transient,80.1,0,1,08,2017-08-18,0,3,2.0,0,1,1,4,Guest_4061,Expected
City Hotel,0,211,33,15,1,5,2,0.0,0,BB,Offline TA/TO,TA/TO,0,0,0,0,0,Transient,85.0,0,0,08,2017-08-15,0,6,2.0,0,1,0,1,Guest_4062,Expected
City Hotel,0,172,33,18,1,2,2,0.0,0,BB,Online TA,TA/TO,0,0,0,0,0,Transient,118.2,0,1,08,2017-08-18,0,3,2.0,0,1,1,4,Guest_4063,Expected
City Hotel,0,154,33,17,1,3,2,0.0,0,SC,Offline TA/TO,TA/TO,0,0,0,0,0,Transient,80.1,0,1,08,2017-08-17,0,4,2.0,0,1,0,3,Guest_4064,Expected
City Hotel,0,0,33,17,1,3,2,0.0,0,SC,Online TA,TA/TO,0,0,0,1,0,Transient,143.1,0,1,08,2017-08-17,1,4,2.0,0,1,1,3,Guest_4065,Expected
City Hotel,0,0,33,19,1,1,2,0.0,0,SC,Online TA,TA/TO,0,0,0,0,0,Transient,110.7,0,0,08,2017-08-19,0,2,2.0,0,1,1,5,Guest_4066,Expected
City Hotel,0,2,33,18,1,2,3,0.0,0,BB,Online TA,TA/TO,0,0,0,2,0,Transient,192.67,0,0,08,2017-08-18,0,3,3.0,0,1,1,4,Guest_4067,Expected
City Hotel,0,15,33,17,1,3,3,1.0,0,BB,Online TA,TA/TO,0,0,0,1,0,Transient,236.0,0,1,08,2017-08-17,0,4,4.0,0,1,1,3,Guest_4068,Expected
City Hotel,0,209,33,16,1,4,2,0.0,0,BB,Offline TA/TO,TA/TO,0,0,0,0,0,Transient,103.5,0,0,08,2017-08-16,0,5,2.0,0,1,0,2,Guest_4069,Expected
City Hotel,0,0,34,20,2,0,1,0.0,0,BB,Offline TA/TO,TA/TO,0,0,0,1,0,Transient-Party,115.0,0,0,08,2017-08-20,0,2,1.0,0,1,0,6,Guest_4070,Expected
City Hotel,0,140,33,13,4,5,2,0.0,0,SC,Online TA,TA/TO,0,0,0,0,0,Transient,90.0,0,0,08,2017-08-13,0,9,2.0,0,1,1,6,Guest_4071,Expected
City Hotel,0,106,33,15,2,5,2,0.0,0,HB,Offline TA/TO,TA/TO,0,0,0,0,0,Transient,121.0,0,0,08,2017-08-15,0,7,2.0,0,1,1,1,Guest_4072,Expected
City Hotel,0,112,34,20,2,0,2,0.0,0,BB,Online TA,TA/TO,0,0,0,1,0,Transient,235.0,0,0,08,2017-08-20,0,2,2.0,0,1,1,6,Guest_4073,Expected
City Hotel,0,240,33,18,2,2,3,0.0,0,BB,Online TA,TA/TO,0,0,0,0,0,Transient,158.1,0,1,08,2017-08-18,0,4,3.0,0,1,1,4,Guest_4074,Expected
City Hotel,0,262,33,17,2,3,2,0.0,0,BB,Online TA,TA/TO,0,0,0,0,0,Transient,92.72,0,0,08,2017-08-17,0,5,2.0,0,1,1,3,Guest_4075,Expected
City Hotel,0,180,33,16,2,4,2,0.0,0,SC,Offline TA/TO,TA/TO,0,0,0,0,0,Transient,71.1,0,0,08,2017-08-16,1,6,2.0,0,1,1,2,Guest_4076,Expected
City Hotel,0,114,33,17,2,3,2,0.0,0,SC,Offline TA/TO,TA/TO,0,0,0,0,0,Transient,71.1,0,0,08,2017-08-17,0,5,2.0,0,1,1,3,Guest_4077,Expected
City Hotel,0,128,34,20,2,0,2,0.0,0,BB,Online TA,TA/TO,0,0,0,2,0,Transient,145.0,0,1,08,2017-08-20,0,2,2.0,0,1,1,6,Guest_4078,Expected
City Hotel,0,96,34,20,2,0,1,0.0,0,BB,Offline TA/TO,TA/TO,0,0,0,2,0,Transient-Party,115.0,0,0,08,2017-08-20,0,2,1.0,0,1,1,6,Guest_4079,Expected
City Hotel,0,1,34,21,1,0,2,0.0,0,BB,Direct,Direct,0,0,0,0,0,Transient,140.0,0,0,08,2017-08-21,0,1,2.0,0,0,0,0,Guest_4080,Expected
City Hotel,0,153,33,15,2,5,3,0.0,0,BB,Offline TA/TO,TA/TO,0,0,0,0,0,Transient,116.1,0,0,08,2017-08-15,0,7,3.0,0,1,1,1,Guest_4081,Expected
City Hotel,0,115,34,20,2,0,1,0.0,0,BB,Offline TA/TO,TA/TO,0,0,0,1,0,Transient-Party,125.0,0,0,08,2017-08-20,0,2,1.0,0,1,1,6,Guest_4082,Expected
City Hotel,0,181,33,19,2,1,2,0.0,0,BB,Online TA,TA/TO,0,0,0,0,0,Transient,122.7,0,1,08,2017-08-19,0,3,2.0,0,1,1,5,Guest_4083,Expected
City Hotel,0,152,33,18,2,2,2,0.0,0,BB,Online TA,TA/TO,0,0,0,0,0,Transient,139.5,0,0,08,2017-08-18,0,4,2.0,0,1,1,4,Guest_4084,Expected
City Hotel,0,96,33,17,2,3,2,1.0,0,HB,Offline TA/TO,TA/TO,0,0,0,0,0,Transient,142.6,0,0,08,2017-08-17,0,5,3.0,0,1,1,3,Guest_4085,Expected
City Hotel,0,135,33,15,2,5,3,0.0,0,BB,Online TA,TA/TO,0,0,0,2,0,Transient,195.0,0,1,08,2017-08-15,0,7,3.0,0,1,1,1,Guest_4086,Expected
City Hotel,0,212,33,18,2,2,2,1.0,0,BB,Online TA,TA/TO,0,0,0,0,0,Transient,135.9,0,4,08,2017-08-18,0,4,3.0,0,1,1,4,Guest_4087,Expected
City Hotel,0,2,34,20,2,0,3,0.0,0,BB,Online TA,TA/TO,0,0,0,0,0,Transient,204.5,0,1,08,2017-08-20,0,2,3.0,0,1,1,6,Guest_4088,Expected
City Hotel,0,138,34,20,2,0,2,0.0,0,BB,Online TA,TA/TO,0,0,0,0,0,Transient,164.0,0,1,08,2017-08-20,0,2,2.0,0,1,1,6,Guest_4089,Expected
City Hotel,0,59,34,20,2,0,1,0.0,0,BB,Offline TA/TO,TA/TO,0,0,0,1,0,Transient-Party,6.0,0,0,08,2017-08-20,0,2,1.0,0,1,1,6,Guest_4090,Expected
City Hotel,0,93,33,18,2,2,2,0.0,0,BB,Offline TA/TO,TA/TO,0,0,0,0,0,Transient,89.1,1,0,08,2017-08-18,0,4,2.0,0,1,1,4,Guest_4091,Expected
City Hotel,0,1,33,19,2,1,2,0.0,0,SC,Online TA,TA/TO,0,0,0,0,0,Transient,92.99,0,0,08,2017-08-19,0,3,2.0,0,1,1,5,Guest_4092,Expected
City Hotel,0,6,34,21,1,0,2,3.0,0,BB,Online TA,TA/TO,0,0,0,0,0,Transient,264.44,0,2,08,2017-08-21,0,1,5.0,0,1,1,0,Guest_4093,Expected
City Hotel,0,124,33,13,4,5,3,0.0,0,BB,Online TA,TA/TO,0,0,0,0,0,Transient,140.4,0,1,08,2017-08-13,0,9,3.0,0,1,1,6,Guest_4094,Expected
City Hotel,0,0,34,21,1,0,2,2.0,0,BB,Online TA,TA/TO,0,0,0,0,0,Transient,198.0,0,0,08,2017-08-21,0,1,4.0,0,1,0,0,Guest_4095,Expected
City Hotel,0,16,34,20,2,0,3,0.0,0,BB,Online TA,TA/TO,0,0,0,0,0,Transient,210.0,0,0,08,2017-08-20,0,2,3.0,0,1,1,6,Guest_4096,Expected
City Hotel,0,141,33,15,2,5,2,0.0,0,BB,Offline TA/TO,TA/TO,0,0,0,0,0,Transient,80.1,0,0,08,2017-08-15,0,7,2.0,0,1,1,1,Guest_4097,Expected
City Hotel,0,211,33,19,2,1,2,2.0,0,BB,Direct,Direct,0,0,0,2,0,Transient,174.2,1,0,08,2017-08-19,0,3,4.0,0,1,1,5,Guest_4098,Expected
City Hotel,0,39,34,20,2,0,1,0.0,0,BB,Offline TA/TO,TA/TO,0,0,0,0,0,Transient,140.0,0,0,08,2017-08-20,0,2,1.0,0,1,0,6,Guest_4099,Expected
City Hotel,0,92,33,15,2,5,2,0.0,0,SC,Online TA,TA/TO,0,0,0,0,0,Transient,95.0,0,1,08,2017-08-15,0,7,2.0,0,1,1,1,Guest_4100,Expected
City Hotel,0,207,32,12,4,6,2,0.0,0,SC,Online TA,TA/TO,0,0,0,0,0,Transient,78.61,0,1,08,2017-08-12,0,10,2.0,0,1,1,5,Guest_4101,Expected
City Hotel,0,207,32,12,4,6,2,0.0,0,SC,Online TA,TA/TO,0,0,0,0,0,Transient,78.61,0,1,08,2017-08-12,0,10,2.0,0,1,1,5,Guest_4102,Expected
City Hotel,0,2,33,19,2,1,3,0.0,0,BB,Online TA,TA/TO,0,0,0,0,0,Transient,218.33,0,1,08,2017-08-19,0,3,3.0,0,1,1,5,Guest_4103,Expected
City Hotel,0,153,33,15,2,5,3,0.0,0,BB,Offline TA/TO,TA/TO,0,0,0,0,0,Transient,125.1,0,0,08,2017-08-15,0,7,3.0,0,1,1,1,Guest_4104,Expected
City Hotel,0,87,33,13,4,5,2,1.0,0,BB,Direct,Direct,0,0,0,2,0,Transient,195.11,1,3,08,2017-08-13,0,9,3.0,0,1,1,6,Guest_4105,Expected
City Hotel,0,113,32,8,4,10,2,0.0,0,SC,Online TA,TA/TO,0,0,0,0,0,Transient,125.0,0,1,08,2017-08-08,0,14,2.0,0,1,1,1,Guest_4106,Expected
City Hotel,0,101,33,17,2,3,2,0.0,1,BB,Offline TA/TO,TA/TO,0,0,0,0,0,Transient,80.1,0,1,08,2017-08-17,0,5,3.0,0,1,1,3,Guest_4107,Expected
City Hotel,0,90,33,15,2,5,3,0.0,0,BB,Offline TA/TO,TA/TO,0,0,0,0,0,Transient,116.1,0,0,08,2017-08-15,0,7,3.0,0,1,1,1,Guest_4108,Expected
City Hotel,0,205,33,15,2,5,2,0.0,0,BB,Online TA,TA/TO,0,0,0,0,0,Transient,123.3,0,2,08,2017-08-15,0,7,2.0,0,1,1,1,Guest_4109,Expected
City Hotel,0,38,33,19,2,1,1,0.0,0,BB,Offline TA/TO,TA/TO,0,0,0,0,0,Transient,140.0,0,0,08,2017-08-19,0,3,1.0,0,1,1,5,Guest_4110,Expected
City Hotel,0,228,34,21,1,1,2,0.0,0,BB,Online TA,TA/TO,0,0,0,0,0,Transient,130.5,0,0,08,2017-08-21,0,2,2.0,0,1,1,0,Guest_4111,Expected
City Hotel,0,115,34,20,2,1,1,0.0,0,BB,Offline TA/TO,TA/TO,0,0,0,1,0,Transient-Party,125.0,0,0,08,2017-08-20,0,3,1.0,0,1,1,6,Guest_4112,Expected
City Hotel,0,127,33,16,2,5,2,0.0,0,BB,Offline TA/TO,TA/TO,0,0,0,0,0,Transient,80.1,0,1,08,2017-08-16,0,7,2.0,0,1,1,2,Guest_4113,Expected
City Hotel,0,127,33,16,2,5,2,0.0,0,BB,Offline TA/TO,TA/TO,0,0,0,0,0,Transient,80.1,0,1,08,2017-08-16,0,7,2.0,0,1,1,2,Guest_4114,Expected
City Hotel,0,95,33,19,2,2,1,0.0,0,BB,Offline TA/TO,TA/TO,0,0,0,11,0,Transient-Party,95.0,0,0,08,2017-08-19,0,4,1.0,0,1,1,5,Guest_4115,Expected
City Hotel,0,92,33,16,2,5,2,0.0,0,BB,Offline TA/TO,TA/TO,0,0,0,7,0,Transient-Party,125.0,0,0,08,2017-08-16,0,7,2.0,0,1,1,2,Guest_4116,Expected
City Hotel,0,11,34,25,0,2,2,0.0,0,BB,Offline TA/TO,TA/TO,0,0,1,1,0,Group,125.0,0,0,08,2017-08-25,0,2,2.0,0,1,1,4,Guest_4117,Expected
City Hotel,0,295,33,19,2,2,2,2.0,0,BB,Online TA,TA/TO,0,0,0,0,0,Transient,171.14,0,1,08,2017-08-19,0,4,4.0,0,1,1,5,Guest_4118,Expected
City Hotel,0,152,33,19,2,2,2,0.0,0,BB,Offline TA/TO,TA/TO,0,0,0,0,0,Transient,80.1,0,0,08,2017-08-19,0,4,2.0,0,1,0,5,Guest_4119,Expected
City Hotel,0,2,34,20,2,1,2,0.0,0,SC,Online TA,TA/TO,0,0,0,0,0,Transient,81.7,0,0,08,2017-08-20,0,3,2.0,0,1,0,6,Guest_4120,Expected
City Hotel,0,115,34,20,2,1,1,0.0,0,BB,Offline TA/TO,TA/TO,0,0,0,1,0,Transient-Party,125.0,0,0,08,2017-08-20,0,3,1.0,0,1,1,6,Guest_4121,Expected
City Hotel,0,150,34,21,1,1,2,0.0,0,BB,Offline TA/TO,TA/TO,0,0,0,0,0,Transient,80.1,0,0,08,2017-08-21,0,2,2.0,0,1,0,0,Guest_4122,Expected
City Hotel,0,149,33,18,2,3,2,1.0,0,BB,Offline TA/TO,TA/TO,0,0,0,0,0,Transient,93.6,0,1,08,2017-08-18,0,5,3.0,0,1,1,4,Guest_4123,Expected
City Hotel,0,142,33,18,2,3,2,0.0,0,BB,Offline TA/TO,TA/TO,0,0,0,0,0,Transient,80.1,0,1,08,2017-08-18,0,5,2.0,0,1,1,4,Guest_4124,Expected
City Hotel,0,116,34,21,1,1,1,0.0,0,BB,Offline TA/TO,TA/TO,0,0,0,1,0,Transient-Party,125.0,0,0,08,2017-08-21,0,2,1.0,0,1,1,0,Guest_4125,Expected
City Hotel,0,11,34,22,0,1,1,0.0,0,BB,Online TA,TA/TO,0,0,0,1,0,Transient,170.0,0,0,08,2017-08-22,1,1,1.0,0,1,1,1,Guest_4126,Expected
City Hotel,0,10,34,21,1,1,3,0.0,0,BB,Online TA,TA/TO,0,0,0,2,0,Transient,210.0,0,2,08,2017-08-21,0,2,3.0,0,1,1,0,Guest_4127,Expected
City Hotel,0,40,34,21,1,1,2,0.0,0,BB,Online TA,TA/TO,0,0,0,1,0,Transient,169.0,0,2,08,2017-08-21,1,2,2.0,0,1,1,0,Guest_4128,Expected
City Hotel,0,149,33,16,2,5,2,0.0,0,BB,Offline TA/TO,TA/TO,0,0,0,0,0,Transient,80.1,0,0,08,2017-08-16,0,7,2.0,0,1,1,2,Guest_4129,Expected
City Hotel,0,95,33,19,2,2,1,0.0,0,BB,Offline TA/TO,TA/TO,0,0,0,2,0,Transient-Party,115.0,0,0,08,2017-08-19,0,4,1.0,0,1,0,5,Guest_4130,Expected
City Hotel,0,199,33,18,2,3,2,0.0,0,SC,Online TA,TA/TO,0,0,0,0,0,Transient,99.72,0,1,08,2017-08-18,0,5,2.0,0,1,1,4,Guest_4131,Expected
City Hotel,0,305,33,19,2,2,2,0.0,0,BB,Online TA,TA/TO,0,0,0,0,0,Transient,96.33,0,1,08,2017-08-19,0,4,2.0,0,1,1,5,Guest_4132,Expected
City Hotel,0,22,34,21,1,1,1,0.0,0,BB,Direct,Direct,0,0,0,2,0,Transient,160.0,0,0,08,2017-08-21,1,2,1.0,0,1,1,0,Guest_4133,Expected
City Hotel,0,122,34,20,2,1,1,0.0,0,BB,Direct,Direct,0,0,0,1,0,Transient,135.0,0,0,08,2017-08-20,0,3,1.0,0,1,1,6,Guest_4134,Expected
City Hotel,0,196,33,19,2,2,2,1.0,0,BB,Online TA,TA/TO,0,0,0,2,0,Transient,132.53,0,0,08,2017-08-19,0,4,3.0,0,1,1,5,Guest_4135,Expected
City Hotel,0,103,33,16,2,5,2,0.0,0,HB,Offline TA/TO,TA/TO,0,0,0,0,0,Transient,89.0,0,0,08,2017-08-16,0,7,2.0,0,1,1,2,Guest_4136,Expected
City Hotel,0,107,33,19,2,2,3,0.0,0,BB,Offline TA/TO,TA/TO,0,0,0,0,0,Transient,116.1,0,1,08,2017-08-19,0,4,3.0,0,1,1,5,Guest_4137,Expected
City Hotel,0,131,33,18,2,3,2,0.0,0,BB,Direct,Direct,0,0,0,0,0,Transient,112.5,0,2,08,2017-08-18,0,5,2.0,0,1,1,4,Guest_4138,Expected
City Hotel,0,194,34,20,2,1,2,0.0,0,BB,Offline TA/TO,TA/TO,0,0,0,0,0,Transient,80.1,0,1,08,2017-08-20,0,3,2.0,0,1,1,6,Guest_4139,Expected
City Hotel,0,210,34,21,1,1,2,0.0,0,BB,Online TA,TA/TO,0,0,0,0,0,Transient,126.0,0,0,08,2017-08-21,0,2,2.0,0,1,1,0,Guest_4140,Expected
City Hotel,0,103,33,16,2,5,3,0.0,0,HB,Offline TA/TO,TA/TO,0,0,0,0,0,Transient,119.0,0,1,08,2017-08-16,0,7,3.0,0,1,1,2,Guest_4141,Expected
City Hotel,0,123,34,20,2,1,3,0.0,0,BB,Offline TA/TO,TA/TO,0,0,0,0,0,Transient,116.1,0,0,08,2017-08-20,0,3,3.0,0,1,1,6,Guest_4142,Expected
City Hotel,0,118,34,21,1,1,1,0.0,0,BB,Offline TA/TO,TA/TO,0,0,0,0,0,Transient-Party,115.0,0,0,08,2017-08-21,1,2,1.0,0,1,1,0,Guest_4143,Expected
City Hotel,0,176,34,21,1,1,2,0.0,0,HB,Direct,Direct,0,0,0,1,0,Transient,135.0,0,1,08,2017-08-21,0,2,2.0,0,1,1,0,Guest_4144,Expected
City Hotel,0,254,34,20,2,1,2,0.0,0,BB,Direct,Direct,0,0,0,1,0,Transient,174.0,1,0,08,2017-08-20,0,3,2.0,0,1,1,6,Guest_4145,Expected
City Hotel,0,176,34,21,1,1,2,0.0,0,HB,Direct,Direct,0,0,0,1,0,Transient,135.0,0,1,08,2017-08-21,1,2,2.0,0,1,1,0,Guest_4146,Expected
City Hotel,0,249,33,19,2,2,2,1.0,0,BB,Online TA,TA/TO,0,0,0,0,0,Transient,132.53,0,1,08,2017-08-19,0,4,3.0,0,1,1,5,Guest_4147,Expected
City Hotel,0,102,33,16,2,5,2,0.0,0,BB,Offline TA/TO,TA/TO,0,0,0,0,0,Transient,75.65,0,0,08,2017-08-16,0,7,2.0,0,1,1,2,Guest_4148,Expected
City Hotel,0,297,32,11,4,8,2,1.0,0,BB,Online TA,TA/TO,0,0,0,1,0,Transient,39.67,0,0,08,2017-08-11,0,12,3.0,0,1,0,4,Guest_4149,Expected
City Hotel,0,163,33,19,2,2,2,0.0,0,BB,Online TA,TA/TO,0,0,0,1,0,Transient-Party,131.5,0,2,08,2017-08-19,0,4,2.0,0,1,1,5,Guest_4150,Expected
City Hotel,0,163,33,19,2,2,2,0.0,0,BB,Online TA,TA/TO,0,0,0,1,0,Transient-Party,131.5,0,1,08,2017-08-19,0,4,2.0,0,1,1,5,Guest_4151,Expected
City Hotel,0,163,33,19,2,2,2,0.0,0,BB,Online TA,TA/TO,0,0,0,1,0,Transient-Party,131.5,0,1,08,2017-08-19,0,4,2.0,0,1,1,5,Guest_4152,Expected
City Hotel,0,163,33,19,2,2,2,0.0,0,BB,Online TA,TA/TO,0,0,0,1,0,Transient-Party,131.5,0,1,08,2017-08-19,0,4,2.0,0,1,1,5,Guest_4153,Expected
City Hotel,0,97,33,19,2,2,2,0.0,0,HB,Online TA,TA/TO,0,0,0,1,0,Transient,183.0,0,1,08,2017-08-19,0,4,2.0,0,1,1,5,Guest_4154,Expected
City Hotel,0,135,33,15,2,6,3,0.0,0,BB,Online TA,TA/TO,0,0,0,0,0,Transient,195.0,0,1,08,2017-08-15,0,8,3.0,0,1,1,1,Guest_4155,Expected
City Hotel,0,130,33,19,2,2,2,0.0,0,SC,Online TA,TA/TO,0,0,0,0,0,Transient,125.0,0,1,08,2017-08-19,0,4,2.0,0,1,1,5,Guest_4156,Expected
City Hotel,0,223,34,20,2,1,3,0.0,0,BB,Online TA,TA/TO,0,0,0,0,0,Transient,166.5,0,2,08,2017-08-20,0,3,3.0,0,1,1,6,Guest_4157,Expected
City Hotel,0,77,33,14,3,6,2,0.0,0,BB,Offline TA/TO,TA/TO,0,0,0,0,0,Transient,80.1,0,3,08,2017-08-14,0,9,2.0,0,1,1,0,Guest_4158,Expected
City Hotel,0,0,34,22,0,1,2,1.0,0,BB,Direct,Direct,0,0,0,0,0,Transient,195.0,0,1,08,2017-08-22,0,1,3.0,0,1,1,1,Guest_4159,Expected
City Hotel,0,157,34,20,2,1,2,1.0,0,BB,Direct,Direct,0,0,0,0,0,Transient,132.5,0,2,08,2017-08-20,0,3,3.0,0,1,0,6,Guest_4160,Expected
City Hotel,0,2,33,18,2,3,2,0.0,0,BB,Direct,Direct,0,0,0,2,0,Transient,174.16,0,1,08,2017-08-18,0,5,2.0,0,1,1,4,Guest_4161,Expected
City Hotel,0,1,34,22,0,1,2,0.0,0,BB,Online TA,TA/TO,0,0,0,0,0,Transient,199.0,0,1,08,2017-08-22,0,1,2.0,0,1,0,1,Guest_4162,Expected
City Hotel,0,115,34,20,2,1,2,0.0,0,BB,Offline TA/TO,TA/TO,0,0,0,0,0,Transient-Party,125.0,0,2,08,2017-08-20,0,3,2.0,0,1,1,6,Guest_4163,Expected
City Hotel,0,183,33,17,2,4,2,1.0,0,BB,Online TA,TA/TO,0,0,0,0,0,Transient,137.85,0,1,08,2017-08-17,0,6,3.0,0,1,1,3,Guest_4164,Expected
City Hotel,0,98,33,16,2,5,2,0.0,0,BB,Offline TA/TO,TA/TO,0,0,0,0,0,Transient,81.39,0,1,08,2017-08-16,0,7,2.0,0,1,1,2,Guest_4165,Expected
City Hotel,0,0,34,21,1,1,2,0.0,0,SC,Online TA,TA/TO,0,0,0,0,0,Transient,140.0,0,2,08,2017-08-21,0,2,2.0,0,1,1,0,Guest_4166,Expected
City Hotel,0,78,34,23,0,0,1,0.0,0,BB,Offline TA/TO,TA/TO,0,0,0,7,0,Transient-Party,0.0,0,0,08,2017-08-23,1,0,1.0,1,1,0,2,Guest_4167,Expected
City Hotel,0,163,34,21,1,1,3,0.0,0,BB,Online TA,TA/TO,0,0,0,0,0,Transient,175.5,0,2,08,2017-08-21,0,2,3.0,0,1,1,0,Guest_4168,Expected
City Hotel,0,94,33,18,2,4,1,0.0,0,BB,Offline TA/TO,TA/TO,0,0,0,3,0,Transient-Party,115.0,0,3,08,2017-08-18,0,6,1.0,0,1,1,4,Guest_4169,Expected
City Hotel,0,41,34,22,0,2,1,0.0,0,BB,Online TA,TA/TO,0,0,0,1,0,Transient,95.0,0,0,08,2017-08-22,0,2,1.0,0,1,1,1,Guest_4170,Expected
City Hotel,0,103,33,17,2,5,3,0.0,0,BB,Offline TA/TO,TA/TO,0,0,0,1,0,Transient,109.65,0,1,08,2017-08-17,0,7,3.0,0,1,1,3,Guest_4171,Expected
City Hotel,0,129,34,23,0,1,2,0.0,0,SC,Online TA,TA/TO,0,0,0,0,0,Transient,125.0,0,2,08,2017-08-23,0,1,2.0,0,1,1,2,Guest_4172,Expected
City Hotel,0,129,34,23,0,1,2,0.0,0,SC,Online TA,TA/TO,0,0,0,0,0,Transient,125.0,0,2,08,2017-08-23,0,1,2.0,0,1,1,2,Guest_4173,Expected
City Hotel,0,184,34,20,2,2,2,0.0,0,BB,Online TA,TA/TO,0,0,0,0,0,Transient,126.0,0,0,08,2017-08-20,0,4,2.0,0,1,1,6,Guest_4174,Expected
City Hotel,0,230,33,18,2,4,2,0.0,0,SC,Online TA,TA/TO,0,0,0,0,0,Transient,72.86,0,1,08,2017-08-18,0,6,2.0,0,1,1,4,Guest_4175,Expected
City Hotel,0,120,34,20,2,2,1,0.0,0,SC,Online TA,TA/TO,0,0,0,1,0,Transient,125.0,0,1,08,2017-08-20,0,4,1.0,0,1,1,6,Guest_4176,Expected
City Hotel,0,212,34,22,0,2,2,0.0,0,HB,Online TA,TA/TO,0,0,0,0,0,Transient,171.0,1,2,08,2017-08-22,0,2,2.0,0,1,1,1,Guest_4177,Expected
City Hotel,0,99,34,21,1,2,3,0.0,0,BB,Online TA,TA/TO,0,0,0,0,0,Transient,195.0,0,2,08,2017-08-21,1,3,3.0,0,1,1,0,Guest_4178,Expected
City Hotel,0,184,34,20,2,2,2,0.0,0,BB,Online TA,TA/TO,0,0,0,0,0,Transient,126.0,0,0,08,2017-08-20,0,4,2.0,0,1,1,6,Guest_4179,Expected
City Hotel,0,96,34,21,1,2,2,0.0,0,BB,Offline TA/TO,TA/TO,0,0,0,0,0,Transient,80.1,0,1,08,2017-08-21,0,3,2.0,0,1,1,0,Guest_4180,Expected
City Hotel,0,62,34,23,0,1,1,0.0,0,BB,Offline TA/TO,TA/TO,0,0,0,0,0,Transient-Party,115.0,0,0,08,2017-08-23,1,1,1.0,0,1,1,2,Guest_4181,Expected
City Hotel,0,15,33,19,2,3,2,0.0,0,BB,Online TA,TA/TO,0,0,0,0,0,Transient,139.2,0,1,08,2017-08-19,0,5,2.0,0,1,1,5,Guest_4182,Expected
City Hotel,0,180,34,21,1,2,2,0.0,0,SC,Online TA,TA/TO,0,0,0,0,0,Transient,99.0,0,2,08,2017-08-21,0,3,2.0,0,1,1,0,Guest_4183,Expected
City Hotel,0,31,34,21,1,2,1,0.0,0,BB,Online TA,TA/TO,0,0,0,0,0,Transient,148.0,0,0,08,2017-08-21,0,3,1.0,0,1,0,0,Guest_4184,Expected
City Hotel,0,0,34,23,0,1,1,0.0,0,BB,Offline TA/TO,TA/TO,0,0,0,0,0,Transient-Party,115.0,0,0,08,2017-08-23,0,1,1.0,0,1,1,2,Guest_4185,Expected
City Hotel,0,183,34,21,1,2,2,0.0,0,BB,Online TA,TA/TO,0,0,0,2,0,Transient-Party,117.0,0,3,08,2017-08-21,0,3,2.0,0,1,1,0,Guest_4186,Expected
City Hotel,0,189,35,27,2,0,2,0.0,0,BB,Online TA,TA/TO,0,0,1,1,0,Transient-Party,119.0,0,3,08,2017-08-27,0,2,2.0,0,1,1,6,Guest_4187,Expected
City Hotel,0,183,34,21,1,2,2,0.0,0,BB,Online TA,TA/TO,0,0,0,0,0,Transient-Party,117.0,0,3,08,2017-08-21,0,3,2.0,0,1,1,0,Guest_4188,Expected
City Hotel,0,183,34,21,1,2,2,0.0,0,BB,Online TA,TA/TO,0,0,0,0,0,Transient,117.0,0,2,08,2017-08-21,0,3,2.0,0,1,1,0,Guest_4189,Expected
City Hotel,0,189,35,27,2,0,2,0.0,0,BB,Online TA,TA/TO,0,0,1,1,0,Transient,119.0,0,2,08,2017-08-27,0,2,2.0,0,1,1,6,Guest_4190,Expected
City Hotel,0,116,34,20,2,2,2,2.0,0,HB,Offline TA/TO,TA/TO,0,0,0,0,0,Transient,178.5,0,0,08,2017-08-20,0,4,4.0,0,1,1,6,Guest_4191,Expected
City Hotel,0,12,34,20,2,2,1,0.0,0,BB,Groups,TA/TO,0,0,0,3,0,Transient-Party,115.0,0,0,08,2017-08-20,0,4,1.0,0,1,1,6,Guest_4192,Expected
City Hotel,0,168,34,20,2,2,2,0.0,0,SC,Online TA,TA/TO,0,0,0,0,0,Transient,112.5,0,2,08,2017-08-20,0,4,2.0,0,1,1,6,Guest_4193,Expected
City Hotel,0,231,34,21,1,2,3,0.0,0,BB,Online TA,TA/TO,0,0,0,0,0,Transient,166.5,0,1,08,2017-08-21,0,3,3.0,0,1,1,0,Guest_4194,Expected
City Hotel,0,99,34,21,1,2,2,1.0,0,BB,Online TA,TA/TO,0,0,0,0,0,Transient,225.48,0,2,08,2017-08-21,0,3,3.0,0,1,1,0,Guest_4195,Expected
City Hotel,0,120,34,20,2,2,2,0.0,0,BB,Direct,Direct,0,0,0,0,0,Transient,112.5,0,0,08,2017-08-20,0,4,2.0,0,1,1,6,Guest_4196,Expected
City Hotel,0,227,33,18,2,4,2,2.0,0,HB,Online TA,TA/TO,0,0,0,2,0,Transient,199.77,0,1,08,2017-08-18,0,6,4.0,0,1,1,4,Guest_4197,Expected
City Hotel,0,217,34,20,2,2,2,1.0,0,BB,Online TA,TA/TO,0,0,0,0,0,Transient,135.0,0,2,08,2017-08-20,0,4,3.0,0,1,1,6,Guest_4198,Expected
City Hotel,0,186,34,20,2,2,2,0.0,0,BB,Online TA,TA/TO,0,0,0,2,0,Transient,117.0,0,0,08,2017-08-20,0,4,2.0,0,1,1,6,Guest_4199,Expected
City Hotel,0,96,34,20,2,2,2,0.0,0,BB,Offline TA/TO,TA/TO,0,0,0,0,0,Transient,80.1,0,1,08,2017-08-20,0,4,2.0,0,1,1,6,Guest_4200,Expected
City Hotel,0,93,33,19,2,3,1,0.0,0,BB,Offline TA/TO,TA/TO,0,0,0,1,0,Transient-Party,123.0,0,0,08,2017-08-19,0,5,1.0,0,1,1,5,Guest_4201,Expected
City Hotel,0,96,34,20,2,2,2,0.0,0,BB,Offline TA/TO,TA/TO,0,0,0,0,0,Transient,80.1,0,1,08,2017-08-20,0,4,2.0,0,1,1,6,Guest_4202,Expected
City Hotel,0,111,34,20,2,2,3,0.0,0,BB,Online TA,TA/TO,0,0,0,0,0,Transient,195.0,0,1,08,2017-08-20,0,4,3.0,0,1,1,6,Guest_4203,Expected
City Hotel,0,19,34,22,0,2,2,0.0,0,BB,Online TA,TA/TO,0,0,0,0,0,Transient,169.0,1,1,08,2017-08-22,0,2,2.0,0,1,1,1,Guest_4204,Expected
City Hotel,0,98,33,18,2,4,2,0.0,0,SC,Offline TA/TO,TA/TO,0,0,0,0,0,Transient,71.1,0,0,08,2017-08-18,0,6,2.0,0,1,1,4,Guest_4205,Expected
City Hotel,0,61,34,23,0,1,2,0.0,0,BB,Offline TA/TO,TA/TO,0,0,0,0,0,Transient-Party,125.0,0,1,08,2017-08-23,0,1,2.0,0,1,1,2,Guest_4206,Expected
City Hotel,0,201,33,16,2,6,2,0.0,0,BB,Offline TA/TO,TA/TO,0,0,0,0,0,Transient,80.1,0,0,08,2017-08-16,0,8,2.0,0,1,1,2,Guest_4207,Expected
City Hotel,0,141,33,17,2,5,2,0.0,0,SC,Online TA,TA/TO,0,0,0,2,0,Transient,125.0,0,2,08,2017-08-17,0,7,2.0,0,1,1,3,Guest_4208,Expected
City Hotel,0,207,33,13,4,7,2,1.0,0,BB,Online TA,TA/TO,0,0,0,0,0,Transient,141.46,0,2,08,2017-08-13,0,11,3.0,0,1,1,6,Guest_4209,Expected
City Hotel,0,171,34,23,0,1,3,0.0,0,BB,Online TA,TA/TO,0,0,0,0,0,Transient,175.5,0,0,08,2017-08-23,0,1,3.0,0,1,1,2,Guest_4210,Expected
City Hotel,0,163,34,21,1,2,2,2.0,0,HB,Direct,Direct,0,0,0,0,0,Transient,240.0,0,1,08,2017-08-21,0,3,4.0,0,1,1,0,Guest_4211,Expected
City Hotel,0,185,34,20,2,2,1,0.0,0,SC,Online TA,TA/TO,0,0,0,0,0,Transient,99.0,0,0,08,2017-08-20,0,4,1.0,0,1,1,6,Guest_4212,Expected
City Hotel,0,161,33,18,2,4,2,0.0,0,SC,Offline TA/TO,TA/TO,0,0,0,0,0,Transient,71.1,0,1,08,2017-08-18,0,6,2.0,0,1,1,4,Guest_4213,Expected
City Hotel,0,172,34,21,1,2,2,0.0,0,HB,Online TA,TA/TO,0,0,0,0,0,Transient,125.17,0,0,08,2017-08-21,0,3,2.0,0,1,0,0,Guest_4214,Expected
City Hotel,0,96,34,20,2,2,1,0.0,0,BB,Offline TA/TO,TA/TO,0,0,0,2,0,Transient-Party,115.0,0,0,08,2017-08-20,0,4,1.0,0,1,1,6,Guest_4215,Expected
City Hotel,0,122,34,21,1,2,1,0.0,0,BB,Online TA,TA/TO,0,0,0,0,0,Transient,120.0,0,1,08,2017-08-21,0,3,1.0,0,1,1,0,Guest_4216,Expected
City Hotel,0,150,34,21,1,2,2,2.0,0,BB,Online TA,TA/TO,0,0,0,0,0,Transient,188.0,0,1,08,2017-08-21,0,3,4.0,0,1,1,0,Guest_4217,Expected
City Hotel,0,6,34,22,0,2,3,0.0,0,BB,Offline TA/TO,TA/TO,0,0,0,0,0,Transient,107.1,0,1,08,2017-08-22,0,2,3.0,0,1,1,1,Guest_4218,Expected
City Hotel,0,16,34,23,0,1,1,0.0,0,BB,Corporate,Corporate,0,0,0,1,0,Transient,75.0,0,4,08,2017-08-23,1,1,1.0,0,0,0,2,Guest_4219,Expected
City Hotel,0,184,33,17,2,5,3,0.0,0,BB,Online TA,TA/TO,0,0,0,0,0,Transient,164.44,0,0,08,2017-08-17,0,7,3.0,0,1,1,3,Guest_4220,Expected
City Hotel,0,30,34,23,0,1,2,1.0,0,BB,Online TA,TA/TO,0,0,0,0,0,Transient,180.0,0,0,08,2017-08-23,0,1,3.0,0,1,1,2,Guest_4221,Expected
City Hotel,0,159,34,20,2,2,2,0.0,0,BB,Online TA,TA/TO,0,0,0,0,0,Transient,130.5,0,0,08,2017-08-20,0,4,2.0,0,1,1,6,Guest_4222,Expected
City Hotel,0,141,33,17,2,5,3,0.0,0,BB,Online TA,TA/TO,0,0,0,2,0,Transient,195.0,0,1,08,2017-08-17,0,7,3.0,0,1,1,3,Guest_4223,Expected
City Hotel,0,95,33,19,2,3,1,0.0,0,BB,Offline TA/TO,TA/TO,0,0,0,2,0,Transient-Party,115.0,0,0,08,2017-08-19,0,5,1.0,0,1,1,5,Guest_4224,Expected
City Hotel,0,175,34,21,1,2,2,0.0,0,SC,Online TA,TA/TO,0,0,0,1,0,Transient,99.0,0,2,08,2017-08-21,0,3,2.0,0,1,1,0,Guest_4225,Expected
City Hotel,0,175,34,21,1,2,2,1.0,0,BB,Online TA,TA/TO,0,0,0,1,0,Transient,135.0,0,2,08,2017-08-21,0,3,3.0,0,1,1,0,Guest_4226,Expected
City Hotel,0,2,34,23,0,1,2,1.0,0,BB,Online TA,TA/TO,0,0,0,2,0,Transient,179.0,1,2,08,2017-08-23,0,1,3.0,0,1,1,2,Guest_4227,Expected
City Hotel,0,181,33,18,2,5,3,0.0,0,HB,Online TA,TA/TO,0,0,0,0,0,Transient,213.81,0,0,08,2017-08-18,0,7,3.0,0,1,1,4,Guest_4228,Expected
City Hotel,0,95,33,19,2,4,1,0.0,0,BB,Offline TA/TO,TA/TO,0,0,0,2,0,Transient-Party,115.0,0,0,08,2017-08-19,0,6,1.0,0,1,0,5,Guest_4229,Expected
City Hotel,0,122,34,20,2,3,1,0.0,0,BB,Offline TA/TO,TA/TO,0,0,0,1,0,Transient-Party,115.0,0,0,08,2017-08-20,0,5,1.0,0,1,0,6,Guest_4230,Expected
City Hotel,0,58,34,23,0,2,1,0.0,0,BB,Direct,Direct,0,0,0,2,0,Transient,115.0,0,0,08,2017-08-23,0,2,1.0,0,0,1,2,Guest_4231,Expected
City Hotel,0,118,34,20,2,3,1,0.0,0,SC,Online TA,TA/TO,0,0,0,0,0,Transient,115.0,0,1,08,2017-08-20,0,5,1.0,0,1,1,6,Guest_4232,Expected
City Hotel,0,204,34,21,1,3,2,0.0,0,SC,Online TA,TA/TO,0,0,0,0,0,Transient,99.0,0,0,08,2017-08-21,0,4,2.0,0,1,1,0,Guest_4233,Expected
City Hotel,0,163,34,24,0,1,2,1.0,0,BB,Offline TA/TO,TA/TO,0,0,0,2,0,Transient,102.6,0,0,08,2017-08-24,1,1,3.0,0,1,1,3,Guest_4234,Expected
City Hotel,0,124,34,21,1,3,1,0.0,0,BB,Offline TA/TO,TA/TO,0,0,0,0,0,Transient-Party,115.0,0,0,08,2017-08-21,0,4,1.0,0,1,1,0,Guest_4235,Expected
City Hotel,0,154,34,20,2,3,2,0.0,0,BB,Online TA,TA/TO,0,0,0,0,0,Transient,104.4,0,0,08,2017-08-20,0,5,2.0,0,1,1,6,Guest_4236,Expected
City Hotel,0,105,34,23,0,2,1,0.0,0,BB,Direct,Direct,0,0,0,2,0,Transient,112.5,0,0,08,2017-08-23,0,2,1.0,0,1,1,2,Guest_4237,Expected
City Hotel,0,1,34,24,0,1,2,0.0,0,SC,Direct,Direct,0,0,0,0,0,Transient,128.0,1,1,08,2017-08-24,0,1,2.0,0,1,1,3,Guest_4238,Expected
City Hotel,0,95,34,20,2,3,1,0.0,0,BB,Offline TA/TO,TA/TO,0,0,0,1,0,Transient-Party,115.0,0,0,08,2017-08-20,0,5,1.0,0,1,1,6,Guest_4239,Expected
City Hotel,0,112,34,21,1,3,3,0.0,0,BB,Offline TA/TO,TA/TO,0,0,0,0,0,Transient,116.1,0,1,08,2017-08-21,0,4,3.0,0,1,0,0,Guest_4240,Expected
City Hotel,0,10,34,24,0,1,2,0.0,0,SC,Online TA,TA/TO,0,0,0,0,0,Transient,107.1,0,1,08,2017-08-24,0,1,2.0,0,1,1,3,Guest_4241,Expected
City Hotel,0,61,34,22,0,3,1,0.0,0,BB,Offline TA/TO,TA/TO,0,0,0,0,0,Transient-Party,115.0,0,0,08,2017-08-22,0,3,1.0,0,1,1,1,Guest_4242,Expected
City Hotel,0,181,34,21,1,3,2,0.0,0,SC,Online TA,TA/TO,0,0,0,0,0,Transient,99.0,0,1,08,2017-08-21,0,4,2.0,0,1,1,0,Guest_4243,Expected
City Hotel,0,0,33,19,2,4,2,0.0,0,BB,Offline TA/TO,TA/TO,0,0,0,0,0,Transient-Party,125.0,0,0,08,2017-08-19,0,6,2.0,0,1,0,5,Guest_4244,Expected
City Hotel,0,116,34,21,1,3,1,0.0,0,BB,Offline TA/TO,TA/TO,0,0,0,1,0,Transient-Party,125.0,0,0,08,2017-08-21,0,4,1.0,0,1,1,0,Guest_4245,Expected
City Hotel,0,2,34,24,0,1,2,0.0,0,BB,Groups,TA/TO,0,0,0,0,0,Transient-Party,140.0,0,1,08,2017-08-24,0,1,2.0,0,1,0,3,Guest_4246,Expected
City Hotel,0,119,34,21,1,3,2,0.0,0,BB,Direct,Direct,0,0,0,2,0,Transient,90.7,0,2,08,2017-08-21,0,4,2.0,0,1,1,0,Guest_4247,Expected
City Hotel,0,59,34,23,0,2,2,0.0,0,SC,Online TA,TA/TO,0,0,0,0,0,Transient,95.12,0,0,08,2017-08-23,0,2,2.0,0,1,1,2,Guest_4248,Expected
City Hotel,0,209,34,22,0,3,2,0.0,0,SC,Online TA,TA/TO,0,0,0,0,0,Transient,108.0,1,1,08,2017-08-22,0,3,2.0,0,1,1,1,Guest_4249,Expected
City Hotel,0,2,34,24,0,1,2,0.0,0,BB,Groups,TA/TO,0,0,0,0,0,Transient-Party,140.0,0,1,08,2017-08-24,0,1,2.0,0,1,1,3,Guest_4250,Expected
City Hotel,0,121,34,24,0,1,1,0.0,0,BB,Offline TA/TO,TA/TO,0,0,0,1,0,Transient-Party,115.0,0,0,08,2017-08-24,0,1,1.0,0,1,1,3,Guest_4251,Expected
City Hotel,0,117,34,22,0,3,1,0.0,0,BB,Offline TA/TO,TA/TO,0,0,0,0,0,Transient-Party,115.0,0,1,08,2017-08-22,0,3,1.0,0,1,0,1,Guest_4252,Expected
City Hotel,0,115,34,20,2,3,1,0.0,0,BB,Offline TA/TO,TA/TO,0,0,0,1,0,Transient-Party,125.0,0,0,08,2017-08-20,0,5,1.0,0,1,1,6,Guest_4253,Expected
City Hotel,0,0,34,23,0,2,1,0.0,0,BB,Offline TA/TO,TA/TO,0,0,0,3,0,Transient-Party,115.0,0,0,08,2017-08-23,0,2,1.0,0,1,1,2,Guest_4254,Expected
City Hotel,0,116,34,21,1,3,1,0.0,0,BB,Offline TA/TO,TA/TO,0,0,0,2,0,Transient-Party,125.0,0,0,08,2017-08-21,0,4,1.0,0,1,1,0,Guest_4255,Expected
City Hotel,0,117,34,22,0,3,1,0.0,0,BB,Online TA,TA/TO,0,0,0,0,0,Transient,89.1,0,0,08,2017-08-22,1,3,1.0,0,1,1,1,Guest_4256,Expected
City Hotel,0,102,34,21,1,3,1,0.0,0,BB,Online TA,TA/TO,0,0,0,0,0,Transient,108.0,0,0,08,2017-08-21,0,4,1.0,0,1,1,0,Guest_4257,Expected
City Hotel,0,2,34,24,0,1,2,0.0,0,BB,Groups,TA/TO,0,0,0,0,0,Transient-Party,140.0,0,1,08,2017-08-24,0,1,2.0,0,1,1,3,Guest_4258,Expected
City Hotel,0,2,34,24,0,1,2,0.0,0,BB,Groups,TA/TO,0,0,0,0,0,Transient-Party,140.0,0,1,08,2017-08-24,0,1,2.0,0,1,1,3,Guest_4259,Expected
City Hotel,0,2,34,24,0,1,2,0.0,0,BB,Groups,TA/TO,0,0,0,0,0,Transient-Party,140.0,0,1,08,2017-08-24,0,1,2.0,0,1,1,3,Guest_4260,Expected
City Hotel,0,2,34,24,0,1,2,0.0,0,BB,Groups,TA/TO,0,0,0,0,0,Transient-Party,140.0,0,1,08,2017-08-24,0,1,2.0,0,1,1,3,Guest_4261,Expected
City Hotel,0,2,34,24,0,1,1,0.0,0,BB,Groups,TA/TO,0,0,0,0,0,Transient-Party,130.0,0,0,08,2017-08-24,0,1,1.0,0,1,1,3,Guest_4262,Expected
City Hotel,0,2,34,24,0,1,2,0.0,0,BB,Groups,TA/TO,0,0,0,0,0,Transient-Party,140.0,0,1,08,2017-08-24,0,1,2.0,0,1,1,3,Guest_4263,Expected
City Hotel,0,2,34,24,0,1,2,0.0,0,BB,Groups,TA/TO,0,0,0,0,0,Transient-Party,140.0,0,1,08,2017-08-24,0,1,2.0,0,1,1,3,Guest_4264,Expected
City Hotel,0,161,34,20,2,3,2,1.0,0,BB,Online TA,TA/TO,0,0,0,0,0,Transient,282.5,0,2,08,2017-08-20,0,5,3.0,0,1,1,6,Guest_4265,Expected
City Hotel,0,190,34,21,1,3,2,0.0,0,BB,Online TA,TA/TO,0,0,0,0,0,Transient,117.0,0,1,08,2017-08-21,0,4,2.0,0,1,1,0,Guest_4266,Expected
City Hotel,0,2,34,24,0,1,2,0.0,0,BB,Groups,TA/TO,0,0,0,0,0,Transient-Party,140.0,0,1,08,2017-08-24,0,1,2.0,0,1,1,3,Guest_4267,Expected
City Hotel,0,120,34,23,0,2,1,0.0,0,BB,Direct,Direct,0,0,0,3,0,Transient,180.0,0,2,08,2017-08-23,0,2,1.0,0,1,1,2,Guest_4268,Expected
City Hotel,0,155,34,21,1,3,2,1.0,0,BB,Direct,Direct,0,0,0,0,0,Transient,141.5,1,1,08,2017-08-21,0,4,3.0,0,1,1,0,Guest_4269,Expected
City Hotel,0,115,34,20,2,3,1,0.0,0,BB,Offline TA/TO,TA/TO,0,0,0,3,0,Transient-Party,115.0,0,0,08,2017-08-20,0,5,1.0,0,1,1,6,Guest_4270,Expected
City Hotel,0,184,34,22,0,3,2,0.0,0,BB,Online TA,TA/TO,0,0,0,2,0,Transient,130.5,1,2,08,2017-08-22,0,3,2.0,0,1,1,1,Guest_4271,Expected
City Hotel,0,184,34,22,0,3,2,0.0,0,BB,Online TA,TA/TO,0,0,0,2,0,Transient,121.5,1,2,08,2017-08-22,0,3,2.0,0,1,1,1,Guest_4272,Expected
City Hotel,0,2,34,24,0,1,1,0.0,0,BB,Direct,Direct,0,0,0,0,0,Transient,107.1,0,0,08,2017-08-24,0,1,1.0,0,1,1,3,Guest_4273,Expected
City Hotel,0,2,34,24,0,1,1,0.0,0,BB,Direct,Direct,0,0,0,0,0,Transient,107.1,0,0,08,2017-08-24,0,1,1.0,0,1,1,3,Guest_4274,Expected
City Hotel,0,4,34,22,0,3,1,0.0,0,SC,Online TA,TA/TO,0,0,0,0,0,Transient,98.4,0,1,08,2017-08-22,0,3,1.0,0,1,1,1,Guest_4275,Expected
City Hotel,0,7,34,23,0,2,2,0.0,0,HB,Online TA,TA/TO,0,0,0,0,0,Transient,196.5,0,1,08,2017-08-23,0,2,2.0,0,1,1,2,Guest_4276,Expected
City Hotel,0,3,34,24,0,1,1,1.0,0,SC,Online TA,TA/TO,0,0,0,1,0,Transient,119.0,0,1,08,2017-08-24,0,1,2.0,0,1,1,3,Guest_4277,Expected
City Hotel,0,0,34,24,0,1,2,0.0,0,BB,Direct,Direct,0,0,0,0,0,Transient,148.0,0,1,08,2017-08-24,0,1,2.0,0,0,0,3,Guest_4278,Expected
City Hotel,0,108,34,20,2,3,1,0.0,0,BB,Direct,Direct,0,0,0,0,0,Transient,112.5,0,0,08,2017-08-20,0,5,1.0,0,1,0,6,Guest_4279,Expected
City Hotel,0,96,34,21,1,3,2,0.0,0,BB,Offline TA/TO,TA/TO,0,0,0,0,0,Transient,89.1,0,0,08,2017-08-21,0,4,2.0,0,1,1,0,Guest_4280,Expected
City Hotel,0,29,34,24,0,1,2,0.0,0,BB,Online TA,TA/TO,0,0,0,0,0,Transient,111.2,0,1,08,2017-08-24,0,1,2.0,0,1,1,3,Guest_4281,Expected
City Hotel,0,29,34,24,0,1,2,0.0,0,BB,Online TA,TA/TO,0,0,0,0,0,Transient,111.2,0,1,08,2017-08-24,0,1,2.0,0,1,1,3,Guest_4282,Expected
City Hotel,0,40,34,21,1,3,1,0.0,0,SC,Online TA,TA/TO,0,0,0,0,0,Transient,99.6,0,1,08,2017-08-21,0,4,1.0,0,1,1,0,Guest_4283,Expected
City Hotel,0,117,34,22,0,3,1,0.0,0,BB,Offline TA/TO,TA/TO,0,0,0,2,0,Transient-Party,115.0,0,0,08,2017-08-22,0,3,1.0,0,1,1,1,Guest_4284,Expected
City Hotel,0,173,33,18,2,5,2,0.0,0,SC,Online TA,TA/TO,0,0,0,0,0,Transient,100.93,0,2,08,2017-08-18,0,7,2.0,0,1,1,4,Guest_4285,Expected
City Hotel,0,210,33,18,2,5,1,0.0,0,SC,Online TA,TA/TO,0,0,0,0,0,Transient,99.51,0,3,08,2017-08-18,0,7,1.0,0,1,1,4,Guest_4286,Expected
City Hotel,0,30,34,23,0,2,2,0.0,0,SC,Online TA,TA/TO,0,0,0,0,0,Transient,129.5,0,1,08,2017-08-23,0,2,2.0,0,1,1,2,Guest_4287,Expected
City Hotel,0,95,34,21,1,3,2,0.0,0,BB,Offline TA/TO,TA/TO,0,0,0,0,0,Transient,80.1,0,1,08,2017-08-21,0,4,2.0,0,1,1,0,Guest_4288,Expected
City Hotel,0,2,34,24,0,1,1,0.0,0,BB,Groups,TA/TO,0,0,0,0,0,Transient-Party,130.0,0,0,08,2017-08-24,0,1,1.0,0,1,1,3,Guest_4289,Expected
City Hotel,0,182,34,22,0,3,2,2.0,0,BB,Offline TA/TO,TA/TO,0,0,0,0,0,Transient,173.73,0,1,08,2017-08-22,0,3,4.0,0,1,1,1,Guest_4290,Expected
City Hotel,0,118,34,20,2,3,2,0.0,0,BB,Offline TA/TO,TA/TO,0,0,0,0,0,Transient,71.1,0,0,08,2017-08-20,0,5,2.0,0,1,1,6,Guest_4291,Expected
City Hotel,0,141,34,23,0,2,2,0.0,0,BB,Direct,Direct,0,0,0,0,0,Transient,150.0,0,2,08,2017-08-23,0,2,2.0,0,1,1,2,Guest_4292,Expected
City Hotel,0,115,34,20,2,3,1,0.0,0,BB,Offline TA/TO,TA/TO,0,0,0,0,0,Transient-Party,115.0,0,0,08,2017-08-20,0,5,1.0,0,1,0,6,Guest_4293,Expected
City Hotel,0,211,34,23,0,2,2,1.0,0,BB,Online TA,TA/TO,0,0,0,0,0,Transient-Party,135.0,0,3,08,2017-08-23,0,2,3.0,0,1,1,2,Guest_4294,Expected
City Hotel,0,263,34,22,0,3,2,2.0,0,BB,Online TA,TA/TO,0,0,0,0,0,Transient,168.0,0,1,08,2017-08-22,0,3,4.0,0,1,1,1,Guest_4295,Expected
City Hotel,0,211,34,23,0,2,2,0.0,0,SC,Online TA,TA/TO,0,0,0,2,0,Transient-Party,99.0,0,2,08,2017-08-23,0,2,2.0,0,1,1,2,Guest_4296,Expected
City Hotel,0,164,33,18,2,5,2,0.0,0,BB,Offline TA/TO,TA/TO,0,0,0,0,0,Transient,89.1,0,0,08,2017-08-18,0,7,2.0,0,1,1,4,Guest_4297,Expected
City Hotel,0,1,34,24,0,1,2,1.0,0,BB,Complementary,Direct,0,0,0,1,0,Transient,0.0,0,3,08,2017-08-24,1,1,3.0,1,0,0,3,Guest_4298,Expected
City Hotel,0,41,34,22,0,3,2,1.0,0,SC,Direct,Direct,0,0,0,0,0,Transient,152.67,0,1,08,2017-08-22,0,3,3.0,0,1,1,1,Guest_4299,Expected
City Hotel,0,142,34,24,0,1,2,0.0,0,BB,Direct,Direct,0,0,0,0,0,Transient,150.0,0,2,08,2017-08-24,0,1,2.0,0,1,1,3,Guest_4300,Expected
City Hotel,0,2,34,24,0,1,2,1.0,0,BB,Online TA,TA/TO,0,0,0,0,0,Transient,113.98,0,1,08,2017-08-24,0,1,3.0,0,1,0,3,Guest_4301,Expected
City Hotel,0,23,34,23,0,2,3,0.0,0,BB,Direct,Direct,0,0,0,0,0,Transient,189.5,0,1,08,2017-08-23,0,2,3.0,0,1,0,2,Guest_4302,Expected
City Hotel,0,141,34,23,0,2,2,0.0,0,HB,Direct,Direct,0,0,0,1,0,Transient,186.0,0,2,08,2017-08-23,0,2,2.0,0,1,1,2,Guest_4303,Expected
City Hotel,0,37,34,24,0,1,2,0.0,0,SC,Online TA,TA/TO,0,0,0,0,0,Transient,119.0,0,1,08,2017-08-24,0,1,2.0,0,1,1,3,Guest_4304,Expected
City Hotel,0,141,34,23,0,2,2,0.0,0,BB,Direct,Direct,0,0,0,0,0,Transient,150.0,0,2,08,2017-08-23,0,2,2.0,0,1,1,2,Guest_4305,Expected
City Hotel,0,142,34,24,0,1,2,0.0,0,BB,Direct,Direct,0,0,0,1,0,Transient,150.0,0,2,08,2017-08-24,0,1,2.0,0,1,1,3,Guest_4306,Expected
City Hotel,0,142,34,24,0,1,2,0.0,0,BB,Direct,Direct,0,0,0,1,0,Transient,150.0,0,2,08,2017-08-24,1,1,2.0,0,1,1,3,Guest_4307,Expected
City Hotel,0,141,34,23,0,2,2,0.0,0,BB,Direct,Direct,0,0,0,0,0,Transient,150.0,0,2,08,2017-08-23,0,2,2.0,0,1,1,2,Guest_4308,Expected
City Hotel,0,63,34,23,0,2,2,0.0,0,BB,Online TA,TA/TO,0,0,0,1,0,Transient,139.0,0,1,08,2017-08-23,0,2,2.0,0,1,1,2,Guest_4309,Expected
City Hotel,0,163,34,24,0,1,2,0.0,0,BB,Offline TA/TO,TA/TO,0,0,0,0,0,Transient,80.1,0,0,08,2017-08-24,1,1,2.0,0,1,1,3,Guest_4310,Expected
City Hotel,0,96,34,21,1,3,1,0.0,0,BB,Offline TA/TO,TA/TO,0,0,0,0,0,Transient-Party,115.0,0,0,08,2017-08-21,0,4,1.0,0,1,1,0,Guest_4311,Expected
City Hotel,0,139,34,20,2,3,2,0.0,0,SC,Online TA,TA/TO,0,0,0,0,0,Transient,125.0,0,1,08,2017-08-20,0,5,2.0,0,1,1,6,Guest_4312,Expected
City Hotel,0,181,34,21,1,3,2,0.0,0,SC,Online TA,TA/TO,0,0,0,2,0,Transient,101.75,0,1,08,2017-08-21,0,4,2.0,0,1,1,0,Guest_4313,Expected
City Hotel,0,116,34,20,2,3,1,0.0,0,SC,Offline TA/TO,TA/TO,0,0,0,1,0,Transient,67.15,0,1,08,2017-08-20,0,5,1.0,0,1,1,6,Guest_4314,Expected
City Hotel,0,155,34,20,2,3,2,0.0,0,HB,Online TA,TA/TO,0,0,0,2,0,Transient,141.0,1,1,08,2017-08-20,0,5,2.0,0,1,1,6,Guest_4315,Expected
City Hotel,0,115,34,20,2,3,1,0.0,0,BB,Offline TA/TO,TA/TO,0,0,0,1,0,Transient-Party,125.0,0,0,08,2017-08-20,0,5,1.0,0,1,1,6,Guest_4316,Expected
City Hotel,0,168,34,20,2,3,2,0.0,0,BB,Online TA,TA/TO,0,0,0,0,0,Transient,130.5,0,1,08,2017-08-20,0,5,2.0,0,1,1,6,Guest_4317,Expected
City Hotel,0,196,34,21,1,3,2,1.0,0,BB,Online TA,TA/TO,0,0,0,0,0,Transient,135.0,0,3,08,2017-08-21,0,4,3.0,0,1,1,0,Guest_4318,Expected
City Hotel,0,177,34,23,0,2,2,2.0,0,BB,Direct,Direct,0,0,0,0,0,Transient,230.0,0,0,08,2017-08-23,0,2,4.0,0,1,1,2,Guest_4319,Expected
City Hotel,0,0,34,24,0,1,2,0.0,0,SC,Online TA,TA/TO,0,0,0,0,0,Transient,128.0,0,1,08,2017-08-24,0,1,2.0,0,1,1,3,Guest_4320,Expected
City Hotel,0,6,34,23,0,2,1,0.0,0,BB,Direct,Direct,0,0,0,0,0,Transient,100.0,0,1,08,2017-08-23,0,2,1.0,0,0,0,2,Guest_4321,Expected
City Hotel,0,115,34,20,2,3,1,0.0,0,BB,Offline TA/TO,TA/TO,0,0,0,0,0,Transient-Party,115.0,0,1,08,2017-08-20,0,5,1.0,0,1,1,6,Guest_4322,Expected
City Hotel,0,181,34,21,1,3,2,0.0,0,SC,Online TA,TA/TO,0,0,0,0,0,Transient,108.0,0,1,08,2017-08-21,0,4,2.0,0,1,1,0,Guest_4323,Expected
City Hotel,0,115,34,21,1,3,2,1.0,0,BB,Online TA,TA/TO,0,0,0,1,0,Transient,195.0,0,3,08,2017-08-21,0,4,3.0,0,1,1,0,Guest_4324,Expected
City Hotel,0,48,34,22,0,3,1,0.0,0,BB,Online TA,TA/TO,0,0,0,0,0,Transient,116.99,0,0,08,2017-08-22,1,3,1.0,0,1,1,1,Guest_4325,Expected
City Hotel,0,55,34,20,2,3,1,0.0,0,BB,Groups,TA/TO,0,0,0,2,0,Transient-Party,115.0,0,0,08,2017-08-20,0,5,1.0,0,1,1,6,Guest_4326,Expected
City Hotel,0,121,33,19,2,4,2,0.0,0,BB,Direct,Direct,0,0,0,4,0,Transient,114.75,0,1,08,2017-08-19,0,6,2.0,0,1,1,5,Guest_4327,Expected
City Hotel,0,8,34,23,0,2,2,0.0,0,SC,Online TA,TA/TO,0,0,0,0,0,Transient,129.5,0,0,08,2017-08-23,0,2,2.0,0,1,1,2,Guest_4328,Expected
City Hotel,0,234,34,22,0,3,2,0.0,0,BB,Offline TA/TO,TA/TO,0,0,0,0,0,Transient,80.1,0,1,08,2017-08-22,0,3,2.0,0,1,1,1,Guest_4329,Expected
City Hotel,0,109,34,20,2,4,2,0.0,1,BB,Direct,Direct,0,0,0,2,0,Transient-Party,146.25,0,2,08,2017-08-20,0,6,3.0,0,1,1,6,Guest_4330,Expected
City Hotel,0,110,34,20,2,4,2,0.0,0,BB,Direct,Direct,0,0,0,3,0,Transient-Party,146.25,0,1,08,2017-08-20,0,6,2.0,0,1,1,6,Guest_4331,Expected
City Hotel,0,205,34,25,0,1,2,0.0,0,SC,Online TA,TA/TO,0,0,0,0,0,Transient,99.0,0,0,08,2017-08-25,1,1,2.0,0,1,1,4,Guest_4332,Expected
City Hotel,0,5,34,22,0,4,3,0.0,0,BB,Online TA,TA/TO,0,0,0,0,0,Transient,155.61,0,2,08,2017-08-22,0,4,3.0,0,1,1,1,Guest_4333,Expected
City Hotel,0,121,34,23,0,3,2,0.0,0,SC,Online TA,TA/TO,0,0,0,0,0,Transient,95.0,0,1,08,2017-08-23,0,3,2.0,0,1,1,2,Guest_4334,Expected
City Hotel,0,39,34,22,0,4,2,0.0,0,SC,Online TA,TA/TO,0,0,0,0,0,Transient,134.5,0,1,08,2017-08-22,0,4,2.0,0,1,1,1,Guest_4335,Expected
City Hotel,0,95,33,19,2,5,2,0.0,0,BB,Offline TA/TO,TA/TO,0,0,0,1,0,Transient-Party,125.0,0,1,08,2017-08-19,0,7,2.0,0,1,1,5,Guest_4336,Expected
City Hotel,0,34,34,23,0,3,2,0.0,0,BB,Online TA,TA/TO,0,0,0,0,0,Transient,153.0,0,1,08,2017-08-23,0,3,2.0,0,1,1,2,Guest_4337,Expected
City Hotel,0,230,34,21,1,4,2,0.0,0,BB,Online TA,TA/TO,0,0,0,0,0,Transient,117.0,0,2,08,2017-08-21,0,5,2.0,0,1,1,0,Guest_4338,Expected
City Hotel,0,159,34,22,0,4,3,0.0,0,BB,Online TA,TA/TO,0,0,0,1,0,Transient,111.6,0,0,08,2017-08-22,0,4,3.0,0,1,1,1,Guest_4339,Expected
City Hotel,0,186,33,19,2,5,2,2.0,0,BB,Online TA,TA/TO,0,0,0,0,0,Transient,218.43,0,0,08,2017-08-19,0,7,4.0,0,1,1,5,Guest_4340,Expected
City Hotel,0,193,34,23,0,3,2,0.0,0,BB,Online TA,TA/TO,0,0,0,0,0,Transient,126.0,0,1,08,2017-08-23,0,3,2.0,0,1,1,2,Guest_4341,Expected
City Hotel,0,121,34,20,2,4,2,0.0,0,SC,Online TA,TA/TO,0,0,0,0,0,Transient,100.0,0,1,08,2017-08-20,0,6,2.0,0,1,1,6,Guest_4342,Expected
City Hotel,0,116,34,21,1,4,2,0.0,0,HB,Direct,Direct,0,0,0,1,0,Transient,176.0,0,0,08,2017-08-21,0,5,2.0,0,1,1,0,Guest_4343,Expected
City Hotel,0,22,34,24,0,2,2,0.0,0,BB,Online TA,TA/TO,0,0,0,0,0,Transient,149.5,0,1,08,2017-08-24,0,2,2.0,0,1,1,3,Guest_4344,Expected
City Hotel,0,33,34,22,0,4,2,0.0,0,HB,Online TA,TA/TO,0,0,0,0,0,Transient,201.75,0,1,08,2017-08-22,0,4,2.0,0,1,1,1,Guest_4345,Expected
City Hotel,0,2,34,25,0,1,2,0.0,0,BB,Direct,Direct,0,0,0,0,0,Transient,170.0,0,3,08,2017-08-25,1,1,2.0,0,0,0,4,Guest_4346,Expected
City Hotel,0,42,34,26,0,1,2,0.0,0,BB,Online TA,Direct,0,0,0,2,0,Transient,170.0,0,3,08,2017-08-26,0,1,2.0,0,1,0,5,Guest_4347,Expected
City Hotel,0,111,34,20,2,4,2,0.0,0,BB,Direct,Direct,0,0,0,1,0,Transient,160.0,0,2,08,2017-08-20,0,6,2.0,0,1,1,6,Guest_4348,Expected
City Hotel,0,111,34,20,2,4,2,0.0,0,BB,Direct,Direct,0,0,0,1,0,Transient,160.0,0,3,08,2017-08-20,0,6,2.0,0,1,1,6,Guest_4349,Expected
City Hotel,0,111,34,24,0,2,3,0.0,0,BB,Online TA,TA/TO,0,0,0,1,0,Transient,195.0,0,2,08,2017-08-24,0,2,3.0,0,1,1,3,Guest_4350,Expected
City Hotel,0,111,34,24,0,2,2,0.0,0,SC,Online TA,TA/TO,0,0,0,1,0,Transient,125.0,0,1,08,2017-08-24,0,2,2.0,0,1,1,3,Guest_4351,Expected
City Hotel,0,95,34,20,2,4,2,0.0,0,BB,Offline TA/TO,TA/TO,0,0,0,0,0,Transient-Party,125.0,0,0,08,2017-08-20,0,6,2.0,0,1,1,6,Guest_4352,Expected
City Hotel,0,217,34,21,1,4,2,1.0,0,BB,Online TA,TA/TO,0,0,0,0,0,Transient,135.0,0,5,08,2017-08-21,0,5,3.0,0,1,1,0,Guest_4353,Expected
City Hotel,0,191,34,22,0,4,3,0.0,0,BB,Online TA,TA/TO,0,0,0,0,0,Transient,162.0,0,1,08,2017-08-22,0,4,3.0,0,1,1,1,Guest_4354,Expected
City Hotel,0,11,34,24,0,2,2,0.0,0,BB,Direct,Direct,0,0,0,1,0,Transient,148.5,1,0,08,2017-08-24,0,2,2.0,0,1,1,3,Guest_4355,Expected
City Hotel,0,114,34,23,0,3,2,0.0,0,SC,Online TA,TA/TO,0,0,0,0,0,Transient,125.0,0,1,08,2017-08-23,0,3,2.0,0,1,1,2,Guest_4356,Expected
City Hotel,0,18,34,24,0,2,2,1.0,0,BB,Online TA,TA/TO,0,0,0,0,0,Transient,178.5,0,2,08,2017-08-24,0,2,3.0,0,1,1,3,Guest_4357,Expected
City Hotel,0,179,34,21,1,4,2,1.0,0,BB,Direct,Direct,0,0,0,0,0,Transient,165.0,0,1,08,2017-08-21,0,5,3.0,0,1,1,0,Guest_4358,Expected
City Hotel,0,98,34,20,2,4,1,0.0,0,BB,Direct,Direct,0,0,0,0,0,Transient,150.0,0,0,08,2017-08-20,0,6,1.0,0,1,1,6,Guest_4359,Expected
City Hotel,0,46,34,23,0,3,1,0.0,0,SC,Online TA,TA/TO,0,0,0,4,0,Transient,98.4,0,1,08,2017-08-23,0,3,1.0,0,1,1,2,Guest_4360,Expected
City Hotel,0,198,34,22,0,4,2,0.0,0,SC,Online TA,TA/TO,0,0,0,0,0,Transient,99.0,0,0,08,2017-08-22,0,4,2.0,0,1,1,1,Guest_4361,Expected
City Hotel,0,179,34,21,1,4,2,1.0,0,BB,Direct,Direct,0,0,0,0,0,Transient,139.0,0,1,08,2017-08-21,1,5,3.0,0,1,1,0,Guest_4362,Expected
City Hotel,0,159,34,22,0,4,2,0.0,0,BB,Online TA,TA/TO,0,0,0,0,0,Transient,139.5,0,1,08,2017-08-22,0,4,2.0,0,1,1,1,Guest_4363,Expected
City Hotel,0,148,34,21,1,4,3,0.0,0,BB,Online TA,TA/TO,0,0,0,0,0,Transient,142.2,0,1,08,2017-08-21,0,5,3.0,0,1,1,0,Guest_4364,Expected
City Hotel,0,35,34,22,0,4,2,0.0,0,BB,Online TA,TA/TO,0,0,0,0,0,Transient,131.8,0,1,08,2017-08-22,0,4,2.0,0,1,1,1,Guest_4365,Expected
City Hotel,0,38,34,22,0,4,2,0.0,0,SC,Online TA,TA/TO,0,0,0,0,0,Transient,134.5,0,1,08,2017-08-22,0,4,2.0,0,1,1,1,Guest_4366,Expected
City Hotel,0,196,33,19,2,5,2,0.0,0,HB,Online TA,TA/TO,0,0,0,0,0,Transient,149.79,0,3,08,2017-08-19,0,7,2.0,0,1,1,5,Guest_4367,Expected
City Hotel,0,163,34,23,0,3,2,2.0,0,BB,Direct,Direct,0,0,0,0,0,Transient,200.0,0,1,08,2017-08-23,0,3,4.0,0,1,1,2,Guest_4368,Expected
City Hotel,0,6,34,25,0,1,2,1.0,0,BB,Corporate,Corporate,0,0,0,0,0,Transient,169.0,0,1,08,2017-08-25,1,1,3.0,0,0,0,4,Guest_4369,Expected
City Hotel,0,12,34,24,0,2,2,0.0,0,BB,Direct,Direct,0,0,0,0,0,Transient,148.5,1,0,08,2017-08-24,0,2,2.0,0,1,1,3,Guest_4370,Expected
City Hotel,0,152,34,20,2,4,2,1.0,0,BB,Online TA,TA/TO,0,0,0,0,0,Transient,148.5,0,2,08,2017-08-20,0,6,3.0,0,1,1,6,Guest_4371,Expected
City Hotel,0,95,33,19,2,5,1,0.0,0,BB,Offline TA/TO,TA/TO,0,0,0,4,0,Transient-Party,115.0,0,0,08,2017-08-19,0,7,1.0,0,1,1,5,Guest_4372,Expected
City Hotel,0,117,34,21,1,4,2,0.0,0,BB,Offline TA/TO,TA/TO,0,0,0,0,0,Transient,80.1,0,0,08,2017-08-21,0,5,2.0,0,1,1,0,Guest_4373,Expected
City Hotel,0,162,34,21,1,4,2,1.0,0,BB,Online TA,TA/TO,0,0,0,1,0,Transient,148.5,0,0,08,2017-08-21,0,5,3.0,0,1,1,0,Guest_4374,Expected
City Hotel,0,181,33,19,2,5,1,0.0,0,BB,Online TA,TA/TO,0,0,0,1,0,Transient-Party,124.59,0,0,08,2017-08-19,0,7,1.0,0,1,1,5,Guest_4375,Expected
City Hotel,0,70,34,24,0,2,3,0.0,0,BB,Online TA,TA/TO,0,0,0,0,0,Transient,199.0,0,2,08,2017-08-24,0,2,3.0,0,1,1,3,Guest_4376,Expected
City Hotel,0,178,34,22,0,4,3,0.0,0,BB,Online TA,TA/TO,0,0,0,0,0,Transient,162.0,0,2,08,2017-08-22,0,4,3.0,0,1,1,1,Guest_4377,Expected
City Hotel,0,43,34,25,0,1,2,0.0,0,SC,Online TA,TA/TO,0,0,0,0,0,Transient,140.0,0,3,08,2017-08-25,0,1,2.0,0,1,1,4,Guest_4378,Expected
City Hotel,0,165,34,25,0,1,3,0.0,0,BB,Online TA,TA/TO,0,0,0,0,0,Transient,175.5,0,0,08,2017-08-25,0,1,3.0,0,1,1,4,Guest_4379,Expected
City Hotel,0,32,34,24,0,2,2,0.0,0,SC,Online TA,TA/TO,0,0,0,0,0,Transient,129.5,0,1,08,2017-08-24,0,2,2.0,0,1,1,3,Guest_4380,Expected
City Hotel,0,215,34,25,0,1,2,2.0,0,BB,Direct,Direct,0,0,0,0,0,Transient,215.0,0,0,08,2017-08-25,0,1,4.0,0,1,1,4,Guest_4381,Expected
City Hotel,0,63,34,23,0,3,1,0.0,0,BB,Direct,Direct,0,0,0,0,0,Transient,119.4,0,0,08,2017-08-23,0,3,1.0,0,1,1,2,Guest_4382,Expected
City Hotel,0,58,34,24,0,2,2,0.0,0,SC,Online TA,TA/TO,0,0,0,0,0,Transient,138.0,0,1,08,2017-08-24,0,2,2.0,0,1,1,3,Guest_4383,Expected
City Hotel,0,159,34,22,0,4,2,0.0,0,BB,Online TA,TA/TO,0,0,0,1,0,Transient,104.4,0,0,08,2017-08-22,0,4,2.0,0,1,1,1,Guest_4384,Expected
City Hotel,0,124,34,20,2,4,2,0.0,0,SC,Online TA,TA/TO,0,0,0,0,0,Transient,125.0,0,2,08,2017-08-20,0,6,2.0,0,1,0,6,Guest_4385,Expected
City Hotel,0,124,34,20,2,4,2,1.0,0,BB,Online TA,TA/TO,0,0,0,0,0,Transient,172.5,0,3,08,2017-08-20,0,6,3.0,0,1,1,6,Guest_4386,Expected
City Hotel,0,114,33,19,2,5,1,0.0,0,BB,Offline TA/TO,TA/TO,0,0,0,0,0,Transient-Party,115.0,0,0,08,2017-08-19,0,7,1.0,0,1,0,5,Guest_4387,Expected
City Hotel,0,215,34,25,0,1,2,3.0,0,BB,Direct,Direct,0,0,0,0,0,Transient,245.0,0,1,08,2017-08-25,0,1,5.0,0,1,1,4,Guest_4388,Expected
City Hotel,0,181,33,19,2,5,2,1.0,0,BB,Online TA,TA/TO,0,0,0,0,0,Transient-Party,218.43,0,1,08,2017-08-19,0,7,3.0,0,1,1,5,Guest_4389,Expected
City Hotel,0,115,34,20,2,4,1,0.0,0,BB,Offline TA/TO,TA/TO,0,0,0,0,0,Transient-Party,115.0,0,2,08,2017-08-20,0,6,1.0,0,1,1,6,Guest_4390,Expected
City Hotel,0,101,34,20,2,4,1,0.0,0,BB,Online TA,TA/TO,0,0,0,0,0,Transient,135.0,0,1,08,2017-08-20,0,6,1.0,0,1,1,6,Guest_4391,Expected
City Hotel,0,143,34,23,0,4,2,0.0,0,BB,Online TA,TA/TO,0,0,0,0,0,Transient,155.0,0,1,08,2017-08-23,1,4,2.0,0,1,1,2,Guest_4392,Expected
City Hotel,0,261,34,24,0,3,3,0.0,0,BB,Offline TA/TO,TA/TO,0,0,0,0,0,Transient,119.0,0,1,08,2017-08-24,0,3,3.0,0,1,1,3,Guest_4393,Expected
City Hotel,0,18,34,23,0,4,2,0.0,0,SC,Online TA,TA/TO,0,0,0,0,0,Transient,134.75,0,1,08,2017-08-23,0,4,2.0,0,1,1,2,Guest_4394,Expected
City Hotel,0,103,34,21,1,5,2,0.0,0,BB,Online TA,TA/TO,0,0,0,0,0,Transient,117.8,0,1,08,2017-08-21,0,6,2.0,0,1,1,0,Guest_4395,Expected
City Hotel,0,457,34,25,0,2,2,0.0,0,HB,Offline TA/TO,TA/TO,0,0,0,1,0,Transient-Party,122.4,0,1,08,2017-08-25,0,2,2.0,0,1,1,4,Guest_4396,Expected
City Hotel,0,457,34,25,0,2,1,0.0,0,HB,Offline TA/TO,TA/TO,0,0,0,1,0,Transient-Party,23.0,0,1,08,2017-08-25,0,2,1.0,0,1,1,4,Guest_4397,Expected
City Hotel,0,457,34,25,0,2,2,0.0,0,HB,Offline TA/TO,TA/TO,0,0,0,1,0,Transient-Party,122.4,0,1,08,2017-08-25,0,2,2.0,0,1,1,4,Guest_4398,Expected
City Hotel,0,28,34,24,0,3,2,0.0,0,BB,Online TA,TA/TO,0,0,0,0,0,Transient,163.0,0,2,08,2017-08-24,0,3,2.0,0,1,1,3,Guest_4399,Expected
City Hotel,0,159,34,24,0,3,3,0.0,0,BB,Online TA,TA/TO,0,0,0,1,0,Transient,202.5,0,1,08,2017-08-24,0,3,3.0,0,1,1,3,Guest_4400,Expected
City Hotel,0,32,34,25,0,2,2,0.0,0,BB,Online TA,TA/TO,0,0,0,0,0,Transient,170.0,0,1,08,2017-08-25,0,2,2.0,0,1,1,4,Guest_4401,Expected
City Hotel,0,136,34,20,2,5,2,0.0,0,BB,Online TA,TA/TO,0,0,0,0,0,Transient,109.39,0,1,08,2017-08-20,0,7,2.0,0,1,1,6,Guest_4402,Expected
City Hotel,0,237,34,22,0,5,2,0.0,0,BB,Offline TA/TO,TA/TO,0,0,0,0,0,Transient,80.1,0,0,08,2017-08-22,0,5,2.0,0,1,1,1,Guest_4403,Expected
City Hotel,0,457,34,25,0,2,1,0.0,0,HB,Offline TA/TO,TA/TO,0,0,0,2,0,Transient-Party,95.5,0,1,08,2017-08-25,0,2,1.0,0,1,1,4,Guest_4404,Expected
City Hotel,0,457,34,25,0,2,1,0.0,0,HB,Offline TA/TO,TA/TO,0,0,0,2,0,Transient-Party,95.5,0,1,08,2017-08-25,0,2,1.0,0,1,1,4,Guest_4405,Expected
City Hotel,0,457,34,25,0,2,2,0.0,0,HB,Offline TA/TO,TA/TO,0,0,0,1,0,Transient-Party,122.4,0,1,08,2017-08-25,0,2,2.0,0,1,1,4,Guest_4406,Expected
City Hotel,0,457,34,25,0,2,2,0.0,0,HB,Offline TA/TO,TA/TO,0,0,0,1,0,Transient-Party,122.4,0,1,08,2017-08-25,0,2,2.0,0,1,1,4,Guest_4407,Expected
City Hotel,0,457,34,25,0,2,2,0.0,0,HB,Offline TA/TO,TA/TO,0,0,0,1,0,Transient-Party,122.4,0,1,08,2017-08-25,0,2,2.0,0,1,1,4,Guest_4408,Expected
City Hotel,0,457,34,25,0,2,1,0.0,0,HB,Offline TA/TO,TA/TO,0,0,0,2,0,Transient-Party,95.5,0,1,08,2017-08-25,0,2,1.0,0,1,1,4,Guest_4409,Expected
City Hotel,0,457,34,25,0,2,2,0.0,0,HB,Offline TA/TO,TA/TO,0,0,0,1,0,Transient-Party,122.4,0,1,08,2017-08-25,0,2,2.0,0,1,1,4,Guest_4410,Expected
City Hotel,0,457,34,25,0,2,2,0.0,0,HB,Offline TA/TO,TA/TO,0,0,0,1,0,Transient-Party,122.4,0,1,08,2017-08-25,0,2,2.0,0,1,1,4,Guest_4411,Expected
City Hotel,0,457,34,25,0,2,2,0.0,0,HB,Offline TA/TO,TA/TO,0,0,0,1,0,Transient-Party,122.4,0,1,08,2017-08-25,0,2,2.0,0,1,1,4,Guest_4412,Expected
City Hotel,0,457,34,25,0,2,2,0.0,0,HB,Offline TA/TO,TA/TO,0,0,0,1,0,Transient-Party,122.4,0,1,08,2017-08-25,0,2,2.0,0,1,1,4,Guest_4413,Expected
City Hotel,0,22,34,25,0,2,1,0.0,0,HB,Groups,TA/TO,0,0,0,1,0,Transient-Party,95.5,0,0,08,2017-08-25,0,2,1.0,0,1,1,4,Guest_4414,Expected
City Hotel,0,457,34,25,0,2,2,0.0,0,HB,Offline TA/TO,TA/TO,0,0,0,1,0,Transient-Party,122.4,0,1,08,2017-08-25,0,2,2.0,0,1,1,4,Guest_4415,Expected
City Hotel,0,457,34,25,0,2,2,0.0,0,HB,Offline TA/TO,TA/TO,0,0,0,1,0,Transient-Party,122.4,0,1,08,2017-08-25,0,2,2.0,0,1,1,4,Guest_4416,Expected
City Hotel,0,457,34,25,0,2,1,0.0,0,HB,Offline TA/TO,TA/TO,0,0,0,2,0,Transient-Party,95.5,0,1,08,2017-08-25,0,2,1.0,0,1,1,4,Guest_4417,Expected
City Hotel,0,457,34,25,0,2,2,0.0,0,HB,Offline TA/TO,TA/TO,0,0,0,1,0,Transient-Party,122.4,0,1,08,2017-08-25,0,2,2.0,0,1,1,4,Guest_4418,Expected
City Hotel,0,457,34,25,0,2,2,0.0,0,HB,Offline TA/TO,TA/TO,0,0,0,1,0,Transient-Party,122.4,0,1,08,2017-08-25,0,2,2.0,0,1,1,4,Guest_4419,Expected
City Hotel,0,457,34,25,0,2,2,0.0,0,HB,Offline TA/TO,TA/TO,0,0,0,1,0,Transient-Party,122.4,0,1,08,2017-08-25,0,2,2.0,0,1,1,4,Guest_4420,Expected
City Hotel,0,457,34,25,0,2,2,0.0,0,HB,Offline TA/TO,TA/TO,0,0,0,1,0,Transient-Party,122.4,0,1,08,2017-08-25,1,2,2.0,0,1,1,4,Guest_4421,Expected
City Hotel,0,457,34,25,0,2,2,0.0,0,HB,Offline TA/TO,TA/TO,0,0,0,1,0,Transient-Party,122.4,0,1,08,2017-08-25,0,2,2.0,0,1,1,4,Guest_4422,Expected
City Hotel,0,457,34,25,0,2,2,0.0,0,HB,Offline TA/TO,TA/TO,0,0,0,1,0,Transient-Party,122.4,0,1,08,2017-08-25,0,2,2.0,0,1,1,4,Guest_4423,Expected
City Hotel,0,457,34,25,0,2,2,0.0,0,HB,Offline TA/TO,TA/TO,0,0,0,1,0,Transient-Party,122.4,0,1,08,2017-08-25,0,2,2.0,0,1,1,4,Guest_4424,Expected
City Hotel,0,457,34,25,0,2,2,0.0,0,HB,Offline TA/TO,TA/TO,0,0,0,1,0,Transient-Party,122.4,0,1,08,2017-08-25,0,2,2.0,0,1,1,4,Guest_4425,Expected
City Hotel,0,457,34,25,0,2,2,0.0,0,HB,Offline TA/TO,TA/TO,0,0,0,1,0,Transient-Party,122.4,0,1,08,2017-08-25,0,2,2.0,0,1,1,4,Guest_4426,Expected
City Hotel,0,457,34,25,0,2,2,0.0,0,HB,Offline TA/TO,TA/TO,0,0,0,1,0,Transient-Party,122.4,0,1,08,2017-08-25,0,2,2.0,0,1,1,4,Guest_4427,Expected
City Hotel,0,457,34,25,0,2,2,0.0,0,HB,Offline TA/TO,TA/TO,0,0,0,1,0,Transient-Party,122.4,0,1,08,2017-08-25,0,2,2.0,0,1,1,4,Guest_4428,Expected
City Hotel,0,457,34,25,0,2,2,0.0,0,HB,Offline TA/TO,TA/TO,0,0,0,1,0,Transient-Party,114.4,0,1,08,2017-08-25,0,2,2.0,0,1,1,4,Guest_4429,Expected
City Hotel,0,457,34,25,0,2,2,0.0,0,HB,Offline TA/TO,TA/TO,0,0,0,1,0,Transient-Party,122.4,0,1,08,2017-08-25,0,2,2.0,0,1,1,4,Guest_4430,Expected
City Hotel,0,195,34,24,0,3,2,0.0,0,BB,Online TA,TA/TO,0,0,0,0,0,Transient,126.0,0,0,08,2017-08-24,0,3,2.0,0,1,1,3,Guest_4431,Expected
City Hotel,0,457,34,25,0,2,2,0.0,0,HB,Offline TA/TO,TA/TO,0,0,0,3,0,Transient-Party,122.4,0,1,08,2017-08-25,0,2,2.0,0,1,1,4,Guest_4432,Expected
City Hotel,0,457,34,25,0,2,1,0.0,0,HB,Offline TA/TO,TA/TO,0,0,0,2,0,Transient-Party,95.5,0,1,08,2017-08-25,0,2,1.0,0,1,1,4,Guest_4433,Expected
City Hotel,0,457,34,25,0,2,2,0.0,0,HB,Offline TA/TO,TA/TO,0,0,0,1,0,Transient-Party,122.4,0,1,08,2017-08-25,0,2,2.0,0,1,1,4,Guest_4434,Expected
City Hotel,0,457,34,25,0,2,1,0.0,0,HB,Offline TA/TO,TA/TO,0,0,0,2,0,Transient-Party,95.5,0,1,08,2017-08-25,0,2,1.0,0,1,1,4,Guest_4435,Expected
City Hotel,0,457,34,25,0,2,1,0.0,0,HB,Offline TA/TO,TA/TO,0,0,0,2,0,Transient-Party,95.5,0,1,08,2017-08-25,0,2,1.0,0,1,1,4,Guest_4436,Expected
City Hotel,0,457,34,25,0,2,2,0.0,0,HB,Offline TA/TO,TA/TO,0,0,0,1,0,Transient-Party,122.4,0,1,08,2017-08-25,0,2,2.0,0,1,1,4,Guest_4437,Expected
City Hotel,0,457,34,25,0,2,2,0.0,0,HB,Offline TA/TO,TA/TO,0,0,0,1,0,Transient-Party,122.4,0,1,08,2017-08-25,0,2,2.0,0,1,1,4,Guest_4438,Expected
City Hotel,0,457,34,25,0,2,1,0.0,0,HB,Offline TA/TO,TA/TO,0,0,0,2,0,Transient-Party,95.5,0,1,08,2017-08-25,0,2,1.0,0,1,1,4,Guest_4439,Expected
City Hotel,0,457,34,25,0,2,2,0.0,0,HB,Offline TA/TO,TA/TO,0,0,0,1,0,Transient-Party,122.4,0,1,08,2017-08-25,0,2,2.0,0,1,1,4,Guest_4440,Expected
City Hotel,0,457,34,25,0,2,1,0.0,0,HB,Offline TA/TO,TA/TO,0,0,0,2,0,Transient-Party,95.5,0,1,08,2017-08-25,0,2,1.0,0,1,1,4,Guest_4441,Expected
City Hotel,0,224,34,24,0,3,2,2.0,0,BB,Direct,Direct,0,0,0,0,0,Transient,163.5,0,3,08,2017-08-24,0,3,4.0,0,1,1,3,Guest_4442,Expected
City Hotel,0,457,34,25,0,2,2,0.0,0,HB,Offline TA/TO,TA/TO,0,0,0,1,0,Transient-Party,122.4,0,1,08,2017-08-25,0,2,2.0,0,1,1,4,Guest_4443,Expected
City Hotel,0,30,34,25,0,2,2,0.0,0,BB,Online TA,TA/TO,0,0,0,0,0,Transient,145.0,0,1,08,2017-08-25,0,2,2.0,0,1,1,4,Guest_4444,Expected
City Hotel,0,31,34,25,0,2,3,0.0,0,BB,Online TA,TA/TO,0,0,0,0,0,Transient,210.0,0,2,08,2017-08-25,0,2,3.0,0,1,1,4,Guest_4445,Expected
City Hotel,0,457,34,25,0,2,2,0.0,0,HB,Offline TA/TO,TA/TO,0,0,0,1,0,Transient-Party,122.4,0,1,08,2017-08-25,0,2,2.0,0,1,1,4,Guest_4446,Expected
City Hotel,0,137,34,23,0,4,4,0.0,0,BB,Online TA,TA/TO,0,0,0,1,0,Transient,225.48,0,2,08,2017-08-23,0,4,4.0,0,1,1,2,Guest_4447,Expected
City Hotel,0,6,34,24,0,3,2,0.0,0,HB,Direct,Direct,0,0,0,1,0,Transient,179.0,0,0,08,2017-08-24,0,3,2.0,0,1,0,3,Guest_4448,Expected
City Hotel,0,200,34,25,0,2,3,2.0,0,BB,Direct,Direct,0,0,0,0,0,Transient,294.0,1,0,08,2017-08-25,0,2,5.0,0,0,1,4,Guest_4449,Expected
City Hotel,0,457,34,25,0,2,2,0.0,0,HB,Offline TA/TO,TA/TO,0,0,0,1,0,Transient-Party,122.4,0,1,08,2017-08-25,0,2,2.0,0,1,1,4,Guest_4450,Expected
City Hotel,0,457,34,25,0,2,2,0.0,0,HB,Offline TA/TO,TA/TO,0,0,0,1,0,Transient-Party,122.4,0,1,08,2017-08-25,0,2,2.0,0,1,1,4,Guest_4451,Expected
City Hotel,0,457,34,25,0,2,2,0.0,0,HB,Offline TA/TO,TA/TO,0,0,0,3,0,Transient-Party,122.4,0,1,08,2017-08-25,0,2,2.0,0,1,1,4,Guest_4452,Expected
City Hotel,0,457,34,25,0,2,2,0.0,0,HB,Offline TA/TO,TA/TO,0,0,0,1,0,Transient-Party,122.4,0,1,08,2017-08-25,0,2,2.0,0,1,1,4,Guest_4453,Expected
City Hotel,0,211,34,24,0,3,2,0.0,0,BB,Offline TA/TO,TA/TO,0,0,0,0,0,Transient,80.1,0,0,08,2017-08-24,0,3,2.0,0,1,1,3,Guest_4454,Expected
City Hotel,0,122,34,20,2,5,2,0.0,0,BB,Offline TA/TO,TA/TO,0,0,0,2,0,Transient-Party,125.0,0,0,08,2017-08-20,0,7,2.0,0,1,1,6,Guest_4455,Expected
City Hotel,0,131,34,25,0,2,2,2.0,0,BB,Online TA,TA/TO,0,0,0,0,0,Transient,244.0,0,0,08,2017-08-25,0,2,4.0,0,1,1,4,Guest_4456,Expected
City Hotel,0,457,34,25,0,2,1,0.0,0,HB,Offline TA/TO,TA/TO,0,0,0,2,0,Transient-Party,95.5,0,1,08,2017-08-25,0,2,1.0,0,1,1,4,Guest_4457,Expected
City Hotel,0,196,34,23,0,4,2,0.0,0,BB,Offline TA/TO,TA/TO,0,0,0,0,0,Transient,80.1,0,1,08,2017-08-23,0,4,2.0,0,1,1,2,Guest_4458,Expected
City Hotel,0,457,34,25,0,2,2,0.0,0,HB,Offline TA/TO,TA/TO,0,0,0,1,0,Transient-Party,122.4,0,1,08,2017-08-25,0,2,2.0,0,1,1,4,Guest_4459,Expected
City Hotel,0,457,34,25,0,2,2,0.0,0,HB,Offline TA/TO,TA/TO,0,0,0,1,0,Transient-Party,122.4,0,1,08,2017-08-25,0,2,2.0,0,1,1,4,Guest_4460,Expected
City Hotel,0,122,34,26,0,1,2,0.0,0,BB,Online TA,TA/TO,0,0,0,0,0,Transient,164.0,1,1,08,2017-08-26,0,1,2.0,0,1,1,5,Guest_4461,Expected
City Hotel,0,457,34,25,0,2,2,0.0,0,HB,Offline TA/TO,TA/TO,0,0,0,3,0,Transient-Party,122.4,0,1,08,2017-08-25,0,2,2.0,0,1,1,4,Guest_4462,Expected
City Hotel,0,457,34,25,0,2,2,0.0,0,HB,Offline TA/TO,TA/TO,0,0,0,1,0,Transient-Party,122.4,0,1,08,2017-08-25,0,2,2.0,0,1,1,4,Guest_4463,Expected
City Hotel,0,457,34,25,0,2,1,0.0,0,HB,Offline TA/TO,TA/TO,0,0,0,2,0,Transient-Party,95.5,0,1,08,2017-08-25,0,2,1.0,0,1,1,4,Guest_4464,Expected
City Hotel,0,457,34,25,0,2,2,0.0,0,HB,Offline TA/TO,TA/TO,0,0,0,1,0,Transient-Party,122.4,0,1,08,2017-08-25,0,2,2.0,0,1,1,4,Guest_4465,Expected
City Hotel,0,457,34,25,0,2,2,0.0,0,HB,Offline TA/TO,TA/TO,0,0,0,1,0,Transient-Party,122.4,0,1,08,2017-08-25,0,2,2.0,0,1,1,4,Guest_4466,Expected
City Hotel,0,224,34,26,0,1,2,1.0,0,BB,Online TA,TA/TO,0,0,0,1,0,Transient,144.0,1,2,08,2017-08-26,1,1,3.0,0,1,1,5,Guest_4467,Expected
City Hotel,0,457,34,25,0,2,2,0.0,0,HB,Offline TA/TO,TA/TO,0,0,0,1,0,Transient-Party,122.4,0,1,08,2017-08-25,0,2,2.0,0,1,1,4,Guest_4468,Expected
City Hotel,0,44,34,24,0,3,2,0.0,0,BB,Online TA,TA/TO,0,0,0,0,0,Transient,162.67,0,1,08,2017-08-24,0,3,2.0,0,1,1,3,Guest_4469,Expected
City Hotel,0,457,34,25,0,2,2,0.0,0,HB,Offline TA/TO,TA/TO,0,0,0,1,0,Transient-Party,122.4,0,1,08,2017-08-25,0,2,2.0,0,1,1,4,Guest_4470,Expected
City Hotel,0,2,34,26,0,1,2,1.0,0,BB,Online TA,TA/TO,0,0,0,1,0,Transient,239.0,0,0,08,2017-08-26,0,1,3.0,0,1,1,5,Guest_4471,Expected
City Hotel,0,457,34,25,0,2,2,0.0,0,HB,Offline TA/TO,TA/TO,0,0,0,1,0,Transient-Party,122.4,0,1,08,2017-08-25,0,2,2.0,0,1,1,4,Guest_4472,Expected
City Hotel,0,457,34,25,0,2,1,0.0,0,HB,Offline TA/TO,TA/TO,0,0,0,2,0,Transient-Party,95.5,0,1,08,2017-08-25,0,2,1.0,0,1,1,4,Guest_4473,Expected
City Hotel,0,176,34,20,2,5,2,0.0,0,BB,Online TA,TA/TO,0,0,0,0,0,Transient,126.0,0,0,08,2017-08-20,0,7,2.0,0,1,1,6,Guest_4474,Expected
City Hotel,0,174,34,20,2,5,2,0.0,0,BB,Offline TA/TO,TA/TO,0,0,0,2,0,Transient-Party,125.0,0,0,08,2017-08-20,0,7,2.0,0,1,1,6,Guest_4475,Expected
City Hotel,0,457,34,25,0,2,2,0.0,0,HB,Offline TA/TO,TA/TO,0,0,0,1,0,Transient-Party,122.4,0,1,08,2017-08-25,0,2,2.0,0,1,1,4,Guest_4476,Expected
City Hotel,0,205,34,25,0,2,2,0.0,0,SC,Online TA,TA/TO,0,0,0,0,0,Transient,72.42,0,1,08,2017-08-25,0,2,2.0,0,1,1,4,Guest_4477,Expected
City Hotel,0,9,34,25,0,2,2,0.0,0,SC,Online TA,TA/TO,0,0,0,0,0,Transient,140.0,0,1,08,2017-08-25,0,2,2.0,0,1,1,4,Guest_4478,Expected
City Hotel,0,457,34,25,0,2,1,0.0,0,HB,Offline TA/TO,TA/TO,0,0,0,2,0,Transient-Party,95.5,0,1,08,2017-08-25,0,2,1.0,0,1,1,4,Guest_4479,Expected
City Hotel,0,164,34,23,0,4,2,1.0,0,BB,Online TA,TA/TO,0,0,0,0,0,Transient,125.08,0,1,08,2017-08-23,0,4,3.0,0,1,1,2,Guest_4480,Expected
City Hotel,0,49,34,23,0,4,2,0.0,0,SC,Online TA,TA/TO,0,0,0,0,0,Transient,99.22,0,2,08,2017-08-23,0,4,2.0,0,1,1,2,Guest_4481,Expected
City Hotel,0,31,34,26,0,1,2,0.0,0,HB,Direct,Direct,0,0,0,1,0,Transient,195.0,0,4,08,2017-08-26,1,1,2.0,0,1,1,5,Guest_4482,Expected
City Hotel,0,175,33,19,2,6,1,1.0,0,BB,Online TA,TA/TO,0,0,0,1,0,Transient,160.76,0,0,08,2017-08-19,0,8,2.0,0,1,1,5,Guest_4483,Expected
City Hotel,0,0,34,25,0,2,1,0.0,0,HB,Offline TA/TO,TA/TO,0,0,0,2,0,Transient-Party,95.5,0,1,08,2017-08-25,0,2,1.0,0,1,1,4,Guest_4484,Expected
City Hotel,0,38,34,24,0,3,2,0.0,0,BB,Online TA,TA/TO,0,0,0,0,0,Transient,162.67,0,2,08,2017-08-24,0,3,2.0,0,1,1,3,Guest_4485,Expected
City Hotel,0,457,34,25,0,2,1,0.0,0,HB,Offline TA/TO,TA/TO,0,0,0,2,0,Transient-Party,95.5,0,1,08,2017-08-25,0,2,1.0,0,1,1,4,Guest_4486,Expected
City Hotel,0,457,34,25,0,2,2,0.0,0,HB,Offline TA/TO,TA/TO,0,0,0,1,0,Transient-Party,122.4,0,1,08,2017-08-25,0,2,2.0,0,1,1,4,Guest_4487,Expected
City Hotel,0,457,34,25,0,2,2,0.0,0,HB,Offline TA/TO,TA/TO,0,0,0,1,0,Transient-Party,122.4,0,1,08,2017-08-25,1,2,2.0,0,1,1,4,Guest_4488,Expected
City Hotel,0,34,35,27,1,0,2,0.0,0,SC,Online TA,TA/TO,0,0,0,0,0,Transient,89.0,0,1,08,2017-08-27,0,1,2.0,0,1,0,6,Guest_4489,Expected
City Hotel,0,457,34,25,0,2,2,0.0,0,HB,Offline TA/TO,TA/TO,0,0,0,1,0,Transient-Party,122.4,0,1,08,2017-08-25,0,2,2.0,0,1,1,4,Guest_4490,Expected
City Hotel,0,171,34,23,0,4,3,0.0,0,BB,Online TA,TA/TO,0,0,0,1,0,Transient,133.38,0,1,08,2017-08-23,0,4,3.0,0,1,1,2,Guest_4491,Expected
City Hotel,0,457,34,25,0,2,2,0.0,0,HB,Offline TA/TO,TA/TO,0,0,0,1,0,Transient-Party,122.4,0,1,08,2017-08-25,0,2,2.0,0,1,1,4,Guest_4492,Expected
City Hotel,0,112,34,25,0,2,2,2.0,0,BB,Online TA,TA/TO,0,0,0,0,0,Transient,235.0,0,0,08,2017-08-25,0,2,4.0,0,1,1,4,Guest_4493,Expected
City Hotel,0,0,34,26,0,1,2,2.0,0,BB,Direct,Direct,0,0,0,0,0,Transient,200.0,0,0,08,2017-08-26,0,1,4.0,0,0,0,5,Guest_4494,Expected
City Hotel,0,216,34,21,1,5,1,1.0,0,BB,Online TA,TA/TO,0,0,0,0,0,Transient,90.09,0,2,08,2017-08-21,0,6,2.0,0,1,1,0,Guest_4495,Expected
City Hotel,0,97,34,21,1,5,2,0.0,0,BB,Offline TA/TO,TA/TO,0,0,0,6,0,Transient-Party,125.0,0,0,08,2017-08-21,0,6,2.0,0,1,1,0,Guest_4496,Expected
City Hotel,0,457,34,25,0,2,2,0.0,0,HB,Offline TA/TO,TA/TO,0,0,0,1,0,Transient-Party,122.4,0,1,08,2017-08-25,0,2,2.0,0,1,1,4,Guest_4497,Expected
City Hotel,0,12,34,26,0,1,3,0.0,0,BB,Online TA,TA/TO,0,0,0,0,0,Transient,240.0,0,1,08,2017-08-26,0,1,3.0,0,1,1,5,Guest_4498,Expected
City Hotel,0,1,35,27,0,0,2,0.0,0,BB,Direct,Direct,0,0,0,0,0,Transient,0.0,0,0,08,2017-08-27,0,0,2.0,1,0,0,6,Guest_4499,Expected
City Hotel,0,0,35,27,1,0,2,0.0,0,SC,Online TA,TA/TO,0,0,0,0,0,Transient,80.1,0,1,08,2017-08-27,0,1,2.0,0,1,0,6,Guest_4500,Expected
City Hotel,0,139,34,26,1,1,3,0.0,0,BB,Online TA,TA/TO,0,0,0,2,0,Transient,195.0,0,1,08,2017-08-26,0,2,3.0,0,1,1,5,Guest_4501,Expected
City Hotel,0,0,35,27,1,0,2,0.0,0,SC,Online TA,TA/TO,0,0,0,0,0,Transient,89.0,0,2,08,2017-08-27,0,1,2.0,0,1,0,6,Guest_4502,Expected
City Hotel,0,326,34,26,1,1,2,0.0,0,SC,Online TA,TA/TO,0,0,0,0,0,Transient-Party,89.1,0,0,08,2017-08-26,0,2,2.0,0,1,1,5,Guest_4503,Expected
City Hotel,0,326,34,26,1,1,2,0.0,0,SC,Online TA,TA/TO,0,0,0,0,0,Transient-Party,89.1,0,0,08,2017-08-26,0,2,2.0,0,1,1,5,Guest_4504,Expected
City Hotel,0,0,35,27,1,0,2,0.0,0,SC,Online TA,TA/TO,0,0,0,0,0,Transient,99.0,0,1,08,2017-08-27,0,1,2.0,0,1,0,6,Guest_4505,Expected
City Hotel,0,187,34,25,1,2,2,0.0,0,BB,Online TA,TA/TO,0,0,0,0,0,Transient,135.0,0,0,08,2017-08-25,0,3,2.0,0,1,1,4,Guest_4506,Expected
City Hotel,0,60,34,26,1,1,2,0.0,0,BB,Online TA,TA/TO,0,0,0,0,0,Transient,122.4,0,1,08,2017-08-26,0,2,2.0,0,1,1,5,Guest_4507,Expected
City Hotel,0,89,34,26,1,1,2,0.0,0,BB,Online TA,TA/TO,0,0,0,0,0,Transient,115.2,0,1,08,2017-08-26,0,2,2.0,0,1,1,5,Guest_4508,Expected
City Hotel,0,169,34,25,1,2,2,0.0,0,BB,Online TA,TA/TO,0,0,0,0,0,Transient,139.5,0,1,08,2017-08-25,0,3,2.0,0,1,1,4,Guest_4509,Expected
City Hotel,0,89,34,26,1,1,2,0.0,0,BB,Online TA,TA/TO,0,0,0,0,0,Transient,115.2,0,1,08,2017-08-26,0,2,2.0,0,1,1,5,Guest_4510,Expected
City Hotel,0,89,34,26,1,1,2,0.0,0,BB,Online TA,TA/TO,0,0,0,0,0,Transient,118.08,0,1,08,2017-08-26,0,2,2.0,0,1,1,5,Guest_4511,Expected
City Hotel,0,218,33,18,3,7,2,2.0,0,HB,Direct,Direct,0,0,0,2,0,Transient,215.86,0,1,08,2017-08-18,0,10,4.0,0,1,1,4,Guest_4512,Expected
City Hotel,0,15,34,25,1,2,2,0.0,0,BB,Direct,Direct,0,0,0,0,0,Transient,160.0,0,2,08,2017-08-25,0,3,2.0,0,0,1,4,Guest_4513,Expected
City Hotel,0,13,35,27,1,0,2,0.0,0,SC,Online TA,TA/TO,0,0,0,0,0,Transient,89.0,0,1,08,2017-08-27,0,1,2.0,0,1,1,6,Guest_4514,Expected
City Hotel,0,16,34,25,1,2,2,0.0,0,BB,Direct,Direct,0,0,0,1,0,Transient,160.0,0,2,08,2017-08-25,1,3,2.0,0,0,1,4,Guest_4515,Expected
City Hotel,0,48,34,24,1,3,2,0.0,0,SC,Online TA,TA/TO,0,0,0,0,0,Transient,134.5,0,1,08,2017-08-24,0,4,2.0,0,1,1,3,Guest_4516,Expected
City Hotel,0,0,35,27,1,0,2,0.0,0,SC,Online TA,TA/TO,0,0,0,0,0,Transient,80.1,0,1,08,2017-08-27,0,1,2.0,0,1,1,6,Guest_4517,Expected
City Hotel,0,198,34,24,1,3,2,0.0,0,SC,Online TA,TA/TO,0,0,0,0,0,Transient,99.0,0,1,08,2017-08-24,0,4,2.0,0,1,1,3,Guest_4518,Expected
City Hotel,0,101,35,27,1,0,2,0.0,0,HB,Online TA,TA/TO,0,0,0,4,0,Transient,166.0,0,2,08,2017-08-27,0,1,2.0,0,1,1,6,Guest_4519,Expected
City Hotel,0,0,35,27,1,0,2,0.0,0,SC,Online TA,TA/TO,0,0,0,0,0,Transient,75.24,0,1,08,2017-08-27,0,1,2.0,0,1,1,6,Guest_4520,Expected
City Hotel,0,98,35,27,1,0,2,0.0,0,SC,Online TA,TA/TO,0,0,0,0,0,Transient,72.16,0,0,08,2017-08-27,0,1,2.0,0,1,1,6,Guest_4521,Expected
City Hotel,0,1,35,27,1,0,1,0.0,0,BB,Online TA,TA/TO,0,0,0,0,0,Transient,71.28,0,1,08,2017-08-27,0,1,1.0,0,1,1,6,Guest_4522,Expected
City Hotel,0,1,35,27,1,0,2,0.0,0,SC,Online TA,TA/TO,0,0,0,0,0,Transient,80.1,0,1,08,2017-08-27,0,1,2.0,0,1,1,6,Guest_4523,Expected
City Hotel,0,290,34,21,2,5,2,0.0,0,SC,Online TA,TA/TO,0,0,0,2,0,Transient,99.0,0,2,08,2017-08-21,0,7,2.0,0,1,1,0,Guest_4524,Expected
City Hotel,0,48,34,25,1,2,2,0.0,0,SC,Online TA,TA/TO,0,0,0,0,0,Transient,121.67,0,1,08,2017-08-25,0,3,2.0,0,1,1,4,Guest_4525,Expected
City Hotel,0,19,35,27,1,0,2,0.0,0,BB,Online TA,TA/TO,0,0,0,0,0,Transient,109.0,0,1,08,2017-08-27,0,1,2.0,0,1,1,6,Guest_4526,Expected
City Hotel,0,45,35,27,1,0,1,0.0,0,BB,Groups,TA/TO,0,0,0,0,0,Transient-Party,115.0,0,0,08,2017-08-27,0,1,1.0,0,1,1,6,Guest_4527,Expected
City Hotel,0,62,35,27,1,0,1,0.0,0,BB,Direct,Direct,0,0,0,0,0,Transient,95.0,0,0,08,2017-08-27,0,1,1.0,0,0,1,6,Guest_4528,Expected
City Hotel,0,45,35,27,1,0,1,0.0,0,BB,Groups,TA/TO,0,0,0,0,0,Transient-Party,115.0,0,0,08,2017-08-27,0,1,1.0,0,1,0,6,Guest_4529,Expected
City Hotel,0,213,35,28,1,3,1,0.0,0,HB,Groups,TA/TO,0,0,0,1,0,Transient-Party,104.0,0,0,08,2017-08-28,0,4,1.0,0,1,0,0,Guest_4530,Expected
City Hotel,0,25,35,27,1,0,1,0.0,0,BB,Direct,Direct,0,0,0,0,0,Transient,99.0,0,2,08,2017-08-27,0,1,1.0,0,0,1,6,Guest_4531,Expected
City Hotel,0,213,35,28,1,3,1,0.0,0,HB,Groups,TA/TO,0,0,0,1,0,Transient-Party,104.0,0,2,08,2017-08-28,0,4,1.0,0,1,0,0,Guest_4532,Expected
City Hotel,0,161,34,21,2,5,2,0.0,0,BB,Online TA,TA/TO,0,0,0,0,0,Transient,139.5,0,1,08,2017-08-21,0,7,2.0,0,1,1,0,Guest_4533,Expected
City Hotel,0,5,34,24,1,3,3,0.0,0,BB,Online TA,TA/TO,0,0,0,0,0,Transient,203.5,0,0,08,2017-08-24,0,4,3.0,0,1,1,3,Guest_4534,Expected
City Hotel,0,1,35,27,1,0,1,0.0,0,SC,Online TA,TA/TO,0,0,0,1,0,Transient,80.1,0,0,08,2017-08-27,0,1,1.0,0,1,1,6,Guest_4535,Expected
City Hotel,0,202,34,25,1,2,3,0.0,0,BB,Online TA,TA/TO,0,0,0,0,0,Transient,162.0,0,0,08,2017-08-25,0,3,3.0,0,1,1,4,Guest_4536,Expected
City Hotel,0,14,34,24,1,3,2,0.0,0,BB,Online TA,TA/TO,0,0,0,0,0,Transient,127.0,0,1,08,2017-08-24,0,4,2.0,0,1,1,3,Guest_4537,Expected
City Hotel,0,164,34,23,1,4,2,0.0,0,BB,Online TA,TA/TO,0,0,0,0,0,Transient,175.5,0,1,08,2017-08-23,0,5,2.0,0,1,1,2,Guest_4538,Expected
City Hotel,0,164,34,23,1,4,3,0.0,0,BB,Online TA,TA/TO,0,0,0,0,0,Transient,139.5,0,2,08,2017-08-23,0,5,3.0,0,1,1,2,Guest_4539,Expected
City Hotel,0,18,34,26,1,1,2,0.0,0,BB,Online TA,TA/TO,0,0,0,0,0,Transient,134.5,0,1,08,2017-08-26,0,2,2.0,0,1,1,5,Guest_4540,Expected
City Hotel,0,34,35,27,1,0,2,0.0,0,SC,Online TA,TA/TO,0,0,0,0,0,Transient,98.0,0,0,08,2017-08-27,0,1,2.0,0,1,1,6,Guest_4541,Expected
City Hotel,0,201,34,24,1,3,2,0.0,0,SC,Online TA,TA/TO,0,0,0,0,0,Transient,99.0,0,0,08,2017-08-24,0,4,2.0,0,1,1,3,Guest_4542,Expected
City Hotel,0,1,35,27,1,0,2,0.0,0,BB,Online TA,TA/TO,0,0,0,0,0,Transient,109.0,0,2,08,2017-08-27,0,1,2.0,0,1,1,6,Guest_4543,Expected
City Hotel,0,0,35,27,1,0,2,0.0,0,BB,Online TA,TA/TO,0,0,0,0,0,Transient,116.1,0,0,08,2017-08-27,0,1,2.0,0,1,1,6,Guest_4544,Expected
City Hotel,0,42,35,27,1,0,1,0.0,0,BB,Direct,Direct,0,0,0,2,0,Transient,95.0,0,0,08,2017-08-27,0,1,1.0,0,1,1,6,Guest_4545,Expected
City Hotel,0,101,35,27,1,0,2,0.0,0,HB,Online TA,TA/TO,0,0,0,4,0,Transient,166.0,0,2,08,2017-08-27,0,1,2.0,0,1,1,6,Guest_4546,Expected
City Hotel,0,42,35,27,1,0,2,0.0,0,BB,Direct,Direct,0,0,0,1,0,Transient,95.0,0,0,08,2017-08-27,0,1,2.0,0,1,1,6,Guest_4547,Expected
City Hotel,0,213,35,28,1,3,1,0.0,0,HB,Groups,TA/TO,0,0,0,1,0,Transient-Party,104.0,0,0,08,2017-08-28,0,4,1.0,0,1,0,0,Guest_4548,Expected
City Hotel,0,101,35,27,1,0,2,0.0,0,HB,Online TA,TA/TO,0,0,0,4,0,Transient,166.0,0,2,08,2017-08-27,0,1,2.0,0,1,1,6,Guest_4549,Expected
City Hotel,0,9,35,27,1,0,2,0.0,0,SC,Online TA,TA/TO,0,0,0,0,0,Transient,99.0,0,1,08,2017-08-27,0,1,2.0,0,1,1,6,Guest_4550,Expected
City Hotel,0,14,35,27,1,0,2,0.0,0,BB,Online TA,TA/TO,0,0,0,0,0,Transient,107.1,1,2,08,2017-08-27,0,1,2.0,0,1,0,6,Guest_4551,Expected
City Hotel,0,104,35,27,1,0,3,1.0,0,BB,Direct,Direct,0,0,0,0,0,Transient,162.0,0,1,08,2017-08-27,0,1,4.0,0,0,0,6,Guest_4552,Expected
City Hotel,0,206,34,23,1,4,2,1.0,0,HB,Online TA,TA/TO,0,0,0,0,0,Transient,177.75,0,3,08,2017-08-23,0,5,3.0,0,1,1,2,Guest_4553,Expected
City Hotel,0,46,35,27,1,0,1,0.0,0,SC,Online TA,TA/TO,0,0,0,0,0,Transient,85.0,0,2,08,2017-08-27,0,1,1.0,0,1,1,6,Guest_4554,Expected
City Hotel,0,206,34,23,1,4,2,1.0,0,HB,Online TA,TA/TO,0,0,0,0,0,Transient,177.75,0,3,08,2017-08-23,0,5,3.0,0,1,1,2,Guest_4555,Expected
City Hotel,0,90,34,25,1,2,2,0.0,0,BB,Direct,Direct,0,0,0,0,0,Transient,138.9,1,0,08,2017-08-25,0,3,2.0,0,1,1,4,Guest_4556,Expected
City Hotel,0,155,34,26,1,1,2,0.0,0,HB,Online TA,TA/TO,0,0,0,0,0,Transient,173.7,0,1,08,2017-08-26,0,2,2.0,0,1,1,5,Guest_4557,Expected
City Hotel,0,6,35,27,1,0,2,1.0,0,SC,Direct,Direct,0,0,0,0,0,Transient,134.0,0,1,08,2017-08-27,0,1,3.0,0,1,1,6,Guest_4558,Expected
City Hotel,0,206,34,23,1,4,2,1.0,0,HB,Online TA,TA/TO,0,0,0,0,0,Transient,177.75,0,3,08,2017-08-23,0,5,3.0,0,1,1,2,Guest_4559,Expected
City Hotel,0,156,34,22,1,5,2,0.0,0,BB,Online TA,TA/TO,0,0,0,0,0,Transient,139.5,0,1,08,2017-08-22,0,6,2.0,0,1,1,1,Guest_4560,Expected
City Hotel,0,14,35,27,1,0,2,0.0,0,BB,Online TA,TA/TO,0,0,0,0,0,Transient,109.0,0,1,08,2017-08-27,0,1,2.0,0,1,1,6,Guest_4561,Expected
City Hotel,0,21,35,27,1,0,2,0.0,0,BB,Online TA,TA/TO,0,0,0,0,0,Transient,109.0,0,0,08,2017-08-27,0,1,2.0,0,1,1,6,Guest_4562,Expected
City Hotel,0,1,35,27,1,0,2,0.0,0,BB,Online TA,TA/TO,0,0,0,0,0,Transient,111.2,0,1,08,2017-08-27,0,1,2.0,0,1,1,6,Guest_4563,Expected
City Hotel,0,129,34,23,1,4,2,0.0,0,BB,Direct,Direct,0,0,0,0,0,Transient,135.0,0,1,08,2017-08-23,0,5,2.0,0,1,1,2,Guest_4564,Expected
City Hotel,0,205,34,23,1,4,2,0.0,0,BB,Direct,Direct,0,0,0,1,0,Transient,101.0,0,0,08,2017-08-23,0,5,2.0,0,0,1,2,Guest_4565,Expected
City Hotel,0,183,34,22,1,5,2,0.0,0,HB,Online TA,TA/TO,0,0,0,0,0,Transient,164.7,0,1,08,2017-08-22,0,6,2.0,0,1,1,1,Guest_4566,Expected
City Hotel,0,164,34,24,1,3,2,2.0,0,BB,Online TA,TA/TO,0,0,0,0,0,Transient,235.0,0,0,08,2017-08-24,0,4,4.0,0,1,1,3,Guest_4567,Expected
City Hotel,0,25,34,26,1,1,3,0.0,0,BB,Online TA,TA/TO,0,0,0,0,0,Transient,184.5,0,3,08,2017-08-26,0,2,3.0,0,1,1,5,Guest_4568,Expected
City Hotel,0,161,34,21,2,5,2,0.0,0,BB,Online TA,TA/TO,0,0,0,3,0,Transient,139.5,0,1,08,2017-08-21,0,7,2.0,0,1,1,0,Guest_4569,Expected
City Hotel,0,25,35,27,1,0,2,0.0,0,SC,Online TA,TA/TO,0,0,0,0,0,Transient,62.03,0,0,08,2017-08-27,0,1,2.0,0,1,1,6,Guest_4570,Expected
City Hotel,0,88,34,26,1,1,2,0.0,0,BB,Online TA,TA/TO,0,0,0,0,0,Transient,144.0,0,0,08,2017-08-26,0,2,2.0,0,1,1,5,Guest_4571,Expected
City Hotel,0,1,35,27,1,0,2,0.0,0,SC,Online TA,TA/TO,0,0,0,0,0,Transient,80.1,0,1,08,2017-08-27,0,1,2.0,0,1,1,6,Guest_4572,Expected
City Hotel,0,169,34,25,1,2,2,0.0,0,BB,Online TA,TA/TO,0,0,0,0,0,Transient,139.5,0,1,08,2017-08-25,0,3,2.0,0,1,1,4,Guest_4573,Expected
City Hotel,0,89,34,26,1,1,2,0.0,0,BB,Online TA,TA/TO,0,0,0,0,0,Transient,115.2,0,1,08,2017-08-26,0,2,2.0,0,1,1,5,Guest_4574,Expected
City Hotel,0,18,35,27,1,0,2,0.0,0,BB,Online TA,TA/TO,0,0,0,0,0,Transient,109.0,0,1,08,2017-08-27,0,1,2.0,0,1,1,6,Guest_4575,Expected
City Hotel,0,23,35,27,1,0,2,0.0,0,BB,Online TA,TA/TO,0,0,0,0,0,Transient,98.1,0,1,08,2017-08-27,0,1,2.0,0,1,1,6,Guest_4576,Expected
City Hotel,0,71,34,26,1,1,1,0.0,0,BB,Online TA,TA/TO,0,0,0,0,0,Transient,164.0,0,1,08,2017-08-26,0,2,1.0,0,1,0,5,Guest_4577,Expected
City Hotel,0,6,34,26,1,1,1,0.0,0,BB,Direct,Direct,0,0,0,2,0,Transient,124.0,0,1,08,2017-08-26,1,2,1.0,0,0,0,5,Guest_4578,Expected
City Hotel,0,49,34,26,1,1,3,0.0,0,HB,Offline TA/TO,TA/TO,0,0,0,0,0,Transient,164.1,0,2,08,2017-08-26,0,2,3.0,0,1,1,5,Guest_4579,Expected
City Hotel,0,3,34,26,1,1,2,0.0,0,BB,Direct,Direct,0,0,0,1,0,Transient,124.0,0,1,08,2017-08-26,1,2,2.0,0,0,0,5,Guest_4580,Expected
City Hotel,0,60,35,27,1,0,1,0.0,0,SC,Online TA,TA/TO,0,0,0,0,0,Transient,140.0,0,2,08,2017-08-27,0,1,1.0,0,1,1,6,Guest_4581,Expected
City Hotel,0,0,35,27,1,0,1,0.0,0,BB,Direct,Direct,0,0,0,0,0,Transient,95.0,0,0,08,2017-08-27,0,1,1.0,0,0,1,6,Guest_4582,Expected
City Hotel,0,42,35,27,1,0,2,0.0,0,SC,Online TA,TA/TO,0,0,0,0,0,Transient,85.0,0,1,08,2017-08-27,0,1,2.0,0,1,1,6,Guest_4583,Expected
City Hotel,0,37,35,27,1,0,2,0.0,0,BB,Online TA,TA/TO,0,0,0,0,0,Transient,87.2,0,1,08,2017-08-27,0,1,2.0,0,1,1,6,Guest_4584,Expected
City Hotel,0,61,35,27,1,0,2,1.0,0,BB,Online TA,TA/TO,0,0,0,1,0,Transient,90.6,0,1,08,2017-08-27,0,1,3.0,0,1,0,6,Guest_4585,Expected
City Hotel,0,3,35,27,1,0,1,0.0,0,SC,Online TA,TA/TO,0,0,0,1,0,Transient,119.0,0,1,08,2017-08-27,0,1,1.0,0,1,1,6,Guest_4586,Expected
City Hotel,0,52,35,27,1,0,1,0.0,0,SC,Online TA,TA/TO,0,0,0,0,0,Transient,140.0,0,1,08,2017-08-27,0,1,1.0,0,1,1,6,Guest_4587,Expected
City Hotel,0,35,34,26,2,1,2,2.0,0,BB,Direct,Direct,0,0,0,0,0,Transient,176.64,0,1,08,2017-08-26,0,3,4.0,0,1,1,5,Guest_4588,Expected
City Hotel,0,518,34,26,2,1,2,0.0,0,BB,Groups,TA/TO,0,0,0,0,0,Transient-Party,112.67,0,1,08,2017-08-26,0,3,2.0,0,1,1,5,Guest_4589,Expected
City Hotel,0,8,34,26,2,1,2,3.0,0,BB,Online TA,TA/TO,0,0,0,0,0,Transient,253.51,0,2,08,2017-08-26,0,3,5.0,0,1,1,5,Guest_4590,Expected
City Hotel,0,518,34,26,2,1,2,0.0,0,BB,Groups,TA/TO,0,0,0,0,0,Transient-Party,112.67,0,1,08,2017-08-26,0,3,2.0,0,1,1,5,Guest_4591,Expected
City Hotel,0,17,35,27,2,0,2,0.0,0,SC,Online TA,TA/TO,0,0,0,0,0,Transient,114.5,0,1,08,2017-08-27,0,2,2.0,0,1,1,6,Guest_4592,Expected
City Hotel,0,518,34,26,2,1,2,0.0,0,BB,Groups,TA/TO,0,0,0,0,0,Transient-Party,112.67,0,1,08,2017-08-26,0,3,2.0,0,1,1,5,Guest_4593,Expected
City Hotel,0,301,35,27,2,0,2,2.0,0,BB,Online TA,TA/TO,0,0,0,0,0,Transient,179.1,0,0,08,2017-08-27,0,2,4.0,0,1,1,6,Guest_4594,Expected
City Hotel,0,234,34,26,2,1,2,0.0,0,BB,Direct,Direct,0,0,0,1,0,Transient,123.05,1,0,08,2017-08-26,0,3,2.0,0,1,1,5,Guest_4595,Expected
City Hotel,0,233,34,26,2,1,2,0.0,0,BB,Direct,Direct,0,0,0,0,0,Transient,123.05,0,0,08,2017-08-26,0,3,2.0,0,1,1,5,Guest_4596,Expected
City Hotel,0,518,34,26,2,1,2,0.0,0,BB,Groups,TA/TO,0,0,0,0,0,Transient-Party,112.67,0,1,08,2017-08-26,0,3,2.0,0,1,1,5,Guest_4597,Expected
City Hotel,0,39,34,24,2,3,3,0.0,0,BB,Online TA,TA/TO,0,0,0,0,0,Transient,194.6,0,1,08,2017-08-24,0,5,3.0,0,1,1,3,Guest_4598,Expected
City Hotel,0,172,34,25,2,2,3,0.0,0,BB,Online TA,TA/TO,0,0,0,1,0,Transient,202.5,0,1,08,2017-08-25,0,4,3.0,0,1,1,4,Guest_4599,Expected
City Hotel,0,267,34,25,2,2,3,0.0,0,BB,Online TA,TA/TO,0,0,0,0,0,Transient,166.5,0,2,08,2017-08-25,0,4,3.0,0,1,1,4,Guest_4600,Expected
City Hotel,0,518,34,26,2,1,2,0.0,0,BB,Groups,TA/TO,0,0,0,0,0,Transient-Party,112.67,0,1,08,2017-08-26,0,3,2.0,0,1,1,5,Guest_4601,Expected
City Hotel,0,219,34,25,2,2,2,0.0,0,BB,Online TA,TA/TO,0,0,0,0,0,Transient,117.0,0,0,08,2017-08-25,0,4,2.0,0,1,1,4,Guest_4602,Expected
City Hotel,0,0,35,28,1,0,2,0.0,0,BB,Online TA,TA/TO,0,0,0,0,0,Transient,140.0,0,1,08,2017-08-28,0,1,2.0,0,1,0,0,Guest_4603,Expected
City Hotel,0,311,35,28,1,0,2,0.0,0,SC,Online TA,TA/TO,0,0,0,0,0,Transient,89.1,0,0,08,2017-08-28,0,1,2.0,0,1,0,0,Guest_4604,Expected
City Hotel,0,518,34,26,2,1,2,0.0,0,BB,Groups,TA/TO,0,0,0,0,0,Transient-Party,112.67,0,1,08,2017-08-26,0,3,2.0,0,1,1,5,Guest_4605,Expected
City Hotel,0,0,35,29,0,1,2,3.0,0,BB,Offline TA/TO,TA/TO,1,0,0,3,0,Group,270.0,0,1,08,2017-08-29,0,1,5.0,0,1,1,1,Guest_4606,Expected
City Hotel,0,58,34,24,2,3,2,0.0,0,BB,Direct,Direct,0,0,0,0,0,Transient,150.33,1,0,08,2017-08-24,0,5,2.0,0,1,1,3,Guest_4607,Expected
City Hotel,0,219,34,25,2,2,2,0.0,0,BB,Online TA,TA/TO,0,0,0,0,0,Transient,117.0,0,1,08,2017-08-25,0,4,2.0,0,1,1,4,Guest_4608,Expected
City Hotel,0,219,34,25,2,2,2,0.0,0,BB,Online TA,TA/TO,0,0,0,0,0,Transient,117.0,0,1,08,2017-08-25,0,4,2.0,0,1,1,4,Guest_4609,Expected
City Hotel,0,10,35,27,2,0,2,0.0,0,SC,Online TA,TA/TO,0,0,0,0,0,Transient,119.5,0,2,08,2017-08-27,0,2,2.0,0,1,1,6,Guest_4610,Expected
City Hotel,0,518,34,26,2,1,2,0.0,0,BB,Groups,TA/TO,0,0,0,0,0,Transient-Party,112.67,0,1,08,2017-08-26,0,3,2.0,0,1,1,5,Guest_4611,Expected
City Hotel,0,224,34,24,2,3,2,0.0,0,BB,Online TA,TA/TO,0,0,0,0,0,Transient,127.8,0,2,08,2017-08-24,0,5,2.0,0,1,1,3,Guest_4612,Expected
City Hotel,0,221,34,26,2,1,2,2.0,0,BB,Online TA,TA/TO,0,0,0,0,0,Transient,198.0,0,1,08,2017-08-26,0,3,4.0,0,1,1,5,Guest_4613,Expected
City Hotel,0,518,34,26,2,1,2,0.0,0,BB,Groups,TA/TO,0,0,0,0,0,Transient-Party,112.67,0,1,08,2017-08-26,0,3,2.0,0,1,1,5,Guest_4614,Expected
City Hotel,0,269,34,22,2,5,2,0.0,0,SC,Online TA,TA/TO,0,0,0,0,0,Transient,99.0,0,2,08,2017-08-22,0,7,2.0,0,1,1,1,Guest_4615,Expected
City Hotel,0,269,34,22,2,5,2,0.0,0,SC,Online TA,TA/TO,0,0,0,0,0,Transient,99.0,0,2,08,2017-08-22,0,7,2.0,0,1,1,1,Guest_4616,Expected
City Hotel,0,180,35,27,2,0,2,0.0,0,BB,Online TA,TA/TO,0,0,0,0,0,Transient,139.5,0,1,08,2017-08-27,0,2,2.0,0,1,0,6,Guest_4617,Expected
City Hotel,0,518,34,26,2,1,2,0.0,0,BB,Groups,TA/TO,0,0,0,0,0,Transient-Party,112.67,0,1,08,2017-08-26,0,3,2.0,0,1,1,5,Guest_4618,Expected
City Hotel,0,195,33,17,4,8,2,0.0,0,BB,Online TA,TA/TO,0,0,0,0,0,Transient,118.43,0,1,08,2017-08-17,0,12,2.0,0,1,1,3,Guest_4619,Expected
City Hotel,0,0,35,28,1,0,2,0.0,0,BB,Online TA,TA/TO,0,0,0,0,0,Transient,140.0,0,2,08,2017-08-28,0,1,2.0,0,1,1,0,Guest_4620,Expected
City Hotel,0,518,34,26,2,1,2,0.0,0,BB,Groups,TA/TO,0,0,0,0,0,Transient-Party,112.67,0,1,08,2017-08-26,0,3,2.0,0,1,1,5,Guest_4621,Expected
City Hotel,0,518,34,26,2,1,2,0.0,0,BB,Groups,TA/TO,0,0,0,0,0,Transient-Party,112.67,0,1,08,2017-08-26,0,3,2.0,0,1,1,5,Guest_4622,Expected
City Hotel,0,518,34,26,2,1,2,0.0,0,BB,Groups,TA/TO,0,0,0,0,0,Transient-Party,112.67,0,1,08,2017-08-26,0,3,2.0,0,1,1,5,Guest_4623,Expected
City Hotel,0,518,34,26,2,1,2,0.0,0,BB,Groups,TA/TO,0,0,0,0,0,Transient-Party,112.67,0,1,08,2017-08-26,0,3,2.0,0,1,1,5,Guest_4624,Expected
City Hotel,0,518,34,26,2,1,2,0.0,0,BB,Groups,TA/TO,0,0,0,0,0,Transient-Party,112.67,0,1,08,2017-08-26,0,3,2.0,0,1,1,5,Guest_4625,Expected
City Hotel,0,518,34,26,2,1,2,0.0,0,BB,Groups,TA/TO,0,0,0,0,0,Transient-Party,112.67,0,1,08,2017-08-26,0,3,2.0,0,1,1,5,Guest_4626,Expected
City Hotel,0,518,34,26,2,1,2,0.0,0,BB,Groups,TA/TO,0,0,0,0,0,Transient-Party,112.67,0,1,08,2017-08-26,0,3,2.0,0,1,1,5,Guest_4627,Expected
City Hotel,0,21,35,28,1,0,2,0.0,0,SC,Online TA,TA/TO,0,0,0,0,0,Transient,149.0,0,1,08,2017-08-28,0,1,2.0,0,1,0,0,Guest_4628,Expected
City Hotel,0,14,34,24,2,3,2,1.0,0,BB,Online TA,TA/TO,0,0,0,0,0,Transient,165.6,0,2,08,2017-08-24,0,5,3.0,0,1,1,3,Guest_4629,Expected
City Hotel,0,518,34,26,2,1,2,0.0,0,BB,Groups,TA/TO,0,0,0,0,0,Transient-Party,112.67,0,1,08,2017-08-26,0,3,2.0,0,1,1,5,Guest_4630,Expected
City Hotel,0,200,34,25,2,2,2,0.0,0,BB,Online TA,TA/TO,0,0,0,0,0,Transient,117.0,0,0,08,2017-08-25,0,4,2.0,0,1,1,4,Guest_4631,Expected
City Hotel,0,289,34,26,2,1,2,0.0,0,BB,Online TA,TA/TO,0,0,0,0,0,Transient-Party,107.1,0,2,08,2017-08-26,0,3,2.0,0,1,1,5,Guest_4632,Expected
City Hotel,0,289,34,26,2,1,2,0.0,0,BB,Online TA,TA/TO,0,0,0,0,0,Transient-Party,107.1,0,2,08,2017-08-26,0,3,2.0,0,1,1,5,Guest_4633,Expected
City Hotel,0,16,34,26,2,1,2,0.0,1,SC,Online TA,TA/TO,0,0,0,1,0,Transient,126.0,0,2,08,2017-08-26,0,3,3.0,0,1,1,5,Guest_4634,Expected
City Hotel,0,26,35,27,2,0,2,0.0,0,BB,Online TA,TA/TO,0,0,0,1,0,Transient,143.5,0,2,08,2017-08-27,0,2,2.0,0,1,1,6,Guest_4635,Expected
City Hotel,0,518,34,26,2,1,2,0.0,0,BB,Groups,TA/TO,0,0,0,0,0,Transient-Party,112.67,0,1,08,2017-08-26,0,3,2.0,0,1,1,5,Guest_4636,Expected
City Hotel,0,10,35,27,2,0,3,0.0,0,BB,Online TA,TA/TO,0,0,0,1,0,Transient,214.5,0,1,08,2017-08-27,0,2,3.0,0,1,1,6,Guest_4637,Expected
City Hotel,0,518,34,26,2,1,1,0.0,0,BB,Groups,TA/TO,0,0,0,1,0,Transient-Party,0.0,0,0,08,2017-08-26,0,3,1.0,1,1,0,5,Guest_4638,Expected
City Hotel,0,189,35,27,2,0,2,0.0,0,BB,Online TA,TA/TO,0,0,0,1,0,Transient-Party,114.0,0,1,08,2017-08-27,0,2,2.0,0,1,0,6,Guest_4639,Expected
City Hotel,0,15,34,25,2,2,2,0.0,0,BB,Direct,Direct,0,0,0,0,0,Transient,132.53,0,2,08,2017-08-25,0,4,2.0,0,1,1,4,Guest_4640,Expected
City Hotel,0,14,34,24,2,3,2,0.0,0,SC,Online TA,TA/TO,0,0,0,0,0,Transient,125.6,0,1,08,2017-08-24,0,5,2.0,0,1,1,3,Guest_4641,Expected
City Hotel,0,0,35,28,1,0,2,1.0,1,BB,Direct,Direct,0,0,0,2,0,Transient,150.0,0,0,08,2017-08-28,0,1,4.0,0,1,0,0,Guest_4642,Expected
City Hotel,0,518,34,26,2,1,2,0.0,0,BB,Groups,TA/TO,0,0,0,0,0,Transient-Party,112.67,0,1,08,2017-08-26,0,3,2.0,0,1,1,5,Guest_4643,Expected
City Hotel,0,267,34,25,2,2,3,0.0,0,BB,Online TA,TA/TO,0,0,0,0,0,Transient,166.5,0,2,08,2017-08-25,0,4,3.0,0,1,1,4,Guest_4644,Expected
City Hotel,0,518,34,26,2,1,2,0.0,0,BB,Groups,TA/TO,0,0,0,0,0,Transient-Party,112.67,0,1,08,2017-08-26,0,3,2.0,0,1,1,5,Guest_4645,Expected
City Hotel,0,16,34,26,2,1,1,0.0,0,SC,Online TA,TA/TO,0,0,0,0,0,Transient,90.4,0,1,08,2017-08-26,0,3,1.0,0,1,1,5,Guest_4646,Expected
City Hotel,0,518,34,26,2,1,2,0.0,0,BB,Groups,TA/TO,0,0,0,0,0,Transient-Party,112.67,0,1,08,2017-08-26,0,3,2.0,0,1,1,5,Guest_4647,Expected
City Hotel,0,179,34,23,2,5,2,0.0,0,HB,Online TA,TA/TO,0,0,0,0,0,Transient,160.2,0,0,08,2017-08-23,0,7,2.0,0,1,1,2,Guest_4648,Expected
City Hotel,0,43,35,29,0,1,3,0.0,0,BB,Online TA,TA/TO,0,0,0,1,0,Transient,210.0,0,1,08,2017-08-29,0,1,3.0,0,1,1,1,Guest_4649,Expected
City Hotel,0,8,34,25,2,3,2,0.0,0,BB,Online TA,TA/TO,0,0,0,0,0,Transient,115.37,0,1,08,2017-08-25,0,5,2.0,0,1,1,4,Guest_4650,Expected
City Hotel,0,40,35,28,1,1,2,0.0,0,BB,Online TA,TA/TO,0,0,0,0,0,Transient,139.4,0,1,08,2017-08-28,0,2,2.0,0,1,0,0,Guest_4651,Expected
City Hotel,0,189,35,28,1,1,3,0.0,0,HB,Online TA,TA/TO,0,0,0,0,0,Transient,187.2,0,0,08,2017-08-28,0,2,3.0,0,1,1,0,Guest_4652,Expected
City Hotel,0,39,35,28,1,1,1,0.0,0,BB,Corporate,Corporate,0,0,0,0,0,Transient,95.0,0,0,08,2017-08-28,0,2,1.0,0,0,1,0,Guest_4653,Expected
City Hotel,0,1,35,29,0,1,1,0.0,0,BB,Corporate,Corporate,0,0,0,0,0,Transient,95.0,0,0,08,2017-08-29,0,1,1.0,0,0,1,1,Guest_4654,Expected
City Hotel,0,40,35,29,0,1,1,0.0,0,BB,Corporate,Corporate,0,0,0,0,0,Transient,95.0,0,0,08,2017-08-29,0,1,1.0,0,0,0,1,Guest_4655,Expected
City Hotel,0,202,34,26,2,2,1,1.0,0,BB,Online TA,TA/TO,0,0,0,0,0,Transient,117.0,0,0,08,2017-08-26,0,4,2.0,0,1,1,5,Guest_4656,Expected
City Hotel,0,240,35,28,1,1,2,1.0,0,BB,Online TA,TA/TO,0,0,0,1,0,Transient,135.0,0,3,08,2017-08-28,1,2,3.0,0,1,1,0,Guest_4657,Expected
City Hotel,0,40,35,29,0,1,1,0.0,0,BB,Corporate,Corporate,0,0,0,0,0,Transient,95.0,0,0,08,2017-08-29,0,1,1.0,0,0,0,1,Guest_4658,Expected
City Hotel,0,40,35,29,0,1,1,0.0,0,BB,Corporate,Corporate,0,0,0,0,0,Transient,95.0,0,0,08,2017-08-29,0,1,1.0,0,0,0,1,Guest_4659,Expected
City Hotel,0,0,35,29,0,1,1,0.0,0,BB,Complementary,Corporate,0,0,0,0,0,Transient,0.0,0,2,08,2017-08-29,0,1,1.0,1,0,0,1,Guest_4660,Expected
City Hotel,0,181,35,27,2,1,2,0.0,0,BB,Online TA,TA/TO,0,0,0,0,0,Transient,126.0,0,0,08,2017-08-27,0,3,2.0,0,1,1,6,Guest_4661,Expected
City Hotel,0,130,34,23,2,5,2,2.0,0,HB,Direct,Direct,0,0,0,0,0,Transient,300.0,0,1,08,2017-08-23,0,7,4.0,0,1,1,2,Guest_4662,Expected
City Hotel,0,61,35,28,1,1,2,0.0,0,HB,Offline TA/TO,TA/TO,0,0,0,2,0,Transient,121.1,0,0,08,2017-08-28,0,2,2.0,0,1,0,0,Guest_4663,Expected
City Hotel,0,209,34,26,2,2,3,0.0,0,BB,Online TA,TA/TO,0,0,0,0,0,Transient,162.0,0,0,08,2017-08-26,0,4,3.0,0,1,1,5,Guest_4664,Expected
City Hotel,0,278,34,25,2,3,2,0.0,0,SC,Online TA,TA/TO,0,0,0,0,0,Transient-Party,89.1,0,1,08,2017-08-25,0,5,2.0,0,1,1,4,Guest_4665,Expected
City Hotel,0,278,34,25,2,3,2,0.0,0,SC,Online TA,TA/TO,0,0,0,0,0,Transient-Party,89.1,0,2,08,2017-08-25,0,5,2.0,0,1,1,4,Guest_4666,Expected
City Hotel,0,146,35,28,1,1,3,0.0,0,BB,Online TA,TA/TO,0,0,0,0,0,Transient,195.0,0,1,08,2017-08-28,0,2,3.0,0,1,1,0,Guest_4667,Expected
City Hotel,0,19,35,29,0,1,1,0.0,0,SC,Online TA,TA/TO,0,0,0,1,0,Transient,140.0,0,2,08,2017-08-29,0,1,1.0,0,1,1,1,Guest_4668,Expected
City Hotel,0,19,35,29,0,1,1,0.0,0,SC,Online TA,TA/TO,0,0,0,1,0,Transient,140.0,0,2,08,2017-08-29,0,1,1.0,0,1,1,1,Guest_4669,Expected
City Hotel,0,19,35,29,0,1,1,0.0,0,SC,Online TA,TA/TO,0,0,0,1,0,Transient,140.0,0,2,08,2017-08-29,0,1,1.0,0,1,1,1,Guest_4670,Expected
City Hotel,0,4,35,28,1,1,3,0.0,0,BB,Online TA,TA/TO,0,0,0,0,0,Transient,219.0,0,2,08,2017-08-28,0,2,3.0,0,1,1,0,Guest_4671,Expected
City Hotel,0,223,34,23,2,5,3,0.0,0,HB,Online TA,TA/TO,0,0,0,1,0,Transient,154.7,0,1,08,2017-08-23,0,7,3.0,0,1,1,2,Guest_4672,Expected
City Hotel,0,0,35,29,0,1,2,0.0,0,SC,Online TA,TA/TO,0,0,0,0,0,Transient,140.0,0,0,08,2017-08-29,0,1,2.0,0,1,0,1,Guest_4673,Expected
City Hotel,0,0,34,23,2,5,2,0.0,0,HB,Offline TA/TO,TA/TO,0,0,0,0,0,Transient,112.1,0,0,08,2017-08-23,0,7,2.0,0,1,1,2,Guest_4674,Expected
City Hotel,0,6,35,27,2,1,3,0.0,0,BB,Online TA,TA/TO,0,0,0,0,0,Transient,196.33,0,2,08,2017-08-27,0,3,3.0,0,1,0,6,Guest_4675,Expected
City Hotel,0,52,35,27,2,1,3,0.0,0,BB,Online TA,TA/TO,0,0,0,0,0,Transient,258.0,1,2,08,2017-08-27,0,3,3.0,0,1,1,6,Guest_4676,Expected
City Hotel,0,190,35,27,2,1,3,0.0,0,BB,Online TA,TA/TO,0,0,0,0,0,Transient,162.0,0,2,08,2017-08-27,0,3,3.0,0,1,1,6,Guest_4677,Expected
City Hotel,0,216,34,26,2,2,2,1.0,0,BB,Online TA,TA/TO,0,0,0,0,0,Transient,93.6,0,0,08,2017-08-26,0,4,3.0,0,1,1,5,Guest_4678,Expected
City Hotel,0,323,35,29,0,1,2,1.0,0,BB,Online TA,TA/TO,0,0,0,1,0,Transient,125.1,0,2,08,2017-08-29,1,1,3.0,0,1,1,1,Guest_4679,Expected
City Hotel,0,5,35,29,0,1,2,2.0,0,BB,Online TA,TA/TO,0,0,0,0,0,Transient,259.0,0,0,08,2017-08-29,0,1,4.0,0,1,1,1,Guest_4680,Expected
City Hotel,0,189,35,27,2,1,2,0.0,0,BB,Direct,Direct,0,0,0,0,0,Transient,99.0,0,0,08,2017-08-27,0,3,2.0,0,1,1,6,Guest_4681,Expected
City Hotel,0,39,35,29,0,1,1,0.0,0,BB,Online TA,TA/TO,0,0,0,1,0,Transient,170.0,0,1,08,2017-08-29,1,1,1.0,0,1,1,1,Guest_4682,Expected
City Hotel,0,13,34,26,2,2,2,0.0,0,BB,Online TA,TA/TO,0,0,0,0,0,Transient,157.25,0,1,08,2017-08-26,0,4,2.0,0,1,1,5,Guest_4683,Expected
City Hotel,0,457,34,25,2,3,2,0.0,0,HB,Offline TA/TO,TA/TO,0,0,0,2,0,Transient-Party,122.4,0,1,08,2017-08-25,0,5,2.0,0,1,1,4,Guest_4684,Expected
City Hotel,0,43,35,29,0,1,2,0.0,0,SC,Online TA,TA/TO,0,0,0,1,0,Transient,140.0,0,1,08,2017-08-29,0,1,2.0,0,1,1,1,Guest_4685,Expected
City Hotel,0,196,34,26,2,2,2,0.0,0,BB,Online TA,TA/TO,0,0,0,0,0,Transient,126.0,0,3,08,2017-08-26,0,4,2.0,0,1,1,5,Guest_4686,Expected
City Hotel,0,0,35,29,0,1,2,2.0,0,BB,Direct,Direct,0,0,0,0,0,Transient,270.0,0,0,08,2017-08-29,0,1,4.0,0,0,1,1,Guest_4687,Expected
City Hotel,0,29,35,27,2,1,2,2.0,0,BB,Online TA,TA/TO,0,0,0,0,0,Transient,233.0,0,0,08,2017-08-27,0,3,4.0,0,1,1,6,Guest_4688,Expected
City Hotel,0,22,35,30,0,3,2,2.0,0,HB,Online TA,TA/TO,0,0,0,1,0,Transient,61.8,0,0,08,2017-08-30,1,3,4.0,0,1,1,2,Guest_4689,Expected
City Hotel,0,184,35,29,0,2,2,0.0,0,SC,Online TA,TA/TO,0,0,0,0,0,Transient,99.0,0,2,08,2017-08-29,0,2,2.0,0,1,0,1,Guest_4690,Expected
City Hotel,0,214,35,27,2,2,3,0.0,0,BB,Offline TA/TO,TA/TO,0,0,0,0,0,Transient,115.0,0,0,08,2017-08-27,1,4,3.0,0,1,1,6,Guest_4691,Expected
City Hotel,0,183,35,28,1,2,2,0.0,0,SC,Online TA,TA/TO,0,0,0,0,0,Transient,99.0,0,0,08,2017-08-28,0,3,2.0,0,1,1,0,Guest_4692,Expected
City Hotel,0,31,35,28,1,2,2,0.0,0,BB,Online TA,TA/TO,0,0,0,0,0,Transient,170.0,0,1,08,2017-08-28,0,3,2.0,0,1,1,0,Guest_4693,Expected
City Hotel,0,180,34,25,2,4,3,0.0,0,HB,Online TA,TA/TO,0,0,0,0,0,Transient,222.3,1,0,08,2017-08-25,0,6,3.0,0,1,1,4,Guest_4694,Expected
City Hotel,0,82,35,27,2,2,1,0.0,0,BB,Online TA,TA/TO,0,0,0,0,0,Transient,89.1,0,0,08,2017-08-27,0,4,1.0,0,1,1,6,Guest_4695,Expected
City Hotel,0,82,35,28,1,2,1,0.0,0,BB,Online TA,TA/TO,0,0,0,1,0,Transient,125.0,0,0,08,2017-08-28,0,3,1.0,0,1,1,0,Guest_4696,Expected
City Hotel,0,205,35,29,0,2,2,0.0,0,SC,Online TA,TA/TO,0,0,0,0,0,Transient,99.0,0,5,08,2017-08-29,0,2,2.0,0,1,1,1,Guest_4697,Expected
City Hotel,0,171,34,22,2,7,2,1.0,0,BB,Direct,Direct,0,0,0,0,0,Transient,180.0,0,1,08,2017-08-22,0,9,3.0,0,1,1,1,Guest_4698,Expected
City Hotel,0,281,35,27,2,2,2,0.0,0,BB,Online TA,TA/TO,0,0,0,1,0,Transient,107.1,0,2,08,2017-08-27,0,4,2.0,0,1,1,6,Guest_4699,Expected
City Hotel,0,95,34,24,2,5,2,0.0,0,BB,Online TA,TA/TO,0,0,0,0,0,Transient,127.45,0,0,08,2017-08-24,0,7,2.0,0,1,1,3,Guest_4700,Expected
City Hotel,0,100,35,27,2,2,2,0.0,0,BB,Online TA,TA/TO,0,0,0,0,0,Transient,89.1,0,1,08,2017-08-27,0,4,2.0,0,1,1,6,Guest_4701,Expected
City Hotel,0,0,35,30,0,1,1,0.0,0,BB,Direct,Direct,0,0,0,0,0,Transient,140.0,0,0,08,2017-08-30,0,1,1.0,0,0,1,2,Guest_4702,Expected
City Hotel,0,232,34,26,2,3,2,0.0,0,BB,Online TA,TA/TO,0,0,0,7,0,Transient,119.0,0,0,08,2017-08-26,0,5,2.0,0,1,1,5,Guest_4703,Expected
City Hotel,0,232,34,26,2,3,3,0.0,0,BB,Online TA,TA/TO,0,0,0,2,0,Transient,157.25,0,0,08,2017-08-26,0,5,3.0,0,1,1,5,Guest_4704,Expected
City Hotel,0,208,35,28,1,2,2,0.0,0,BB,Offline TA/TO,TA/TO,0,0,0,0,0,Transient,80.1,0,1,08,2017-08-28,0,3,2.0,0,1,0,0,Guest_4705,Expected
City Hotel,0,186,35,31,0,3,2,0.0,0,BB,Online TA,TA/TO,0,0,0,1,0,Transient,12.0,0,2,08,2017-08-31,0,3,2.0,0,1,1,3,Guest_4706,Expected
City Hotel,0,205,35,29,0,2,2,0.0,0,SC,Online TA,TA/TO,0,0,0,0,0,Transient,99.0,0,2,08,2017-08-29,0,2,2.0,0,1,0,1,Guest_4707,Expected
City Hotel,0,147,34,24,2,5,3,0.0,0,BB,Online TA,TA/TO,0,0,0,0,0,Transient,140.4,0,0,08,2017-08-24,0,7,3.0,0,1,1,3,Guest_4708,Expected
City Hotel,0,95,35,29,0,2,2,0.0,0,SC,Online TA,TA/TO,0,0,0,1,0,Transient,95.76,0,0,08,2017-08-29,1,2,2.0,0,1,0,1,Guest_4709,Expected
City Hotel,0,175,35,27,2,2,1,2.0,0,BB,Online TA,TA/TO,0,0,0,1,0,Transient,175.5,0,1,08,2017-08-27,0,4,3.0,0,1,1,6,Guest_4710,Expected
City Hotel,0,19,35,29,0,2,1,0.0,0,SC,Online TA,TA/TO,0,0,0,1,0,Transient,140.0,0,0,08,2017-08-29,0,2,1.0,0,1,1,1,Guest_4711,Expected
City Hotel,0,5,35,29,0,2,1,0.0,0,HB,Groups,TA/TO,0,0,0,4,0,Transient-Party,104.0,0,0,08,2017-08-29,0,2,1.0,0,1,0,1,Guest_4712,Expected
City Hotel,0,3,35,28,1,2,1,0.0,0,SC,Online TA,TA/TO,0,0,0,0,0,Transient,140.0,0,2,08,2017-08-28,0,3,1.0,0,1,1,0,Guest_4713,Expected
City Hotel,0,213,35,28,1,3,1,0.0,0,HB,Groups,TA/TO,0,0,0,1,0,Transient-Party,104.0,0,0,08,2017-08-28,0,4,1.0,0,1,0,0,Guest_4714,Expected
City Hotel,0,213,35,28,1,3,1,0.0,0,HB,Groups,TA/TO,0,0,0,1,0,Transient-Party,104.0,0,0,08,2017-08-28,0,4,1.0,0,1,0,0,Guest_4715,Expected
City Hotel,0,213,35,28,1,3,1,0.0,0,HB,Groups,TA/TO,0,0,0,1,0,Transient-Party,104.0,0,0,08,2017-08-28,0,4,1.0,0,1,0,0,Guest_4716,Expected
City Hotel,0,213,35,28,1,3,1,0.0,0,HB,Groups,TA/TO,0,0,0,1,0,Transient-Party,104.0,0,0,08,2017-08-28,0,4,1.0,0,1,0,0,Guest_4717,Expected
City Hotel,0,213,35,28,1,3,1,0.0,0,HB,Groups,TA/TO,0,0,0,1,0,Transient-Party,104.0,0,0,08,2017-08-28,0,4,1.0,0,1,0,0,Guest_4718,Expected
City Hotel,0,209,35,28,1,3,2,0.0,0,SC,Online TA,TA/TO,0,0,0,1,0,Transient,99.0,0,0,08,2017-08-28,1,4,2.0,0,1,1,0,Guest_4719,Expected
City Hotel,0,213,35,28,1,3,1,0.0,0,HB,Groups,TA/TO,0,0,0,1,0,Transient-Party,104.0,0,0,08,2017-08-28,0,4,1.0,0,1,0,0,Guest_4720,Expected
City Hotel,0,213,35,28,1,3,1,0.0,0,HB,Groups,TA/TO,0,0,0,1,0,Transient-Party,104.0,0,0,08,2017-08-28,0,4,1.0,0,1,0,0,Guest_4721,Expected
City Hotel,0,213,35,28,1,3,1,0.0,0,HB,Groups,TA/TO,0,0,0,1,0,Transient-Party,104.0,0,1,08,2017-08-28,0,4,1.0,0,1,0,0,Guest_4722,Expected
City Hotel,0,213,35,28,1,3,1,0.0,0,HB,Groups,TA/TO,0,0,0,1,0,Transient-Party,104.0,0,0,08,2017-08-28,0,4,1.0,0,1,0,0,Guest_4723,Expected
City Hotel,0,213,35,28,1,3,1,0.0,0,HB,Groups,TA/TO,0,0,0,1,0,Transient-Party,104.0,0,0,08,2017-08-28,0,4,1.0,0,1,0,0,Guest_4724,Expected
City Hotel,0,113,35,27,2,3,2,0.0,0,BB,Online TA,TA/TO,0,0,0,1,0,Transient,185.0,0,2,08,2017-08-27,0,5,2.0,0,1,1,6,Guest_4725,Expected
City Hotel,0,97,35,28,1,3,1,0.0,0,HB,Groups,TA/TO,0,0,0,1,0,Transient-Party,104.0,0,0,08,2017-08-28,0,4,1.0,0,1,0,0,Guest_4726,Expected
City Hotel,0,213,35,28,1,3,1,0.0,0,HB,Groups,TA/TO,0,0,0,1,0,Transient-Party,104.0,0,0,08,2017-08-28,0,4,1.0,0,1,0,0,Guest_4727,Expected
City Hotel,0,97,35,28,1,3,1,0.0,0,HB,Groups,TA/TO,0,0,0,1,0,Transient-Party,104.0,0,0,08,2017-08-28,0,4,1.0,0,1,0,0,Guest_4728,Expected
City Hotel,0,213,35,28,1,3,1,0.0,0,HB,Groups,TA/TO,0,0,0,1,0,Transient-Party,104.0,0,0,08,2017-08-28,0,4,1.0,0,1,0,0,Guest_4729,Expected
City Hotel,0,213,35,28,1,3,1,0.0,0,HB,Groups,TA/TO,0,0,0,1,0,Transient-Party,104.0,0,1,08,2017-08-28,0,4,1.0,0,1,0,0,Guest_4730,Expected
City Hotel,0,213,35,28,1,3,1,0.0,0,HB,Groups,TA/TO,0,0,0,1,0,Transient-Party,104.0,0,0,08,2017-08-28,0,4,1.0,0,1,0,0,Guest_4731,Expected
City Hotel,0,213,35,28,1,3,1,0.0,0,HB,Groups,TA/TO,0,0,0,1,0,Transient-Party,104.0,0,0,08,2017-08-28,0,4,1.0,0,1,0,0,Guest_4732,Expected
City Hotel,0,213,35,28,1,3,1,0.0,0,HB,Groups,TA/TO,0,0,0,1,0,Transient-Party,104.0,0,0,08,2017-08-28,0,4,1.0,0,1,0,0,Guest_4733,Expected
City Hotel,0,27,35,28,1,3,2,0.0,0,BB,Direct,Direct,0,0,0,2,0,Transient,169.0,1,0,08,2017-08-28,0,4,2.0,0,1,1,0,Guest_4734,Expected
City Hotel,0,213,35,28,1,3,1,0.0,0,HB,Groups,TA/TO,0,0,0,1,0,Transient-Party,104.0,0,0,08,2017-08-28,0,4,1.0,0,1,0,0,Guest_4735,Expected
City Hotel,0,213,35,28,1,3,1,0.0,0,HB,Groups,TA/TO,0,0,0,1,0,Transient-Party,104.0,0,1,08,2017-08-28,0,4,1.0,0,1,0,0,Guest_4736,Expected
City Hotel,0,213,35,28,1,3,1,0.0,0,HB,Groups,TA/TO,0,0,0,1,0,Transient-Party,104.0,0,0,08,2017-08-28,0,4,1.0,0,1,0,0,Guest_4737,Expected
City Hotel,0,213,35,28,1,3,1,0.0,0,HB,Groups,TA/TO,0,0,0,1,0,Transient-Party,104.0,0,0,08,2017-08-28,0,4,1.0,0,1,0,0,Guest_4738,Expected
City Hotel,0,213,35,28,1,3,1,0.0,0,HB,Groups,TA/TO,0,0,0,1,0,Transient-Party,104.0,0,0,08,2017-08-28,0,4,1.0,0,1,0,0,Guest_4739,Expected
City Hotel,0,213,35,28,1,3,1,0.0,0,HB,Groups,TA/TO,0,0,0,1,0,Transient-Party,104.0,0,0,08,2017-08-28,0,4,1.0,0,1,0,0,Guest_4740,Expected
City Hotel,0,213,35,28,1,3,1,0.0,0,HB,Groups,TA/TO,0,0,0,1,0,Transient-Party,104.0,0,0,08,2017-08-28,0,4,1.0,0,1,0,0,Guest_4741,Expected
City Hotel,0,213,35,28,1,3,1,0.0,0,HB,Groups,TA/TO,0,0,0,1,0,Transient-Party,104.0,0,0,08,2017-08-28,0,4,1.0,0,1,0,0,Guest_4742,Expected
City Hotel,0,213,35,28,1,3,1,0.0,0,HB,Groups,TA/TO,0,0,0,1,0,Transient-Party,104.0,0,0,08,2017-08-28,0,4,1.0,0,1,0,0,Guest_4743,Expected
City Hotel,0,213,35,28,1,3,1,0.0,0,HB,Groups,TA/TO,0,0,0,1,0,Transient-Party,104.0,0,0,08,2017-08-28,0,4,1.0,0,1,0,0,Guest_4744,Expected
City Hotel,0,213,35,28,1,3,1,0.0,0,HB,Groups,TA/TO,0,0,0,1,0,Transient-Party,104.0,0,0,08,2017-08-28,0,4,1.0,0,1,0,0,Guest_4745,Expected
City Hotel,0,213,35,28,1,3,1,0.0,0,HB,Groups,TA/TO,0,0,0,1,0,Transient-Party,104.0,0,0,08,2017-08-28,0,4,1.0,0,1,0,0,Guest_4746,Expected
City Hotel,0,213,35,28,1,3,1,0.0,0,HB,Groups,TA/TO,0,0,0,1,0,Transient-Party,104.0,0,0,08,2017-08-28,0,4,1.0,0,1,0,0,Guest_4747,Expected
City Hotel,0,213,35,28,1,3,1,0.0,0,HB,Groups,TA/TO,0,0,0,2,0,Transient-Party,104.0,0,0,08,2017-08-28,0,4,1.0,0,1,0,0,Guest_4748,Expected
City Hotel,0,213,35,28,1,3,1,0.0,0,HB,Groups,TA/TO,0,0,0,1,0,Transient-Party,104.0,0,0,08,2017-08-28,0,4,1.0,0,1,0,0,Guest_4749,Expected
City Hotel,0,213,35,28,1,3,1,0.0,0,HB,Groups,TA/TO,0,0,0,1,0,Transient-Party,104.0,0,0,08,2017-08-28,0,4,1.0,0,1,0,0,Guest_4750,Expected
City Hotel,0,2,35,31,0,1,1,0.0,0,SC,Direct,Direct,0,0,0,0,0,Transient,140.0,0,2,08,2017-08-31,0,1,1.0,0,0,1,3,Guest_4751,Expected
City Hotel,0,29,35,30,0,2,1,0.0,0,BB,Online TA,TA/TO,0,0,0,1,0,Transient,95.0,0,0,08,2017-08-30,0,2,1.0,0,1,1,2,Guest_4752,Expected
City Hotel,0,29,35,30,0,2,1,0.0,0,BB,Online TA,TA/TO,0,0,0,1,0,Transient,95.0,0,0,08,2017-08-30,0,2,1.0,0,1,1,2,Guest_4753,Expected
City Hotel,0,213,35,28,1,3,1,0.0,0,HB,Groups,TA/TO,0,0,0,1,0,Transient-Party,104.0,0,0,08,2017-08-28,0,4,1.0,0,1,0,0,Guest_4754,Expected
City Hotel,0,213,35,28,1,3,1,0.0,0,HB,Groups,TA/TO,0,0,0,1,0,Transient-Party,104.0,0,0,08,2017-08-28,0,4,1.0,0,1,0,0,Guest_4755,Expected
City Hotel,0,167,35,30,0,2,2,0.0,0,SC,Online TA,TA/TO,0,0,0,0,0,Transient,112.5,0,2,08,2017-08-30,0,2,2.0,0,1,1,2,Guest_4756,Expected
City Hotel,0,213,35,28,1,3,1,0.0,0,HB,Groups,TA/TO,0,0,0,1,0,Transient-Party,104.0,0,0,08,2017-08-28,0,4,1.0,0,1,0,0,Guest_4757,Expected
City Hotel,0,213,35,28,1,3,1,0.0,0,HB,Groups,TA/TO,0,0,0,1,0,Transient-Party,104.0,0,0,08,2017-08-28,0,4,1.0,0,1,0,0,Guest_4758,Expected
City Hotel,0,6,35,28,1,3,2,2.0,0,BB,Online TA,TA/TO,0,0,0,1,0,Transient,190.0,0,1,08,2017-08-28,0,4,4.0,0,1,1,0,Guest_4759,Expected
City Hotel,0,83,35,28,1,3,1,0.0,0,BB,Direct,Direct,0,0,0,4,0,Transient,147.68,0,0,08,2017-08-28,0,4,1.0,0,1,1,0,Guest_4760,Expected
City Hotel,0,213,35,28,1,3,1,0.0,0,HB,Groups,TA/TO,0,0,0,1,0,Transient-Party,104.0,0,0,08,2017-08-28,0,4,1.0,0,1,0,0,Guest_4761,Expected
City Hotel,0,213,35,28,1,3,1,0.0,0,HB,Groups,TA/TO,0,0,0,1,0,Transient-Party,104.0,0,0,08,2017-08-28,0,4,1.0,0,1,0,0,Guest_4762,Expected
City Hotel,0,167,35,30,0,2,2,0.0,0,SC,Online TA,TA/TO,0,0,0,0,0,Transient,112.5,0,2,08,2017-08-30,0,2,2.0,0,1,1,2,Guest_4763,Expected
City Hotel,0,341,35,27,2,3,2,1.0,0,BB,Offline TA/TO,TA/TO,0,0,0,0,0,Transient,96.91,0,1,08,2017-08-27,0,5,3.0,0,1,1,6,Guest_4764,Expected
City Hotel,0,213,35,28,1,3,1,0.0,0,HB,Groups,TA/TO,0,0,0,1,0,Transient-Party,104.0,0,0,08,2017-08-28,0,4,1.0,0,1,0,0,Guest_4765,Expected
City Hotel,0,213,35,28,1,3,1,0.0,0,HB,Groups,TA/TO,0,0,0,1,0,Transient-Party,104.0,0,0,08,2017-08-28,0,4,1.0,0,1,0,0,Guest_4766,Expected
City Hotel,0,213,35,28,1,3,1,0.0,0,HB,Groups,TA/TO,0,0,0,1,0,Transient-Party,104.0,0,0,08,2017-08-28,0,4,1.0,0,1,0,0,Guest_4767,Expected
City Hotel,0,213,35,28,1,3,1,0.0,0,HB,Groups,TA/TO,0,0,0,1,0,Transient-Party,104.0,0,0,08,2017-08-28,0,4,1.0,0,1,0,0,Guest_4768,Expected
City Hotel,0,28,35,30,0,2,3,0.0,0,BB,Online TA,TA/TO,0,0,0,0,0,Transient,210.0,0,0,08,2017-08-30,0,2,3.0,0,1,1,2,Guest_4769,Expected
City Hotel,0,189,35,29,0,3,2,0.0,0,BB,Offline TA/TO,TA/TO,0,0,0,1,0,Transient,80.1,0,1,08,2017-08-29,1,3,2.0,0,1,1,1,Guest_4770,Expected
City Hotel,0,189,35,29,0,3,2,0.0,0,BB,Offline TA/TO,TA/TO,0,0,0,1,0,Transient,80.1,0,1,08,2017-08-29,1,3,2.0,0,1,1,1,Guest_4771,Expected
City Hotel,0,216,35,31,0,1,2,0.0,0,BB,Offline TA/TO,TA/TO,0,0,0,0,0,Transient,89.1,1,0,08,2017-08-31,0,1,2.0,0,1,0,3,Guest_4772,Expected
City Hotel,0,3,35,31,0,1,2,0.0,0,SC,Online TA,TA/TO,0,0,0,2,0,Transient,140.0,0,1,08,2017-08-31,0,1,2.0,0,1,0,3,Guest_4773,Expected
City Hotel,0,173,35,28,1,3,2,0.0,0,BB,Direct,Direct,0,0,0,0,0,Transient,135.0,0,2,08,2017-08-28,0,4,2.0,0,1,1,0,Guest_4774,Expected
City Hotel,0,213,35,28,1,3,1,0.0,0,HB,Groups,TA/TO,0,0,0,1,0,Transient-Party,104.0,0,0,08,2017-08-28,0,4,1.0,0,1,0,0,Guest_4775,Expected
City Hotel,0,205,35,27,2,3,2,0.0,0,SC,Online TA,TA/TO,0,0,0,0,0,Transient,99.0,0,0,08,2017-08-27,0,5,2.0,0,1,1,6,Guest_4776,Expected
City Hotel,0,196,35,27,2,3,2,0.0,0,HB,Online TA,TA/TO,0,0,0,0,0,Transient,151.2,0,2,08,2017-08-27,0,5,2.0,0,1,1,6,Guest_4777,Expected
City Hotel,0,211,35,28,1,3,3,0.0,0,BB,Direct,Direct,0,0,0,0,0,Transient,161.5,0,1,08,2017-08-28,0,4,3.0,0,1,1,0,Guest_4778,Expected
City Hotel,0,194,35,27,2,3,2,0.0,0,SC,Offline TA/TO,TA/TO,0,0,0,0,0,Transient,71.1,0,1,08,2017-08-27,0,5,2.0,0,1,1,6,Guest_4779,Expected
City Hotel,0,97,35,28,1,3,1,0.0,0,HB,Groups,TA/TO,0,0,0,1,0,Transient-Party,104.0,0,0,08,2017-08-28,0,4,1.0,0,1,0,0,Guest_4780,Expected
City Hotel,0,213,35,28,1,3,1,0.0,0,HB,Groups,TA/TO,0,0,0,1,0,Transient-Party,104.0,0,0,08,2017-08-28,0,4,1.0,0,1,0,0,Guest_4781,Expected
City Hotel,0,201,35,28,1,3,2,0.0,0,BB,Online TA,TA/TO,0,0,0,0,0,Transient,126.0,0,0,08,2017-08-28,0,4,2.0,0,1,1,0,Guest_4782,Expected
City Hotel,0,140,35,27,2,3,2,2.0,0,BB,Online TA,TA/TO,0,0,0,0,0,Transient,235.0,0,0,08,2017-08-27,0,5,4.0,0,1,1,6,Guest_4783,Expected
City Hotel,0,22,35,29,0,3,1,0.0,0,BB,Corporate,Corporate,0,0,0,0,0,Transient,75.0,0,4,08,2017-08-29,0,3,1.0,0,0,0,1,Guest_4784,Expected
City Hotel,0,131,35,27,2,3,2,0.0,0,BB,Online TA,TA/TO,0,0,0,0,0,Transient,89.1,0,0,08,2017-08-27,0,5,2.0,0,1,1,6,Guest_4785,Expected
City Hotel,0,213,35,28,1,3,1,0.0,0,HB,Groups,TA/TO,0,0,0,1,0,Transient-Party,104.0,0,0,08,2017-08-28,0,4,1.0,0,1,0,0,Guest_4786,Expected
City Hotel,0,140,35,27,2,3,2,2.0,0,BB,Online TA,TA/TO,0,0,0,0,0,Transient,235.0,0,0,08,2017-08-27,0,5,4.0,0,1,1,6,Guest_4787,Expected
City Hotel,0,194,35,27,2,3,2,0.0,0,BB,Online TA,TA/TO,0,0,0,0,0,Transient,117.0,0,1,08,2017-08-27,0,5,2.0,0,1,1,6,Guest_4788,Expected
City Hotel,0,213,35,28,1,3,1,0.0,0,HB,Groups,TA/TO,0,0,0,1,0,Transient-Party,104.0,0,0,08,2017-08-28,0,4,1.0,0,1,0,0,Guest_4789,Expected
City Hotel,0,9,35,28,1,3,2,2.0,0,BB,Direct,Direct,0,0,0,0,0,Transient,210.0,0,0,08,2017-08-28,0,4,4.0,0,1,1,0,Guest_4790,Expected
City Hotel,0,190,34,23,2,7,2,0.0,0,BB,Offline TA/TO,TA/TO,0,0,0,0,0,Transient,80.1,0,1,08,2017-08-23,0,9,2.0,0,1,1,2,Guest_4791,Expected
City Hotel,0,279,35,28,1,3,2,0.0,0,SC,Online TA,TA/TO,0,0,0,1,0,Transient,89.1,0,2,08,2017-08-28,1,4,2.0,0,1,1,0,Guest_4792,Expected
City Hotel,0,190,35,28,1,3,2,0.0,0,BB,Direct,Direct,0,0,0,0,0,Transient,99.0,0,2,08,2017-08-28,0,4,2.0,0,1,1,0,Guest_4793,Expected
City Hotel,0,163,35,30,0,2,2,0.0,0,BB,Offline TA/TO,TA/TO,0,0,0,1,0,Transient,89.1,0,0,08,2017-08-30,1,2,2.0,0,1,1,2,Guest_4794,Expected
City Hotel,0,213,35,28,1,3,1,0.0,0,HB,Groups,TA/TO,0,0,0,1,0,Transient-Party,104.0,0,0,08,2017-08-28,0,4,1.0,0,1,0,0,Guest_4795,Expected
City Hotel,0,292,34,20,4,8,2,0.0,0,BB,Online TA,TA/TO,0,0,0,0,0,Transient,128.1,0,2,08,2017-08-20,0,12,2.0,0,1,1,6,Guest_4796,Expected
City Hotel,0,239,35,27,2,3,2,0.0,0,BB,Direct,Direct,0,0,0,0,0,Transient,96.25,0,0,08,2017-08-27,0,5,2.0,0,1,1,6,Guest_4797,Expected
City Hotel,0,213,35,28,1,3,1,0.0,0,HB,Groups,TA/TO,0,0,0,1,0,Transient-Party,104.0,0,0,08,2017-08-28,0,4,1.0,0,1,0,0,Guest_4798,Expected
City Hotel,0,115,35,28,1,3,2,0.0,0,BB,Online TA,TA/TO,0,0,0,0,0,Transient,155.0,0,1,08,2017-08-28,0,4,2.0,0,1,1,0,Guest_4799,Expected
City Hotel,0,213,35,28,1,3,1,0.0,0,HB,Groups,TA/TO,0,0,0,2,0,Transient-Party,104.0,0,0,08,2017-08-28,0,4,1.0,0,1,0,0,Guest_4800,Expected
City Hotel,0,213,35,28,1,3,1,0.0,0,HB,Groups,TA/TO,0,0,0,1,0,Transient-Party,104.0,0,0,08,2017-08-28,0,4,1.0,0,1,0,0,Guest_4801,Expected
City Hotel,0,213,35,28,1,3,1,0.0,0,HB,Groups,TA/TO,0,0,0,1,0,Transient-Party,104.0,0,0,08,2017-08-28,0,4,1.0,0,1,0,0,Guest_4802,Expected
City Hotel,0,213,35,28,1,3,1,0.0,0,HB,Groups,TA/TO,0,0,0,1,0,Transient-Party,104.0,0,0,08,2017-08-28,0,4,1.0,0,1,0,0,Guest_4803,Expected
City Hotel,0,213,35,28,1,3,1,0.0,0,HB,Groups,TA/TO,0,0,0,10,0,Transient-Party,105.75,0,1,08,2017-08-28,0,4,1.0,0,1,0,0,Guest_4804,Expected
City Hotel,0,178,35,29,0,3,1,0.0,0,SC,Online TA,TA/TO,0,0,0,2,0,Transient,121.5,0,1,08,2017-08-29,1,3,1.0,0,1,1,1,Guest_4805,Expected
City Hotel,0,0,35,29,0,3,2,1.0,0,BB,Online TA,TA/TO,0,0,0,1,0,Transient,135.0,0,2,08,2017-08-29,1,3,3.0,0,1,1,1,Guest_4806,Expected
City Hotel,0,213,35,28,1,3,1,0.0,0,HB,Groups,TA/TO,0,0,0,1,0,Transient-Party,104.0,0,0,08,2017-08-28,0,4,1.0,0,1,0,0,Guest_4807,Expected
City Hotel,0,22,35,28,1,3,2,0.0,0,BB,Direct,Direct,0,0,0,0,0,Transient,160.0,0,0,08,2017-08-28,0,4,2.0,0,1,1,0,Guest_4808,Expected
City Hotel,0,213,35,28,1,3,1,0.0,0,HB,Groups,TA/TO,0,0,0,1,0,Transient-Party,104.0,0,0,08,2017-08-28,1,4,1.0,0,1,0,0,Guest_4809,Expected
City Hotel,0,213,35,28,1,3,1,0.0,0,HB,Groups,TA/TO,0,0,0,2,0,Transient-Party,104.0,0,0,08,2017-08-28,1,4,1.0,0,1,0,0,Guest_4810,Expected
City Hotel,0,213,35,28,1,3,1,0.0,0,HB,Groups,TA/TO,0,0,0,1,0,Transient-Party,104.0,0,0,08,2017-08-28,0,4,1.0,0,1,0,0,Guest_4811,Expected
City Hotel,0,213,35,28,1,3,1,0.0,0,HB,Groups,TA/TO,0,0,0,1,0,Transient-Party,104.0,0,0,08,2017-08-28,0,4,1.0,0,1,0,0,Guest_4812,Expected
City Hotel,0,213,35,28,1,3,1,0.0,0,HB,Groups,TA/TO,0,0,0,1,0,Transient-Party,104.0,0,0,08,2017-08-28,0,4,1.0,0,1,0,0,Guest_4813,Expected
City Hotel,0,213,35,28,1,3,1,0.0,0,HB,Groups,TA/TO,0,0,0,1,0,Transient-Party,104.0,0,1,08,2017-08-28,0,4,1.0,0,1,0,0,Guest_4814,Expected
City Hotel,0,198,35,28,1,4,2,0.0,0,BB,Online TA,TA/TO,0,0,0,0,0,Transient,117.0,0,2,08,2017-08-28,0,5,2.0,0,1,1,0,Guest_4815,Expected
City Hotel,0,30,35,30,0,3,3,0.0,0,HB,Online TA,TA/TO,0,0,0,0,0,Transient,195.47,0,3,08,2017-08-30,0,3,3.0,0,1,1,2,Guest_4816,Expected
City Hotel,0,158,35,31,0,2,2,0.0,0,BB,Online TA,TA/TO,0,0,0,2,0,Transient,126.0,1,0,08,2017-08-31,0,2,2.0,0,1,1,3,Guest_4817,Expected
City Hotel,0,198,35,29,0,4,2,0.0,0,HB,Online TA,TA/TO,0,0,0,0,0,Transient,160.2,0,0,08,2017-08-29,0,4,2.0,0,1,1,1,Guest_4818,Expected
City Hotel,0,115,35,30,0,3,2,0.0,0,SC,Online TA,TA/TO,0,0,0,0,0,Transient,100.0,0,2,08,2017-08-30,0,3,2.0,0,1,1,2,Guest_4819,Expected
City Hotel,0,141,35,29,0,4,2,0.0,0,BB,Direct,Direct,0,0,0,4,0,Transient,138.75,0,1,08,2017-08-29,0,4,2.0,0,1,1,1,Guest_4820,Expected
City Hotel,0,135,35,27,2,4,2,0.0,0,BB,Online TA,TA/TO,0,0,0,2,0,Transient,157.17,0,1,08,2017-08-27,0,6,2.0,0,1,1,6,Guest_4821,Expected
City Hotel,0,177,35,27,2,4,2,0.0,0,HB,Online TA,TA/TO,0,0,0,0,0,Transient,175.95,0,1,08,2017-08-27,0,6,2.0,0,1,1,6,Guest_4822,Expected
City Hotel,0,167,35,27,2,4,2,1.0,0,BB,Online TA,TA/TO,0,0,0,1,0,Transient,177.75,0,0,08,2017-08-27,0,6,3.0,0,1,1,6,Guest_4823,Expected
City Hotel,0,44,35,30,0,3,3,0.0,0,BB,Online TA,TA/TO,0,0,0,0,0,Transient,206.33,0,1,08,2017-08-30,0,3,3.0,0,1,1,2,Guest_4824,Expected
City Hotel,0,25,35,30,0,3,3,0.0,0,BB,Online TA,TA/TO,0,0,0,1,0,Transient,236.33,0,3,08,2017-08-30,1,3,3.0,0,1,1,2,Guest_4825,Expected
City Hotel,0,218,34,26,2,5,2,0.0,0,HB,Online TA,TA/TO,0,0,0,1,0,Transient,111.92,0,4,08,2017-08-26,0,7,2.0,0,1,1,5,Guest_4826,Expected
City Hotel,0,218,34,26,2,5,1,0.0,0,HB,Online TA,TA/TO,0,0,0,0,0,Transient,105.34,0,4,08,2017-08-26,0,7,1.0,0,1,1,5,Guest_4827,Expected
City Hotel,0,75,34,23,2,8,2,0.0,0,BB,Offline TA/TO,TA/TO,0,0,0,0,0,Transient,81.0,0,0,08,2017-08-23,0,10,2.0,0,1,1,2,Guest_4828,Expected
City Hotel,0,243,35,30,0,3,2,2.0,0,BB,Online TA,TA/TO,0,0,0,0,0,Transient,189.0,0,3,08,2017-08-30,0,3,4.0,0,1,1,2,Guest_4829,Expected
City Hotel,0,243,35,30,0,3,2,0.0,0,BB,Online TA,TA/TO,0,0,0,0,0,Transient,117.0,0,1,08,2017-08-30,0,3,2.0,0,1,1,2,Guest_4830,Expected
City Hotel,0,199,35,29,0,5,2,0.0,0,BB,Online TA,TA/TO,0,0,0,2,0,Transient,126.0,0,0,08,2017-08-29,0,5,2.0,0,1,1,1,Guest_4831,Expected
City Hotel,0,303,35,29,0,4,1,0.0,0,BB,Online TA,TA/TO,0,0,0,0,0,Transient,102.38,0,2,08,2017-08-29,0,4,1.0,0,1,1,1,Guest_4832,Expected
City Hotel,0,332,35,31,0,2,2,0.0,0,BB,Online TA,TA/TO,0,0,0,4,0,Transient,170.8,0,2,08,2017-08-31,1,2,2.0,0,1,1,3,Guest_4833,Expected
City Hotel,0,169,35,30,0,3,2,0.0,0,BB,Offline TA/TO,TA/TO,0,0,0,0,0,Transient,83.1,0,0,08,2017-08-30,0,3,2.0,0,1,1,2,Guest_4834,Expected
City Hotel,0,26,35,29,0,4,3,0.0,0,BB,Online TA,TA/TO,0,0,0,0,0,Transient,207.25,0,0,08,2017-08-29,0,4,3.0,0,1,1,1,Guest_4835,Expected
City Hotel,0,43,35,29,0,4,2,0.0,0,SC,Online TA,TA/TO,0,0,0,0,0,Transient,137.25,0,1,08,2017-08-29,0,4,2.0,0,1,1,1,Guest_4836,Expected
City Hotel,0,130,35,28,1,4,2,0.0,0,BB,Online TA,TA/TO,0,0,0,0,0,Transient,188.0,0,0,08,2017-08-28,0,5,2.0,0,1,1,0,Guest_4837,Expected
City Hotel,0,217,35,28,1,4,2,0.0,0,BB,Direct,Direct,0,0,0,0,0,Transient,99.0,0,0,08,2017-08-28,0,5,2.0,0,1,1,0,Guest_4838,Expected
City Hotel,0,198,35,31,0,2,2,0.0,0,SC,Online TA,TA/TO,0,0,0,0,0,Transient,99.0,0,0,08,2017-08-31,0,2,2.0,0,1,1,3,Guest_4839,Expected
City Hotel,0,4,35,30,0,3,1,0.0,0,BB,Direct,Direct,0,0,0,1,0,Transient,140.7,0,0,08,2017-08-30,0,3,1.0,0,1,1,2,Guest_4840,Expected
City Hotel,0,66,35,30,0,3,1,0.0,0,BB,Direct,Direct,0,0,0,0,0,Transient,141.9,0,0,08,2017-08-30,0,3,1.0,0,1,1,2,Guest_4841,Expected
City Hotel,0,197,35,29,0,4,2,0.0,0,BB,Online TA,TA/TO,0,0,0,0,0,Transient,117.0,0,0,08,2017-08-29,0,4,2.0,0,1,1,1,Guest_4842,Expected
City Hotel,0,116,35,29,0,5,1,0.0,0,SC,Online TA,TA/TO,0,0,0,0,0,Transient,92.0,0,1,08,2017-08-29,0,5,1.0,0,1,1,1,Guest_4843,Expected
City Hotel,0,138,35,29,0,5,1,0.0,0,BB,Direct,Direct,0,0,0,0,0,Transient,117.9,0,0,08,2017-08-29,0,5,1.0,0,1,1,1,Guest_4844,Expected
City Hotel,0,199,35,29,0,5,1,0.0,0,BB,Online TA,TA/TO,0,0,0,0,0,Transient,99.0,0,2,08,2017-08-29,0,5,1.0,0,1,1,1,Guest_4845,Expected
City Hotel,0,199,35,29,0,5,1,0.0,0,SC,Online TA,TA/TO,0,0,0,0,0,Transient,99.0,0,2,08,2017-08-29,0,5,1.0,0,1,1,1,Guest_4846,Expected
City Hotel,0,145,35,29,0,5,1,0.0,0,SC,Online TA,TA/TO,0,0,0,0,0,Transient,84.51,0,1,08,2017-08-29,0,5,1.0,0,1,1,1,Guest_4847,Expected
City Hotel,0,4,35,31,0,3,2,0.0,0,SC,Online TA,TA/TO,0,0,0,0,0,Transient,132.67,0,1,08,2017-08-31,0,3,2.0,0,1,1,3,Guest_4848,Expected
City Hotel,0,211,35,31,0,3,3,0.0,0,BB,Online TA,TA/TO,0,0,0,0,0,Transient,162.0,0,1,08,2017-08-31,0,3,3.0,0,1,1,3,Guest_4849,Expected
City Hotel,0,230,35,31,0,3,2,0.0,0,BB,Offline TA/TO,TA/TO,0,0,0,0,0,Transient,109.5,0,0,08,2017-08-31,0,3,2.0,0,1,1,3,Guest_4850,Expected
City Hotel,0,230,35,31,0,3,2,0.0,0,BB,Offline TA/TO,TA/TO,0,0,0,0,0,Transient,109.5,0,0,08,2017-08-31,0,3,2.0,0,1,1,3,Guest_4851,Expected
City Hotel,0,1,35,31,0,3,2,0.0,0,BB,Offline TA/TO,TA/TO,0,0,0,0,0,Transient,109.5,0,1,08,2017-08-31,0,3,2.0,0,1,1,3,Guest_4852,Expected
City Hotel,0,188,35,30,0,4,3,0.0,0,BB,Offline TA/TO,TA/TO,0,0,0,0,0,Transient,129.6,0,0,08,2017-08-30,0,4,3.0,0,1,0,2,Guest_4853,Expected
City Hotel,0,160,35,29,0,5,2,1.0,0,BB,Online TA,TA/TO,0,0,0,0,0,Transient,153.9,0,0,08,2017-08-29,0,5,3.0,0,1,1,1,Guest_4854,Expected
City Hotel,0,45,35,28,1,5,2,2.0,0,BB,Online TA,TA/TO,0,0,0,1,0,Transient,194.13,0,1,08,2017-08-28,0,6,4.0,0,1,1,0,Guest_4855,Expected
City Hotel,0,140,35,29,0,5,2,0.0,0,BB,Direct,Direct,0,0,0,0,0,Transient,156.0,0,1,08,2017-08-29,0,5,2.0,0,1,1,1,Guest_4856,Expected
City Hotel,0,181,35,30,0,4,2,0.0,0,SC,Online TA,TA/TO,0,0,0,0,0,Transient,119.25,0,2,08,2017-08-30,0,4,2.0,0,1,1,2,Guest_4857,Expected
City Hotel,0,142,35,31,0,3,2,0.0,0,BB,Online TA,TA/TO,0,0,0,0,0,Transient,86.1,0,0,08,2017-08-31,0,3,2.0,0,1,1,3,Guest_4858,Expected
City Hotel,0,136,35,29,0,5,1,0.0,0,SC,Online TA,TA/TO,0,0,0,0,0,Transient,131.0,0,2,08,2017-08-29,0,5,1.0,0,1,1,1,Guest_4859,Expected
City Hotel,0,8,35,31,0,3,2,0.0,0,BB,Direct,Direct,0,0,0,0,0,Transient,119.4,0,0,08,2017-08-31,0,3,2.0,0,1,1,3,Guest_4860,Expected
City Hotel,0,147,35,28,1,5,2,0.0,0,BB,Direct,Direct,0,0,0,0,0,Transient,117.0,0,1,08,2017-08-28,0,6,2.0,0,1,1,0,Guest_4861,Expected
City Hotel,0,186,35,31,0,3,2,0.0,0,BB,Online TA,TA/TO,0,0,0,0,0,Transient,126.0,0,2,08,2017-08-31,0,3,2.0,0,1,1,3,Guest_4862,Expected
City Hotel,0,186,35,31,0,3,2,0.0,0,BB,Online TA,TA/TO,0,0,0,0,0,Transient,126.0,0,2,08,2017-08-31,0,3,2.0,0,1,1,3,Guest_4863,Expected
City Hotel,0,104,35,31,0,3,1,0.0,0,BB,Online TA,TA/TO,0,0,0,0,0,Transient,129.33,0,1,08,2017-08-31,0,3,1.0,0,1,1,3,Guest_4864,Expected
City Hotel,0,30,35,31,0,3,2,0.0,0,BB,Direct,Direct,0,0,0,0,0,Transient,151.67,1,0,08,2017-08-31,0,3,2.0,0,1,1,3,Guest_4865,Expected
City Hotel,0,177,35,29,0,5,2,0.0,0,BB,Online TA,TA/TO,0,0,0,0,0,Transient,135.9,0,2,08,2017-08-29,0,5,2.0,0,1,1,1,Guest_4866,Expected
City Hotel,0,104,35,31,0,3,1,0.0,0,BB,Online TA,TA/TO,0,0,0,0,0,Transient,129.33,0,0,08,2017-08-31,0,3,1.0,0,1,1,3,Guest_4867,Expected
City Hotel,0,27,35,31,0,3,2,0.0,0,BB,Online TA,TA/TO,0,0,0,0,0,Transient,152.67,0,1,08,2017-08-31,0,3,2.0,0,1,1,3,Guest_4868,Expected
City Hotel,0,231,35,28,1,5,2,0.0,0,BB,Online TA,TA/TO,0,0,0,2,0,Transient,134.58,0,0,08,2017-08-28,0,6,2.0,0,1,1,0,Guest_4869,Expected
City Hotel,0,325,35,30,0,4,2,0.0,0,BB,Online TA,TA/TO,0,0,0,0,0,Transient,129.18,0,4,08,2017-08-30,0,4,2.0,0,1,1,2,Guest_4870,Expected
City Hotel,0,63,35,31,0,3,3,0.0,0,BB,Online TA,TA/TO,0,0,0,0,0,Transient-Party,195.33,0,2,08,2017-08-31,0,3,3.0,0,1,1,3,Guest_4871,Expected
City Hotel,0,103,35,29,0,5,1,0.0,0,BB,Online TA,TA/TO,0,0,0,1,0,Transient,153.6,0,0,08,2017-08-29,0,5,1.0,0,1,1,1,Guest_4872,Expected
City Hotel,0,107,35,30,0,4,2,0.0,0,BB,Direct,Direct,0,0,0,0,0,Transient,146.4,0,0,08,2017-08-30,0,4,2.0,0,1,1,2,Guest_4873,Expected
City Hotel,0,137,35,29,0,5,1,0.0,0,SC,Online TA,TA/TO,0,0,0,0,0,Transient,96.8,0,1,08,2017-08-29,0,5,1.0,0,1,1,1,Guest_4874,Expected
City Hotel,0,110,35,29,0,5,3,0.0,0,HB,Direct,Direct,0,0,0,1,0,Transient,229.0,0,1,08,2017-08-29,0,5,3.0,0,1,1,1,Guest_4875,Expected
City Hotel,0,110,35,29,0,5,2,0.0,0,HB,Direct,Direct,0,0,0,1,0,Transient,171.0,0,2,08,2017-08-29,0,5,2.0,0,1,0,1,Guest_4876,Expected
City Hotel,0,181,35,29,0,5,1,0.0,0,BB,Online TA,TA/TO,0,0,0,0,0,Transient,126.9,0,2,08,2017-08-29,0,5,1.0,0,1,1,1,Guest_4877,Expected
City Hotel,0,63,35,31,0,3,3,0.0,0,BB,Online TA,TA/TO,0,0,0,0,0,Transient-Party,195.33,0,2,08,2017-08-31,0,3,3.0,0,1,1,3,Guest_4878,Expected
City Hotel,0,149,35,30,0,4,2,0.0,0,BB,Offline TA/TO,TA/TO,0,0,0,0,0,Transient,84.6,0,0,08,2017-08-30,0,4,2.0,0,1,1,2,Guest_4879,Expected
City Hotel,0,31,35,31,0,3,2,0.0,0,BB,Online TA,TA/TO,0,0,0,0,0,Transient,152.67,0,1,08,2017-08-31,0,3,2.0,0,1,1,3,Guest_4880,Expected
City Hotel,0,194,35,31,0,3,2,0.0,0,SC,Online TA,TA/TO,0,0,0,0,0,Transient,99.0,0,0,08,2017-08-31,0,3,2.0,0,1,1,3,Guest_4881,Expected
City Hotel,0,45,35,27,2,5,2,0.0,0,HB,Online TA,TA/TO,0,0,0,0,0,Transient,183.86,0,2,08,2017-08-27,0,7,2.0,0,1,1,6,Guest_4882,Expected
City Hotel,0,63,35,31,0,3,3,0.0,0,BB,Online TA,TA/TO,0,0,0,0,0,Transient-Party,195.33,0,2,08,2017-08-31,0,3,3.0,0,1,1,3,Guest_4883,Expected
City Hotel,0,63,35,31,0,3,3,0.0,0,BB,Online TA,TA/TO,0,0,0,0,0,Transient-Party,195.33,0,2,08,2017-08-31,0,3,3.0,0,1,1,3,Guest_4884,Expected
City Hotel,0,186,35,31,0,3,2,0.0,0,BB,Online TA,TA/TO,0,0,0,0,0,Transient,126.0,0,2,08,2017-08-31,0,3,2.0,0,1,1,3,Guest_4885,Expected
City Hotel,0,286,35,30,0,4,2,0.0,0,BB,Online TA,TA/TO,0,0,0,0,0,Transient,112.05,0,3,08,2017-08-30,0,4,2.0,0,1,1,2,Guest_4886,Expected
City Hotel,0,72,35,31,0,3,2,0.0,0,BB,Direct,Direct,0,0,0,0,0,Transient,134.82,0,1,08,2017-08-31,0,3,2.0,0,1,1,3,Guest_4887,Expected
City Hotel,0,63,35,31,0,3,3,0.0,0,BB,Online TA,TA/TO,0,0,0,0,0,Transient-Party,195.33,0,2,08,2017-08-31,0,3,3.0,0,1,1,3,Guest_4888,Expected
City Hotel,0,63,35,31,0,3,3,0.0,0,BB,Online TA,TA/TO,0,0,0,0,0,Transient-Party,195.33,0,2,08,2017-08-31,0,3,3.0,0,1,1,3,Guest_4889,Expected
City Hotel,0,63,35,31,0,3,3,0.0,0,BB,Online TA,TA/TO,0,0,0,0,0,Transient-Party,195.33,0,2,08,2017-08-31,0,3,3.0,0,1,1,3,Guest_4890,Expected
City Hotel,0,111,35,29,1,5,1,0.0,0,BB,Direct,Direct,0,0,0,1,0,Transient,135.0,0,2,08,2017-08-29,0,6,1.0,0,1,1,1,Guest_4891,Expected
City Hotel,0,111,35,29,1,5,2,0.0,0,BB,Direct,Direct,0,0,0,3,0,Transient,135.0,0,1,08,2017-08-29,0,6,2.0,0,1,1,1,Guest_4892,Expected
City Hotel,0,47,35,31,1,3,1,0.0,0,SC,Online TA,TA/TO,0,0,0,0,0,Transient,91.02,0,0,08,2017-08-31,1,4,1.0,0,1,0,3,Guest_4893,Expected
City Hotel,0,135,35,30,1,4,2,0.0,0,BB,Direct,Direct,0,0,0,0,0,Transient,143.1,0,1,08,2017-08-30,0,5,2.0,0,1,1,2,Guest_4894,Expected
City Hotel,0,63,35,31,1,3,2,0.0,0,SC,Online TA,TA/TO,0,0,0,1,0,Transient,133.5,0,1,08,2017-08-31,0,4,2.0,0,1,1,3,Guest_4895,Expected
City Hotel,0,195,35,29,1,5,2,0.0,0,BB,Online TA,TA/TO,0,0,0,0,0,Transient,117.0,0,1,08,2017-08-29,0,6,2.0,0,1,1,1,Guest_4896,Expected
City Hotel,0,100,35,31,1,3,2,0.0,0,BB,Offline TA/TO,TA/TO,0,0,0,0,0,Transient,95.85,0,0,08,2017-08-31,0,4,2.0,0,1,1,3,Guest_4897,Expected
City Hotel,0,198,35,29,1,5,2,0.0,0,BB,Online TA,TA/TO,0,0,0,2,0,Transient,119.17,0,2,08,2017-08-29,0,6,2.0,0,1,1,1,Guest_4898,Expected
City Hotel,0,212,35,28,2,5,2,0.0,0,BB,Online TA,TA/TO,0,0,0,0,0,Transient,92.17,0,1,08,2017-08-28,0,7,2.0,0,1,1,0,Guest_4899,Expected
City Hotel,0,212,35,28,2,5,2,0.0,0,BB,Online TA,TA/TO,0,0,0,0,0,Transient,92.17,0,2,08,2017-08-28,0,7,2.0,0,1,1,0,Guest_4900,Expected
City Hotel,0,54,35,27,3,5,1,0.0,0,BB,Direct,Direct,0,0,0,0,0,Transient,266.75,0,1,08,2017-08-27,0,8,1.0,0,1,1,6,Guest_4901,Expected
City Hotel,0,210,35,28,2,5,2,0.0,0,BB,Online TA,TA/TO,0,0,0,0,0,Transient,85.59,0,1,08,2017-08-28,0,7,2.0,0,1,0,0,Guest_4902,Expected
City Hotel,0,212,35,28,2,5,2,0.0,0,BB,Online TA,TA/TO,0,0,0,0,0,Transient,85.59,0,0,08,2017-08-28,0,7,2.0,0,1,0,0,Guest_4903,Expected
City Hotel,0,261,35,30,1,4,2,0.0,0,BB,Direct,Direct,0,0,0,0,0,Transient,99.0,0,0,08,2017-08-30,0,5,2.0,0,1,1,2,Guest_4904,Expected
City Hotel,0,207,34,25,3,7,2,0.0,0,BB,Direct,Direct,0,0,0,0,0,Transient,96.25,0,2,08,2017-08-25,0,10,2.0,0,1,1,4,Guest_4905,Expected
City Hotel,0,201,35,30,1,4,1,0.0,0,BB,Online TA,TA/TO,0,0,0,0,0,Transient,108.0,0,2,08,2017-08-30,0,5,1.0,0,1,1,2,Guest_4906,Expected
City Hotel,0,175,35,31,1,3,2,0.0,0,BB,Offline TA/TO,TA/TO,0,0,0,1,0,Transient,86.85,0,2,08,2017-08-31,0,4,2.0,0,1,1,3,Guest_4907,Expected
City Hotel,0,175,35,31,1,3,1,0.0,0,BB,Offline TA/TO,TA/TO,0,0,0,0,0,Transient,82.35,0,1,08,2017-08-31,0,4,1.0,0,1,1,3,Guest_4908,Expected
City Hotel,0,175,35,31,1,3,1,0.0,0,BB,Offline TA/TO,TA/TO,0,0,0,0,0,Transient,82.35,0,1,08,2017-08-31,0,4,1.0,0,1,1,3,Guest_4909,Expected
City Hotel,0,201,35,29,1,5,2,0.0,0,BB,Online TA,TA/TO,0,0,0,0,0,Transient,117.0,0,2,08,2017-08-29,0,6,2.0,0,1,1,1,Guest_4910,Expected
City Hotel,0,200,35,30,1,4,2,0.0,0,BB,Offline TA/TO,TA/TO,0,0,0,0,0,Transient,85.5,0,1,08,2017-08-30,0,5,2.0,0,1,1,2,Guest_4911,Expected
City Hotel,0,165,35,29,1,5,3,0.0,0,BB,Online TA,TA/TO,0,0,0,0,0,Transient,209.25,0,3,08,2017-08-29,0,6,3.0,0,1,1,1,Guest_4912,Expected
City Hotel,0,185,35,30,1,4,2,0.0,0,SC,Online TA,TA/TO,0,0,0,0,0,Transient,99.0,0,1,08,2017-08-30,0,5,2.0,0,1,1,2,Guest_4913,Expected
City Hotel,0,247,35,31,1,3,2,0.0,0,BB,Offline TA/TO,TA/TO,0,0,0,0,0,Transient,86.85,0,0,08,2017-08-31,0,4,2.0,0,1,1,3,Guest_4914,Expected
City Hotel,0,109,35,31,1,3,2,0.0,0,BB,Online TA,TA/TO,0,0,0,0,0,Transient,155.0,0,1,08,2017-08-31,0,4,2.0,0,1,1,3,Guest_4915,Expected
City Hotel,0,44,35,31,1,3,2,0.0,0,SC,Online TA,TA/TO,0,0,0,0,0,Transient,140.75,0,1,08,2017-08-31,0,4,2.0,0,1,1,3,Guest_4916,Expected
City Hotel,0,188,35,31,2,3,2,0.0,0,BB,Direct,Direct,0,0,0,0,0,Transient,99.0,0,0,08,2017-08-31,0,5,2.0,0,1,1,3,Guest_4917,Expected
City Hotel,0,135,35,30,2,4,3,0.0,0,BB,Online TA,TA/TO,0,0,0,0,0,Transient,209.0,0,0,08,2017-08-30,0,6,3.0,0,1,1,2,Guest_4918,Expected
City Hotel,0,164,35,31,2,4,2,0.0,0,BB,Offline TA/TO,TA/TO,0,0,0,0,0,Transient,87.6,0,0,08,2017-08-31,0,6,2.0,0,1,1,3,Guest_4919,Expected
City Hotel,0,21,35,30,2,5,2,0.0,0,BB,Offline TA/TO,TA/TO,0,0,0,0,0,Transient,96.14,0,2,08,2017-08-30,0,7,2.0,0,1,1,2,Guest_4920,Expected
City Hotel,0,23,35,30,2,5,2,0.0,0,BB,Offline TA/TO,TA/TO,0,0,0,0,0,Transient,96.14,0,0,08,2017-08-30,0,7,2.0,0,1,1,2,Guest_4921,Expected
City Hotel,0,102,35,31,2,5,3,0.0,0,BB,Online TA,TA/TO,0,0,0,0,0,Transient,225.43,0,2,08,2017-08-31,0,7,3.0,0,1,1,3,Guest_4922,Expected
City Hotel,0,34,35,31,2,5,2,0.0,0,BB,Online TA,TA/TO,0,0,0,0,0,Transient,157.71,0,4,08,2017-08-31,0,7,2.0,0,1,1,3,Guest_4923,Expected
City Hotel,0,109,35,31,2,5,2,0.0,0,BB,Online TA,TA/TO,0,0,0,0,0,Transient,104.4,0,0,08,2017-08-31,0,7,2.0,0,1,1,3,Guest_4924,Expected
City Hotel,0,205,35,29,2,7,2,0.0,0,HB,Online TA,TA/TO,0,0,0,0,0,Transient,151.2,0,2,08,2017-08-29,0,9,2.0,0,1,1,1,Guest_4925,Expected
